Trade Date,F1,F2,F3,F4,F5,F6,F7,F8,F9,F10,F11,F12
2007-03-26,13.38,13.79,13.86,13.95,14.19,14.25,14.54,15.01,15.48,,,
2007-03-27,13.93,13.99,13.98,14.05,14.3,14.28,14.59,15.04,15.58,,,
2007-03-28,14.72,14.59,14.39,14.29,14.42,14.46,14.55,15.09,15.6,,,
2007-03-29,14.6,14.55,14.48,14.29,14.33,14.43,14.4,14.9,15.36,,,
2007-03-30,14.49,14.39,14.5,14.31,14.43,14.33,14.38,14.9,15.43,,,
2007-04-02,14.7,14.77,14.61,14.41,14.42,14.39,14.42,14.9,15.36,,,
2007-04-03,14.0,14.28,14.21,14.09,14.17,14.25,14.32,14.76,15.3,,,
2007-04-04,13.65,14.2,14.38,14.42,14.44,14.38,14.62,14.78,15.21,,,
2007-04-05,13.53,14.0,14.26,14.38,14.4,14.34,14.65,14.85,15.27,,,
2007-04-09,13.3,14.03,14.21,14.24,14.31,14.4,14.57,14.84,15.26,,,
2007-04-10,12.71,13.59,14.11,14.25,14.32,14.43,14.59,14.85,15.27,,,
2007-04-11,13.28,13.99,14.48,14.5,14.66,14.58,14.77,15.07,15.26,,,
2007-04-12,12.87,13.73,14.28,14.33,14.49,14.59,14.68,15.02,15.26,,,
2007-04-13,12.39,13.57,14.02,14.13,14.28,14.41,14.65,14.97,15.23,,,
2007-04-16,11.67,12.97,13.35,13.48,13.98,14.29,14.55,14.94,15.2,,,
2007-04-17,11.87,13.14,13.3,13.45,13.91,14.11,14.49,14.87,15.16,,,
2007-04-18,13.13,13.37,13.54,13.98,14.13,14.48,14.88,15.19,,,,
2007-04-19,13.02,13.53,13.8,14.09,14.25,14.64,14.97,15.23,,,,
2007-04-20,13.03,13.48,13.71,13.98,14.17,14.6,14.9,15.19,,,,
2007-04-23,13.22,13.73,13.91,14.14,14.22,14.37,14.62,14.95,15.2,,,
2007-04-24,13.21,13.73,13.97,14.06,14.27,14.38,14.69,14.95,15.06,,,
2007-04-25,13.1,13.51,13.72,13.89,14.1,14.29,14.57,14.74,14.93,,,
2007-04-26,13.11,13.63,13.9,14.11,14.21,14.31,14.53,14.82,14.99,,,
2007-04-27,13.02,13.54,13.75,14.05,14.15,14.31,14.5,14.73,15.01,,,
2007-04-30,13.41,13.86,14.09,14.1,14.22,14.24,14.56,14.76,15.0,,,
2007-05-01,13.43,13.85,13.99,14.11,14.25,14.33,14.55,14.75,15.06,,,
2007-05-02,13.16,13.72,13.97,14.03,14.16,14.33,14.51,14.77,15.02,,,
2007-05-03,13.08,13.61,14.08,14.38,14.49,14.51,14.58,14.93,14.99,,,
2007-05-04,13.14,13.63,14.03,14.47,14.59,14.62,14.74,15.02,15.12,,,
2007-05-07,13.22,13.72,13.89,14.32,14.57,14.66,14.67,14.95,15.06,,,
2007-05-08,13.33,13.87,14.01,14.44,14.55,14.67,14.68,14.98,15.07,,,
2007-05-09,12.94,13.78,14.09,14.35,14.52,14.67,14.67,14.96,15.16,,,
2007-05-10,13.35,14.2,14.38,14.55,14.65,14.65,14.75,15.06,15.25,,,
2007-05-11,12.77,13.94,14.23,14.46,14.59,14.64,14.81,15.06,15.19,,,
2007-05-14,13.34,14.15,14.46,14.64,14.77,14.75,14.78,15.13,15.26,,,
2007-05-15,13.96,14.2,14.66,14.79,14.79,14.86,14.86,15.18,15.24,,,
2007-05-16,14.06,14.5,14.86,14.97,15.01,15.05,15.31,15.35,,,,
2007-05-17,14.16,14.63,14.97,14.96,15.02,15.13,15.28,15.33,,,,
2007-05-18,13.99,14.45,14.82,14.9,14.97,15.1,15.25,15.37,,,,
2007-05-21,13.78,14.27,14.58,14.77,14.86,14.92,14.9,15.18,15.33,,,
2007-05-22,13.81,14.35,14.68,14.81,14.89,14.89,14.99,15.19,15.34,,,
2007-05-23,13.75,14.34,14.61,14.73,14.78,14.83,14.92,15.19,15.36,,,
2007-05-24,14.2,14.71,14.97,15.03,15.08,15.07,15.05,15.34,15.47,,,
2007-05-25,13.96,14.64,14.79,14.95,15.01,15.06,15.1,15.35,15.5,,,
2007-05-29,13.83,14.43,14.7,14.83,14.93,14.97,15.01,15.28,15.45,,,
2007-05-30,13.56,14.34,14.6,14.78,14.85,14.86,14.92,15.19,15.4,,,
2007-05-31,13.57,14.26,14.62,14.81,14.8,14.86,14.86,15.14,15.31,,,
2007-06-01,13.41,14.29,14.66,14.88,14.96,15.14,15.07,15.26,15.4,,,
2007-06-04,13.57,14.34,14.7,14.97,15.04,15.11,15.17,15.28,15.44,,,
2007-06-05,13.71,14.39,14.84,15.01,15.09,15.16,15.25,15.37,15.48,,,
2007-06-06,14.33,14.76,14.97,15.06,15.18,15.29,15.34,15.45,15.56,,,
2007-06-07,15.82,15.32,15.53,15.55,15.58,15.65,15.67,15.7,15.8,,,
2007-06-08,15.08,15.14,15.46,15.52,15.54,15.66,15.72,15.81,15.87,,,
2007-06-11,14.69,14.87,15.16,15.27,15.34,15.43,15.52,15.68,15.73,,,
2007-06-12,15.5,15.27,15.34,15.46,15.53,15.59,15.61,15.71,15.78,,,
2007-06-13,14.78,14.97,15.17,15.25,15.36,15.43,15.47,15.55,15.62,,,
2007-06-14,13.86,14.65,15.0,15.08,15.1,15.24,15.33,15.5,15.61,,,
2007-06-15,13.64,14.43,14.83,14.91,15.0,15.15,15.23,15.48,15.6,,,
2007-06-18,13.41,14.48,14.86,14.98,15.02,15.19,15.29,15.49,15.63,,,
2007-06-19,12.88,14.18,14.54,14.83,14.91,15.04,15.12,15.35,15.48,,,
2007-06-20,15.03,15.13,15.31,15.35,15.58,15.62,15.67,15.87,,,,
2007-06-21,15.07,15.38,15.5,15.57,15.75,15.75,15.8,15.9,15.81,,,
2007-06-22,15.77,15.81,15.83,15.84,15.94,15.99,16.02,16.04,16.05,,,
2007-06-25,15.99,16.05,16.1,16.07,16.1,16.11,16.14,16.16,16.07,,,
2007-06-26,16.64,16.53,16.54,16.44,16.53,16.51,16.48,16.46,16.38,,,
2007-06-27,15.61,15.7,15.79,15.84,15.86,15.91,16.01,16.12,16.15,,,
2007-06-28,15.55,15.84,15.8,15.8,15.85,15.85,16.01,16.08,16.1,,,
2007-06-29,16.19,16.16,16.38,16.41,16.33,16.34,16.31,16.35,16.37,,,
2007-07-02,15.72,15.9,16.0,16.07,16.1,16.14,16.23,16.24,16.26,,,
2007-07-03,15.44,15.73,15.78,16.02,16.06,16.07,16.2,16.26,16.28,,,
2007-07-05,15.63,16.03,16.03,16.09,16.15,16.19,16.29,16.33,16.37,,,
2007-07-06,15.3,15.73,15.8,15.91,15.98,16.08,16.2,16.28,16.36,,,
2007-07-09,15.41,15.73,15.87,16.03,16.14,16.18,16.38,16.45,16.44,,,
2007-07-10,16.67,16.72,16.7,16.68,16.69,16.71,16.73,16.7,16.71,,,
2007-07-11,16.24,16.65,16.73,16.73,16.71,16.74,16.83,16.85,16.81,,,
2007-07-12,15.47,16.42,16.45,16.58,16.62,16.64,16.79,16.81,16.77,,,
2007-07-13,15.45,16.5,16.66,16.7,16.77,16.85,17.03,17.11,17.17,,,
2007-07-16,15.67,16.7,16.8,16.97,16.99,17.05,17.2,17.24,17.34,,,
2007-07-17,15.57,16.84,16.97,17.09,17.19,17.21,17.4,17.5,17.59,,,
2007-07-18,17.37,17.42,17.45,17.53,17.61,17.76,17.81,17.97,,,,
2007-07-19,17.18,17.36,17.38,17.51,17.59,17.93,17.95,18.07,,,,
2007-07-20,17.72,17.76,17.82,17.88,17.94,18.29,18.43,18.57,,,,
2007-07-23,17.55,17.63,17.67,17.71,17.78,17.92,18.08,18.18,18.43,,,
2007-07-24,18.18,18.14,18.26,18.4,18.7,18.87,18.88,19.01,19.31,,,
2007-07-25,18.07,18.18,18.27,18.41,18.47,18.58,18.67,18.92,19.02,,,
2007-07-26,19.37,19.4,19.37,19.33,19.52,19.81,19.88,20.11,20.19,,,
2007-07-27,20.07,19.71,19.73,19.76,19.71,19.51,19.56,19.73,19.6,,,
2007-07-30,19.44,19.35,19.34,19.31,19.3,19.2,19.36,19.29,19.29,,,
2007-07-31,20.52,20.77,21.1,20.83,20.7,20.94,20.76,20.76,20.6,,,
2007-08-01,21.8,21.45,21.16,20.98,20.75,20.8,21.03,21.01,20.69,,,
2007-08-02,20.81,20.65,20.58,20.62,20.45,20.52,20.33,20.33,20.41,,,
2007-08-03,22.61,22.29,22.0,21.94,21.75,21.57,21.49,21.65,21.45,,,
2007-08-06,22.08,21.84,21.3,21.25,21.27,21.3,21.3,21.28,21.2,,,
2007-08-07,20.71,20.27,20.26,20.28,20.32,20.27,20.39,20.41,20.47,,,
2007-08-08,20.16,20.25,20.13,20.14,20.13,19.93,20.16,20.08,20.1,,,
2007-08-09,23.26,22.95,22.55,22.35,22.26,22.28,22.39,22.27,22.33,,,
2007-08-10,27.18,23.63,23.13,23.11,22.92,23.04,23.01,22.89,22.9,,,
2007-08-13,26.1,23.2,21.71,21.56,21.66,21.63,21.87,21.72,22.03,,,
2007-08-14,26.94,24.3,22.63,22.35,22.18,22.05,22.18,22.25,22.37,,,
2007-08-15,28.81,25.18,22.81,22.65,22.15,22.43,22.31,22.36,22.48,,,
2007-08-16,30.61,27.25,23.5,22.38,22.45,22.91,22.55,22.45,22.43,,,
2007-08-17,30.07,26.47,23.89,22.6,22.64,22.66,22.65,22.66,22.71,,,
2007-08-20,26.34,24.45,22.39,21.94,21.83,21.99,22.0,22.05,22.15,,,
2007-08-21,25.24,23.85,22.2,21.58,21.48,21.63,21.61,21.8,22.04,,,
2007-08-22,22.7,21.73,21.08,21.01,20.92,21.08,21.03,21.09,,,,
2007-08-23,23.1,22.07,21.04,21.01,20.96,21.06,21.13,21.24,21.29,,,
2007-08-24,22.23,21.29,20.55,20.53,20.48,20.59,20.57,20.6,20.65,,,
2007-08-27,23.28,22.29,20.95,20.78,20.8,20.78,20.83,20.85,20.87,,,
2007-08-28,25.21,24.16,22.45,21.78,21.58,21.58,21.53,21.52,21.3,,,
2007-08-29,24.16,23.32,22.04,21.43,21.5,21.51,21.39,21.34,21.45,,,
2007-08-30,24.45,23.41,22.36,21.75,21.63,21.68,21.61,21.64,21.61,,,
2007-08-31,23.7,22.7,21.87,21.49,21.5,21.45,21.49,21.7,21.55,,,
2007-09-04,22.78,21.87,21.34,21.03,20.98,21.03,21.02,21.07,21.08,,,
2007-09-05,24.16,23.06,21.88,21.35,21.29,21.3,21.21,21.78,21.62,,,
2007-09-06,23.98,22.89,21.72,21.25,21.27,21.2,21.23,21.31,21.43,,,
2007-09-07,25.83,24.1,22.51,21.88,21.65,21.75,21.59,21.59,21.64,,,
2007-09-10,26.72,24.67,22.95,22.1,21.86,21.8,21.8,21.81,21.8,,,
2007-09-11,25.01,23.62,22.46,21.63,21.47,21.41,21.5,21.41,21.46,,,
2007-09-12,24.94,23.88,22.7,21.77,21.54,21.53,21.6,21.59,21.55,,,
2007-09-13,24.85,23.76,22.52,21.47,21.36,21.3,21.4,21.36,21.36,,,
2007-09-14,24.8,23.78,22.45,21.49,21.35,21.38,21.44,21.35,21.36,,,
2007-09-17,25.37,24.34,22.84,21.69,21.6,21.58,21.6,21.47,21.47,,,
2007-09-18,20.18,21.39,21.06,20.48,20.59,20.82,20.85,20.67,20.75,,,
2007-09-19,20.57,20.23,20.2,20.1,20.19,20.21,20.14,20.13,,,,
2007-09-20,20.82,20.75,20.38,20.16,20.28,20.24,20.2,20.18,,,,
2007-09-21,19.87,19.98,19.62,19.63,19.65,19.61,19.58,19.62,,,,
2007-09-24,19.71,19.91,19.56,19.55,19.61,19.5,19.56,19.49,19.51,,,
2007-09-25,19.88,20.11,19.58,19.49,19.51,19.5,19.53,19.47,19.54,,,
2007-09-26,19.03,19.56,19.28,19.24,19.28,19.22,19.33,19.3,19.34,,,
2007-09-27,18.72,19.39,19.13,19.16,19.14,19.1,19.17,19.28,19.27,,,
2007-09-28,18.92,19.79,19.58,19.48,19.53,19.33,19.46,19.5,19.54,,,
2007-10-01,18.43,19.34,19.19,19.26,19.35,19.41,19.44,19.46,19.44,,,
2007-10-02,18.92,19.69,19.66,19.62,19.61,19.53,19.54,19.56,19.55,,,
2007-10-03,19.1,19.99,19.82,19.79,19.86,19.84,19.9,19.8,19.78,,,
2007-10-04,19.26,20.15,19.89,19.86,19.93,19.87,19.86,19.88,19.91,,,
2007-10-05,17.93,19.27,18.99,19.09,19.24,19.28,19.38,19.48,19.56,,,
2007-10-08,18.2,19.51,19.17,19.28,19.42,19.46,19.55,19.52,19.54,,,
2007-10-09,17.06,18.64,18.62,18.76,19.03,19.05,19.19,19.23,19.34,,,
2007-10-10,17.31,18.62,18.64,18.92,19.11,19.35,19.45,19.61,19.6,,,
2007-10-11,18.53,19.8,19.71,19.6,19.77,19.81,19.83,19.84,19.95,,,
2007-10-12,17.95,19.45,19.42,19.55,19.76,19.79,19.84,19.88,20.0,,,
2007-10-15,19.17,20.41,20.29,20.43,20.5,20.53,20.55,20.55,20.54,,,
2007-10-16,20.03,21.33,21.02,21.08,21.02,21.15,21.09,21.04,21.14,,,
2007-10-17,21.07,20.95,21.08,21.12,21.15,21.23,21.28,21.31,,,,
2007-10-18,21.09,20.92,21.01,21.01,21.06,21.1,21.16,21.3,,,,
2007-10-19,22.54,22.3,22.11,21.85,21.73,21.74,21.82,21.91,,,,
2007-10-22,22.27,21.74,21.82,21.83,21.71,21.63,21.76,21.73,21.81,,,
2007-10-23,21.56,21.23,21.4,21.4,21.44,21.41,21.49,21.41,21.44,,,
2007-10-24,22.01,21.57,21.66,21.63,21.62,21.55,21.57,21.61,21.6,,,
2007-10-25,21.71,21.68,21.55,21.62,21.65,21.63,21.63,21.64,21.69,,,
2007-10-26,20.73,21.04,21.18,21.25,21.28,21.3,21.23,21.33,21.29,,,
2007-10-29,20.27,20.91,21.09,21.22,21.18,21.23,21.22,21.27,21.28,,,
2007-10-30,20.96,21.64,21.92,21.77,21.74,21.74,21.69,21.75,21.8,,,
2007-10-31,19.06,20.3,20.8,20.89,20.95,20.98,21.01,21.03,21.07,,,
2007-11-01,22.33,22.46,22.48,22.37,22.18,22.09,22.2,21.94,22.05,,,
2007-11-02,22.98,23.07,23.11,23.19,23.22,23.06,22.86,23.11,23.12,,,
2007-11-05,23.94,23.91,23.83,23.8,23.69,23.64,23.61,23.64,23.59,,,
2007-11-06,22.45,22.92,23.2,23.18,23.2,23.18,23.15,23.23,23.32,,,
2007-11-07,25.22,25.23,25.17,25.15,24.96,24.63,24.75,24.73,24.73,,,
2007-11-08,25.24,25.05,25.1,24.97,24.8,24.35,24.32,24.19,24.2,,,
2007-11-09,26.96,26.36,26.09,26.04,25.6,25.0,24.68,24.46,24.45,,,
2007-11-12,27.64,26.64,26.26,26.21,25.69,25.03,24.76,24.51,24.4,,,
2007-11-13,24.65,24.82,24.64,24.6,24.55,24.33,24.21,23.93,23.8,,,
2007-11-14,25.3,25.15,25.03,24.81,24.46,24.2,24.03,23.95,23.93,,,
2007-11-15,27.42,26.7,26.38,26.1,25.39,24.77,24.72,24.3,24.24,,,
2007-11-16,26.04,26.45,26.18,25.98,25.77,25.43,25.05,24.73,24.57,,,
2007-11-19,25.61,26.92,26.71,26.46,26.33,26.1,25.76,25.27,25.03,,,
2007-11-20,25.08,26.18,26.42,26.28,26.0,25.86,25.83,25.47,25.35,,,
2007-11-21,26.81,26.74,26.7,26.25,26.28,26.17,25.95,25.82,,,,
2007-11-23,25.86,25.98,26.06,25.91,25.84,25.73,25.62,25.46,25.24,,,
2007-11-26,27.32,26.97,26.67,26.38,26.07,25.84,25.71,25.58,25.49,,,
2007-11-27,26.65,26.53,26.39,26.07,25.78,25.52,25.32,25.17,24.84,,,
2007-11-28,24.56,24.66,24.71,24.53,24.38,24.22,24.11,23.9,23.5,,,
2007-11-29,24.86,24.77,24.75,24.61,24.5,24.33,24.01,23.95,23.48,,,
2007-11-30,24.19,24.37,24.5,24.36,24.06,23.94,23.82,24.4,23.7,,,
2007-12-03,24.29,24.56,24.55,24.29,24.08,23.91,23.77,23.65,23.59,,,
2007-12-04,24.48,24.83,24.85,24.67,24.75,24.6,24.02,23.91,23.87,,,
2007-12-05,23.06,23.95,24.11,24.01,23.97,23.78,23.66,23.73,23.61,,,
2007-12-06,21.67,22.94,23.08,23.06,23.02,23.0,22.94,22.95,22.87,,,
2007-12-07,21.97,23.27,23.39,23.21,23.21,23.1,23.03,23.0,22.86,,,
2007-12-10,21.28,22.92,23.13,23.03,22.99,22.85,22.67,22.75,22.72,,,
2007-12-11,22.92,23.91,23.99,23.79,23.67,23.52,23.37,23.48,23.48,,,
2007-12-12,22.19,23.76,23.83,23.47,23.37,23.06,22.85,22.81,22.75,,,
2007-12-13,22.04,23.95,24.06,23.91,23.84,23.51,23.29,23.26,23.12,,,
2007-12-14,22.64,24.66,24.68,24.36,24.47,23.75,23.8,23.68,23.7,,,
2007-12-17,23.75,25.45,25.44,25.09,25.03,24.76,24.62,24.38,24.1,,,
2007-12-18,22.55,24.57,24.73,24.33,24.44,24.3,24.02,23.81,23.36,,,
2007-12-19,24.42,24.38,24.29,24.22,24.13,24.06,23.89,23.52,,,,
2007-12-20,24.17,24.1,23.89,23.92,23.85,23.74,23.69,23.17,,,,
2007-12-21,23.1,23.29,23.15,23.25,23.16,23.09,23.14,23.08,,,,
2007-12-24,22.18,22.95,22.95,22.97,22.98,22.98,22.99,23.02,23.07,,,
2007-12-26,22.02,22.79,22.97,22.92,22.92,22.89,22.99,23.11,23.08,,,
2007-12-27,22.72,23.52,23.54,23.45,23.37,23.28,23.29,23.33,23.24,,,
2007-12-28,22.81,23.72,23.74,23.46,23.33,23.29,23.3,23.4,23.37,,,
2007-12-31,23.12,24.19,24.19,23.95,23.84,23.86,23.88,23.77,23.78,,,
2008-01-02,23.86,24.49,24.34,24.32,24.23,23.97,23.9,23.91,23.9,,,
2008-01-03,23.42,24.52,24.31,24.26,24.21,24.04,23.83,23.77,23.92,,,
2008-01-04,24.68,25.3,25.01,24.83,24.65,24.57,24.53,24.42,24.35,,,
2008-01-07,24.12,24.81,24.54,24.45,24.37,24.28,24.13,24.03,23.96,,,
2008-01-08,25.54,25.9,25.52,25.35,25.17,25.07,24.86,24.88,24.47,,,
2008-01-09,24.89,25.78,25.28,24.76,24.66,24.49,24.39,24.4,24.13,,,
2008-01-10,24.07,24.95,24.51,24.36,24.27,24.15,23.88,24.05,23.91,,,
2008-01-11,24.96,26.15,26.05,25.92,25.5,25.5,25.25,25.01,25.0,,,
2008-01-14,23.36,25.1,25.07,25.07,24.89,24.9,24.77,24.52,24.36,,,
2008-01-15,24.04,25.24,25.03,25.1,24.91,24.5,24.71,24.61,24.65,,,
2008-01-16,24.99,25.03,25.1,24.94,24.5,24.42,24.4,24.16,,,,
2008-01-17,26.97,26.62,26.73,26.36,26.25,26.2,25.99,25.87,,,,
2008-01-18,27.24,26.71,26.62,26.19,26.01,25.88,25.61,25.55,,,,
2008-01-22,27.73,26.38,26.45,25.77,25.7,25.71,25.51,25.35,22.7,,,
2008-01-23,26.4,25.3,25.43,24.98,25.0,24.85,24.63,24.25,25.25,,,
2008-01-24,26.43,25.34,25.42,25.2,24.98,25.0,24.71,24.41,25.02,,,
2008-01-25,26.75,25.8,25.74,25.63,25.38,25.2,24.98,24.73,24.97,,,
2008-01-28,26.16,25.37,25.23,25.13,25.02,24.95,24.77,24.65,24.79,,,
2008-01-29,26.25,25.25,25.39,25.11,24.79,24.82,24.67,24.3,24.55,,,
2008-01-30,26.14,25.56,25.55,25.27,25.08,25.09,24.7,23.94,24.37,,,
2008-01-31,25.64,25.31,25.15,24.78,24.52,24.56,24.11,23.72,23.1,,,
2008-02-01,24.95,24.66,24.7,24.24,23.91,22.6,23.97,23.69,23.61,,,
2008-02-04,25.81,25.56,25.17,24.51,24.2,23.96,24.01,23.97,23.88,,,
2008-02-05,27.39,26.92,26.63,25.92,25.33,25.05,25.07,24.36,24.48,,,
2008-02-06,28.19,27.6,27.37,26.53,25.85,25.69,25.35,25.29,25.23,,,
2008-02-07,27.62,27.25,26.7,26.01,25.75,25.46,25.15,25.03,24.7,,,
2008-02-08,28.39,27.63,27.56,26.88,26.25,25.96,25.6,25.41,25.17,,,
2008-02-11,27.88,26.97,26.81,26.22,26.07,25.87,25.3,24.85,24.74,,,
2008-02-12,27.06,26.72,26.5,25.9,25.47,25.6,25.2,24.63,24.82,,,
2008-02-13,26.0,25.81,25.78,25.33,25.18,25.06,24.85,24.52,24.14,,,
2008-02-14,26.28,26.18,26.13,25.75,25.44,25.21,24.98,24.56,24.38,,,
2008-02-15,26.07,25.93,25.91,25.5,25.36,25.17,24.68,24.45,24.41,,,
2008-02-19,25.61,25.7,25.31,24.96,24.78,24.57,24.26,24.18,,,,
2008-02-20,25.45,25.41,25.18,24.88,24.84,24.7,24.46,24.64,24.2,,,
2008-02-21,25.42,25.45,24.93,24.88,24.69,24.7,24.39,24.13,23.88,,,
2008-02-22,24.87,24.83,24.66,24.62,24.77,24.7,24.33,24.14,24.5,,,
2008-02-25,24.17,24.34,24.24,24.15,24.14,24.03,23.95,23.9,23.21,,,
2008-02-26,23.71,24.18,24.15,24.07,24.0,23.83,23.78,23.5,24.0,,,
2008-02-27,23.88,24.45,24.46,24.15,23.93,23.77,23.68,23.54,24.15,,,
2008-02-28,24.58,25.1,24.91,24.75,24.69,24.43,24.27,24.16,24.25,,,
2008-02-29,26.1,26.36,26.31,25.85,25.57,25.42,24.93,24.63,25.64,,,
2008-03-03,26.16,26.25,26.11,25.69,25.64,25.4,25.15,24.24,25.18,,,
2008-03-04,25.72,25.79,25.71,25.5,25.65,25.5,24.64,24.4,24.57,,,
2008-03-05,24.83,25.38,25.1,24.85,24.86,24.76,24.15,23.88,23.91,,,
2008-03-06,26.76,26.99,26.5,26.23,25.85,25.55,25.05,25.3,24.83,,,
2008-03-07,26.91,26.87,26.41,25.94,25.91,25.39,25.2,24.71,25.17,,,
2008-03-10,27.75,27.6,26.99,26.56,26.42,25.9,25.45,25.38,25.33,,,
2008-03-11,26.11,26.09,25.48,25.28,25.21,25.08,24.72,24.0,24.21,,,
2008-03-12,26.68,26.92,26.51,26.01,25.71,25.56,25.31,24.82,24.92,,,
2008-03-13,26.75,27.02,26.44,26.17,26.13,25.68,25.55,24.93,25.35,,,
2008-03-14,29.03,28.52,27.45,27.24,26.96,26.48,26.26,25.96,25.84,,,
2008-03-17,30.57,28.54,27.37,27.1,27.12,26.44,25.85,25.05,25.52,,,
2008-03-18,25.95,26.2,25.33,25.13,25.33,25.13,24.92,24.65,24.78,,,
2008-03-19,27.41,26.53,26.21,26.2,25.68,25.46,25.38,25.38,,,,
2008-03-20,27.0,26.08,25.86,25.8,25.52,25.27,24.98,24.83,,,,
2008-03-24,26.35,25.71,25.41,25.6,25.3,24.71,25.15,24.44,23.25,,,
2008-03-25,26.32,25.87,25.62,25.56,25.2,25.12,24.91,24.38,24.12,,,
2008-03-26,26.95,26.32,26.15,26.14,25.83,25.39,25.24,24.9,24.46,,,
2008-03-27,26.64,26.46,26.22,26.05,25.81,25.35,25.16,24.58,24.51,,,
2008-03-28,26.6,26.59,26.16,26.24,25.76,25.53,25.43,24.65,24.6,,,
2008-03-31,26.01,26.3,25.92,25.78,25.62,25.53,25.32,24.92,24.77,,,
2008-04-01,24.0,24.85,24.59,24.58,24.5,24.55,24.32,23.94,24.09,,,
2008-04-02,24.64,25.03,24.55,24.74,24.47,24.57,23.86,23.72,24.03,,,
2008-04-03,24.27,24.94,24.65,24.54,24.57,24.45,24.2,24.03,24.15,,,
2008-04-04,23.96,24.95,24.72,24.68,24.68,24.0,24.38,23.92,23.88,,,
2008-04-07,23.01,24.26,24.12,24.2,23.96,24.14,23.89,23.74,23.95,,,
2008-04-08,23.02,24.07,23.91,24.01,24.13,24.19,24.1,24.1,24.02,,,
2008-04-09,23.63,24.66,24.48,24.59,24.48,24.71,24.38,24.32,24.27,,,
2008-04-10,22.85,24.33,24.15,24.15,24.05,24.23,24.1,23.85,24.25,,,
2008-04-11,23.91,24.98,25.1,25.14,24.72,25.06,24.73,24.58,24.81,,,
2008-04-14,23.84,24.88,24.83,24.99,24.8,24.74,24.57,24.48,24.41,,,
2008-04-15,22.87,24.41,24.54,24.59,24.54,24.57,24.27,24.14,24.43,,,
2008-04-16,22.96,23.23,23.5,23.46,23.72,23.45,23.2,23.57,,,,
2008-04-17,23.03,23.55,23.61,23.44,23.75,23.58,23.39,23.71,,,,
2008-04-18,22.2,22.84,23.14,23.18,23.36,23.22,23.0,23.55,,,,
2008-04-21,21.92,22.43,22.81,22.92,23.29,24.21,23.07,22.94,1.0,1.0,,
2008-04-22,22.1,22.62,23.15,23.21,23.56,23.51,23.5,23.1,23.7,23.48,,
2008-04-23,21.86,22.41,23.16,23.11,23.63,23.71,23.47,23.38,23.67,23.73,,
2008-04-24,21.23,22.05,22.85,22.87,23.26,23.33,23.28,23.15,23.56,23.63,,
2008-04-25,20.69,21.52,22.33,22.4,22.59,22.53,22.71,22.4,23.22,22.49,,
2008-04-28,20.54,21.33,22.05,22.05,22.6,22.65,22.45,22.21,22.64,23.05,,
2008-04-29,20.81,21.59,22.3,22.38,22.67,22.85,22.78,22.53,22.94,23.55,,
2008-04-30,21.24,22.14,22.49,22.45,22.79,22.72,22.84,22.4,22.67,22.69,,
2008-05-01,19.86,20.95,21.6,21.51,22.01,21.14,21.68,21.63,22.11,22.1,,
2008-05-02,19.66,20.63,21.42,21.47,21.59,21.69,21.35,21.3,21.54,21.8,,
2008-05-05,19.69,20.99,21.69,21.6,21.91,21.89,21.67,21.46,21.74,21.74,,
2008-05-06,18.82,20.26,21.16,21.34,21.67,21.55,21.55,21.44,21.5,21.66,,
2008-05-07,19.7,21.21,22.07,22.08,22.29,22.28,22.24,21.89,22.06,22.86,,
2008-05-08,19.67,21.25,22.18,22.17,22.34,22.34,22.15,21.88,22.49,22.13,,
2008-05-09,19.84,21.45,22.27,22.29,22.51,22.63,22.68,22.27,22.42,22.3,,
2008-05-12,18.94,20.82,21.87,21.87,21.95,22.01,21.96,21.7,21.9,22.01,,
2008-05-13,18.7,20.78,21.88,21.88,22.08,22.08,22.04,21.91,22.18,22.23,,
2008-05-14,18.3,20.32,21.53,21.68,22.09,22.11,21.92,21.74,22.17,22.59,,
2008-05-15,17.43,19.88,21.25,21.37,21.56,21.53,21.37,21.36,21.51,21.71,,
2008-05-16,17.15,20.14,21.5,21.69,21.95,22.02,21.87,21.81,21.88,22.03,,
2008-05-19,16.64,19.76,21.58,21.73,22.0,22.04,21.98,21.94,22.2,22.13,,
2008-05-20,17.37,20.82,22.35,22.68,22.57,22.58,22.69,22.46,22.79,22.72,,
2008-05-21,22.14,23.58,23.84,23.76,23.96,23.76,23.16,23.64,23.86,,,
2008-05-22,21.72,23.56,23.72,23.7,23.6,23.5,23.16,23.19,23.6,24.0,,
2008-05-23,22.23,24.04,24.18,24.22,24.21,23.97,23.48,23.49,23.83,23.69,,
2008-05-27,21.49,23.7,23.83,23.78,23.68,23.53,23.14,23.45,23.83,23.97,,
2008-05-28,21.33,23.25,23.55,23.59,23.55,23.38,23.08,23.44,23.6,23.92,,
2008-05-29,19.97,22.07,22.66,23.11,23.1,22.76,22.62,22.96,23.16,23.03,,
2008-05-30,19.38,21.77,22.63,22.99,22.97,22.76,22.72,23.07,23.01,22.98,,
2008-06-02,20.64,22.8,23.25,23.48,23.62,23.35,22.96,23.4,23.61,23.11,,
2008-06-03,21.07,23.18,23.6,23.84,23.86,23.69,23.51,24.02,23.94,23.68,,
2008-06-04,21.3,23.09,23.44,24.02,23.98,23.84,23.66,24.05,24.1,23.95,,
2008-06-05,19.91,22.13,23.01,23.46,23.37,23.07,22.98,23.4,23.44,23.39,,
2008-06-06,22.98,23.94,24.18,24.66,24.48,24.28,23.93,24.46,24.45,24.16,,
2008-06-09,22.7,23.43,24.03,24.59,24.55,24.21,24.04,24.45,24.58,24.39,,
2008-06-10,22.72,23.47,23.81,24.36,24.42,24.24,23.96,24.46,24.5,24.22,,
2008-06-11,23.75,24.05,24.27,24.74,24.69,24.36,24.15,24.44,24.45,24.61,,
2008-06-12,22.85,23.88,23.97,24.78,24.52,24.33,24.1,24.48,24.48,24.31,,
2008-06-13,21.62,23.0,23.2,23.89,23.78,23.75,23.56,23.92,24.18,24.09,,
2008-06-16,20.86,22.74,22.89,23.44,23.4,23.34,23.36,23.56,23.57,23.6,,
2008-06-17,21.05,22.68,22.86,23.43,23.47,23.38,23.26,23.53,23.64,23.63,,
2008-06-18,23.35,23.37,23.69,23.85,23.55,23.44,23.61,23.75,23.79,,,
2008-06-19,22.93,23.17,23.57,23.45,23.38,23.17,23.36,23.58,23.52,,,
2008-06-20,23.51,23.43,23.7,23.72,23.54,23.43,23.38,23.87,23.72,,,
2008-06-23,23.51,23.49,23.59,23.61,23.47,23.22,23.26,23.53,23.47,23.0,,
2008-06-24,23.63,23.7,23.65,23.54,23.52,23.15,23.43,23.5,23.59,24.3,,
2008-06-25,22.61,22.75,23.03,23.01,22.88,22.47,22.8,23.02,22.99,22.5,,
2008-06-26,24.72,24.25,24.41,24.21,24.06,23.94,24.36,24.26,24.74,24.5,,
2008-06-27,24.55,24.18,24.36,24.18,23.73,23.5,23.97,24.11,23.97,23.96,,
2008-06-30,24.19,23.93,24.11,24.02,23.68,23.41,23.78,23.85,23.58,23.6,,
2008-07-01,24.19,23.8,24.06,23.85,23.57,23.32,23.76,23.64,23.6,23.69,,
2008-07-02,25.53,24.95,24.78,24.55,24.21,23.87,24.35,24.2,24.22,24.47,,
2008-07-03,25.39,24.69,24.6,24.33,23.94,23.44,23.93,24.1,23.99,24.82,,
2008-07-07,25.85,24.78,24.72,24.69,24.16,23.87,24.06,24.15,24.11,25.11,,
2008-07-08,23.96,23.54,23.52,23.44,23.14,22.99,23.42,23.19,23.42,23.49,,
2008-07-09,25.47,24.69,24.56,24.51,24.11,23.88,24.18,24.15,24.06,24.06,,
2008-07-10,25.61,24.86,24.7,24.52,24.1,23.79,24.29,24.25,24.14,24.25,,
2008-07-11,27.15,25.25,24.99,24.78,24.44,24.04,24.42,24.55,24.22,24.27,,
2008-07-14,28.03,25.89,25.49,24.93,24.47,24.23,24.72,24.62,24.47,24.77,,
2008-07-15,28.43,26.12,26.04,25.3,24.84,24.42,24.62,24.26,24.34,24.34,,
2008-07-16,24.72,24.48,23.94,23.57,23.0,23.47,23.5,23.01,23.41,,,
2008-07-17,24.25,23.99,23.7,23.14,22.71,23.2,23.26,22.87,22.92,,,
2008-07-18,24.05,23.8,23.57,23.03,22.58,23.03,23.12,23.03,22.87,,,
2008-07-21,23.4,23.44,23.28,22.77,22.43,22.69,22.95,22.76,22.83,23.87,,
2008-07-22,22.47,22.74,22.74,22.36,21.95,22.31,22.49,22.4,22.42,,,
2008-07-23,22.43,22.78,22.86,22.71,22.07,22.53,22.7,22.39,22.36,,,
2008-07-24,23.55,23.72,23.91,23.66,23.17,23.49,23.45,23.28,23.3,,,
2008-07-25,23.45,23.63,23.77,23.6,22.95,23.26,23.31,23.06,23.11,,,
2008-07-28,24.25,24.24,24.3,24.11,23.54,23.69,23.65,23.51,23.76,,,
2008-07-29,22.68,22.99,23.21,23.17,22.54,22.78,23.06,22.98,22.98,23.03,,
2008-07-30,21.57,22.1,22.46,22.52,21.96,22.34,22.6,22.59,22.61,22.89,,
2008-07-31,22.77,22.94,23.02,23.01,22.62,22.87,22.9,22.75,22.83,22.85,,
2008-08-01,22.95,23.04,23.16,23.09,22.68,22.96,23.13,22.89,22.97,23.25,,
2008-08-04,22.78,23.01,23.16,23.06,22.7,22.89,23.03,22.97,23.1,23.14,,
2008-08-05,21.44,22.12,22.47,22.42,22.0,22.37,22.57,22.35,22.38,22.67,,
2008-08-06,20.7,21.58,22.24,22.38,21.93,22.34,22.41,22.28,22.29,22.45,,
2008-08-07,21.51,22.52,22.94,22.88,22.44,22.58,22.85,22.32,22.41,22.34,,
2008-08-08,20.91,21.87,22.62,22.69,22.31,22.52,22.68,22.18,22.31,22.27,,
2008-08-11,20.29,21.68,22.59,22.65,22.23,22.53,22.83,22.38,22.44,22.25,,
2008-08-12,21.28,22.46,22.91,23.02,22.6,23.04,23.3,22.62,22.62,22.45,,
2008-08-13,21.5,22.93,23.26,23.24,22.85,23.15,22.97,22.9,22.97,22.9,,
2008-08-14,20.8,22.15,22.67,22.68,22.45,22.84,22.95,22.65,22.74,22.64,,
2008-08-15,20.18,21.92,22.66,22.71,22.47,22.72,22.76,22.65,22.67,22.6,,
2008-08-18,20.66,22.21,22.98,23.01,22.65,22.99,23.08,22.88,23.03,22.8,,
2008-08-19,21.0,22.93,23.56,23.53,22.9,23.42,23.64,23.31,23.34,23.25,,
2008-08-20,22.45,23.16,23.17,22.73,23.21,23.32,23.1,23.21,23.1,,,
2008-08-21,22.19,23.25,23.23,22.73,23.15,23.45,23.17,23.18,23.09,,,
2008-08-22,21.59,22.92,23.08,22.74,23.18,23.44,23.29,23.13,22.88,,,
2008-08-25,22.64,23.45,23.64,23.3,23.62,23.84,23.46,23.44,23.36,,,
2008-08-26,22.4,23.24,23.41,23.15,23.53,23.74,23.37,23.37,23.22,,,
2008-08-27,21.8,22.94,23.1,22.88,23.25,23.43,23.16,23.17,22.97,,,
2008-08-28,21.12,22.68,22.91,22.61,23.04,23.23,23.07,23.1,22.98,23.0,,
2008-08-29,21.7,22.99,23.31,22.95,23.5,23.59,23.46,23.39,23.05,23.05,,
2008-09-02,22.08,23.19,23.42,23.16,23.62,23.73,23.56,23.43,23.17,23.22,,
2008-09-03,21.64,23.1,23.42,23.2,23.66,23.83,23.64,23.35,23.3,23.3,,
2008-09-04,23.78,24.31,24.46,24.03,24.47,24.48,24.27,24.3,23.9,24.04,,
2008-09-05,23.08,23.98,24.1,23.56,24.19,24.17,24.1,24.15,23.76,24.06,,
2008-09-08,21.99,23.39,23.63,23.18,23.63,23.68,23.48,23.56,23.16,23.02,,
2008-09-09,24.22,24.71,24.56,24.09,24.55,24.7,24.53,24.42,24.26,24.44,,
2008-09-10,23.59,24.31,24.24,23.79,24.23,24.29,24.28,24.2,24.05,24.26,,
2008-09-11,23.83,24.49,24.22,23.68,24.21,24.38,24.39,24.36,24.08,24.2,,
2008-09-12,24.68,24.57,24.42,23.97,24.37,24.42,24.37,24.34,24.16,24.21,,
2008-09-15,28.84,25.73,25.13,24.73,25.21,25.13,25.1,24.46,24.71,24.82,,
2008-09-16,29.68,25.17,24.96,24.49,24.76,24.64,24.73,24.57,24.31,24.03,,
2008-09-17,26.61,25.93,25.44,25.58,25.32,25.6,25.41,25.1,26.57,,,
2008-09-18,25.31,25.01,24.65,24.78,24.47,24.7,24.34,23.86,24.25,,,
2008-09-19,24.74,24.38,24.2,24.37,24.18,24.41,24.07,23.57,24.12,,,
2008-09-22,26.56,25.41,25.11,25.39,25.01,25.13,24.91,24.65,24.65,25.0,,
2008-09-23,29.02,26.85,25.94,26.1,25.74,26.0,25.67,25.48,25.18,24.95,,
2008-09-24,28.65,26.68,25.61,25.68,25.65,25.78,25.49,25.44,25.39,24.88,,
2008-09-25,27.74,25.99,25.12,25.32,25.4,25.54,25.2,24.98,24.84,24.72,,
2008-09-26,28.64,26.25,25.17,25.43,25.46,25.52,25.27,25.1,25.03,24.93,,
2008-09-29,32.69,29.84,28.03,27.87,27.4,27.45,27.82,26.55,28.12,27.22,,
2008-09-30,30.66,28.22,26.68,26.77,26.6,26.54,26.03,25.75,25.46,26.18,,
2008-10-01,31.87,28.85,27.04,27.0,26.94,26.75,26.23,26.05,26.1,26.36,,
2008-10-02,34.1,30.64,28.24,27.8,27.58,27.39,27.16,27.06,27.12,26.87,,
2008-10-03,35.67,31.2,28.56,28.05,27.84,27.56,27.6,27.39,27.39,27.18,,
2008-10-06,37.37,31.94,29.32,28.66,28.27,28.3,27.86,27.48,27.5,27.6,,
2008-10-07,41.83,34.32,30.43,29.73,28.85,27.96,27.72,27.42,25.75,23.46,,
2008-10-08,45.56,35.39,31.21,30.2,28.96,28.02,27.73,27.6,26.45,26.85,,
2008-10-09,52.3,37.68,33.38,31.6,30.96,28.98,29.06,28.98,28.07,28.81,,
2008-10-10,56.71,38.31,33.79,32.42,31.35,29.3,28.91,28.58,28.11,28.25,,
2008-10-13,50.64,36.07,31.78,30.52,29.83,28.17,27.58,26.98,26.78,27.07,,
2008-10-14,49.05,37.94,32.24,31.38,30.58,28.85,28.03,27.43,27.01,27.09,,
2008-10-15,58.18,42.7,35.55,34.49,33.85,31.13,29.56,28.16,26.82,28.05,,
2008-10-16,63.88,42.78,35.47,34.71,34.32,32.65,31.17,29.26,27.82,28.13,,
2008-10-17,63.25,47.04,37.28,36.08,34.75,33.1,31.65,30.68,28.62,29.61,,
2008-10-20,52.31,45.05,34.8,34.22,33.79,32.12,30.91,29.4,27.85,28.53,,
2008-10-21,52.8,43.8,36.93,34.95,33.82,32.51,31.97,30.37,29.12,29.18,,
2008-10-22,48.33,39.71,37.85,36.03,34.87,33.9,32.83,32.17,32.24,,,
2008-10-23,50.02,40.14,38.11,36.48,35.12,34.59,33.74,32.08,32.69,27.1,,
2008-10-24,55.82,43.56,40.69,39.23,37.75,37.39,35.99,36.25,37.21,26.94,,
2008-10-27,59.29,44.88,41.78,39.98,38.75,38.41,37.51,36.45,36.51,34.55,,
2008-10-28,53.7,42.77,39.2,37.16,35.79,35.47,34.99,34.3,34.41,37.04,,
2008-10-29,56.41,44.16,41.28,38.47,36.74,34.96,35.6,34.29,34.51,32.16,,
2008-10-30,55.37,44.2,41.4,38.84,37.41,35.77,36.5,34.46,34.22,18.14,,
2008-10-31,54.57,44.93,41.97,39.34,37.75,35.95,35.46,35.2,34.7,35.0,,
2008-11-03,51.96,44.71,41.78,39.0,37.2,35.69,34.81,35.09,35.4,35.0,,
2008-11-04,46.43,41.86,39.85,37.84,35.6,34.39,34.44,33.76,33.83,30.04,,
2008-11-05,50.2,43.85,42.21,40.11,37.95,36.59,35.58,35.44,34.73,30.68,,
2008-11-06,57.58,47.8,45.65,42.51,39.81,38.75,35.95,38.28,37.78,35.0,,
2008-11-07,54.65,47.48,45.1,42.02,39.42,38.29,37.81,37.13,36.23,36.0,,
2008-11-10,56.19,48.2,45.48,42.73,39.72,38.26,37.79,37.03,36.28,36.0,,
2008-11-11,58.38,49.38,46.62,43.54,40.51,38.86,38.24,37.53,36.58,37.01,,
2008-11-12,63.71,52.92,47.8,45.13,41.83,39.87,39.12,37.61,36.39,34.82,,
2008-11-13,56.87,50.03,47.32,44.28,40.53,39.15,38.01,37.59,37.22,34.82,,
2008-11-14,62.9,53.51,49.66,46.09,42.35,40.13,39.28,38.82,37.34,34.82,,
2008-11-17,67.95,56.25,51.71,47.43,43.41,41.29,40.15,40.02,38.97,34.82,,
2008-11-18,67.04,57.29,52.59,48.59,44.27,42.18,40.65,39.68,38.72,34.82,,
2008-11-19,62.9,56.87,52.26,47.34,44.74,43.32,41.53,41.15,38.18,,,
2008-11-20,66.23,59.77,54.67,50.58,47.02,44.57,42.64,41.95,38.18,,,
2008-11-21,62.78,56.9,53.11,49.06,45.83,43.12,42.89,42.34,34.81,,,
2008-11-24,58.64,54.15,50.33,46.78,43.82,41.19,41.14,40.64,41.91,36.15,,
2008-11-25,57.18,52.61,49.1,45.43,42.94,40.69,39.59,39.52,36.36,38.23,,
2008-11-26,53.18,50.85,47.23,43.61,41.34,39.5,39.24,39.42,35.61,38.0,,
2008-11-28,53.21,50.6,47.17,43.52,40.98,39.79,39.28,39.6,42.77,40.34,,
2008-12-01,60.45,56.29,51.91,48.13,45.47,43.67,43.76,42.83,38.25,42.36,,
2008-12-02,57.93,55.3,51.78,47.57,45.16,43.14,42.94,42.18,44.94,42.28,,
2008-12-03,57.73,55.21,51.21,47.12,44.95,42.95,42.66,41.49,41.25,40.35,,
2008-12-04,60.49,57.62,53.94,49.35,46.68,44.28,43.37,42.61,44.13,40.89,,
2008-12-05,58.32,56.75,53.58,48.7,46.03,44.06,43.86,42.92,38.75,42.53,,
2008-12-08,55.26,54.67,52.72,48.23,45.38,43.93,44.06,43.74,42.25,42.45,,
2008-12-09,56.4,55.38,53.33,48.82,46.79,45.26,44.84,44.43,43.88,42.9,,
2008-12-10,55.26,54.44,52.76,48.48,46.35,44.44,44.58,44.45,38.75,42.46,,
2008-12-11,55.06,55.32,53.38,49.09,47.07,45.0,45.0,43.88,43.88,42.91,,
2008-12-12,54.58,54.46,52.8,48.58,46.63,44.67,43.95,43.77,43.88,43.7,,
2008-12-15,55.7,54.84,52.63,48.63,46.44,44.49,43.44,43.7,43.88,41.16,,
2008-12-16,52.44,52.25,50.28,46.75,44.8,43.33,42.5,41.91,43.88,37.69,,
2008-12-17,52.07,49.94,46.18,43.91,42.23,40.82,40.48,40.18,38.68,,,
2008-12-18,50.31,48.93,45.61,43.22,41.4,40.26,40.0,40.43,39.38,,,
2008-12-19,47.35,46.53,43.57,41.76,40.52,39.07,39.17,39.14,38.27,,,
2008-12-22,45.51,45.63,42.67,41.43,40.28,39.91,39.45,39.66,36.73,36.15,,
2008-12-23,46.15,46.54,43.39,42.14,40.95,39.74,40.51,39.75,39.38,35.53,,
2008-12-24,45.73,45.96,42.93,41.75,41.2,40.0,39.95,39.12,37.96,36.15,,
2008-12-26,45.15,45.65,42.81,41.61,41.04,40.42,40.02,39.71,37.67,37.62,,
2008-12-29,46.34,46.76,43.49,42.51,41.27,41.03,40.18,39.5,38.53,37.86,,
2008-12-30,44.18,45.08,42.1,40.97,40.25,39.81,39.36,38.45,37.66,37.35,,
2008-12-31,41.94,42.93,40.41,38.55,37.71,38.28,38.29,38.47,37.42,36.08,,
2009-01-02,38.7,39.91,37.69,36.22,36.05,35.9,36.36,36.5,35.35,35.33,,
2009-01-05,39.96,40.16,37.83,36.47,36.06,35.64,35.93,36.02,35.06,35.0,,
2009-01-06,39.53,39.55,37.5,36.74,36.06,36.05,35.72,35.53,34.87,34.63,,
2009-01-07,43.52,42.5,40.09,38.63,37.9,37.45,36.86,36.37,35.57,35.48,,
2009-01-08,42.97,42.72,39.72,38.4,37.1,37.22,37.2,36.49,36.64,36.44,,
2009-01-09,44.55,44.15,40.95,38.66,37.63,37.15,37.09,36.17,36.17,35.19,,
2009-01-12,48.04,47.74,43.41,40.84,39.03,38.56,37.91,37.61,35.89,36.52,,
2009-01-13,46.67,46.81,43.43,40.93,38.95,38.56,38.27,37.79,37.43,35.98,,
2009-01-14,51.79,50.56,45.74,42.88,40.98,39.67,39.38,38.6,38.11,37.24,,
2009-01-15,53.26,49.93,46.36,43.25,40.87,39.74,39.2,38.68,38.42,38.1,,
2009-01-16,49.65,48.53,46.36,43.44,41.2,40.27,39.45,38.99,38.29,36.97,,
2009-01-20,57.9,54.66,51.08,47.54,44.42,42.38,41.33,41.36,40.45,38.45,,
2009-01-21,51.13,47.36,44.4,41.62,39.98,39.47,38.97,39.47,37.95,,,
2009-01-22,50.54,47.37,45.25,42.25,40.42,39.75,39.85,39.2,38.75,35.0,,
2009-01-23,50.16,47.2,45.13,42.31,40.29,39.46,38.95,38.28,37.85,37.67,,
2009-01-26,47.55,45.63,44.33,41.59,39.86,39.01,38.61,37.64,36.57,35.9,,
2009-01-27,45.16,43.51,42.4,40.1,38.46,37.67,37.03,37.08,35.95,35.05,,
2009-01-28,42.31,40.75,40.29,38.36,37.63,37.19,36.64,36.52,36.09,35.59,,
2009-01-29,43.38,40.88,39.96,37.89,37.0,36.6,35.61,35.71,35.45,34.98,,
2009-01-30,44.99,42.18,41.1,38.99,38.17,37.88,37.07,36.92,36.46,35.59,,
2009-02-02,45.35,42.3,41.4,39.55,38.65,38.35,37.7,37.4,36.8,36.05,,
2009-02-03,43.15,40.95,40.3,38.65,38.45,38.05,37.75,37.05,36.55,35.8,,
2009-02-04,43.75,41.1,40.1,38.3,37.95,37.65,37.2,36.75,36.4,35.65,,
2009-02-05,43.25,40.5,39.55,38.05,37.55,37.35,37.1,37.0,36.85,36.0,,
2009-02-06,42.6,40.1,39.15,37.9,37.55,36.85,36.45,36.25,36.15,35.55,,
2009-02-09,42.5,40.5,39.65,38.05,37.65,37.1,36.65,36.55,36.3,35.45,,
2009-02-10,45.6,42.9,41.45,39.15,38.45,37.9,37.3,37.05,36.7,35.8,,
2009-02-11,44.6,42.2,40.65,38.7,38.25,37.75,37.2,36.8,36.5,35.6,,
2009-02-12,42.55,41.6,40.7,38.65,37.85,37.45,36.85,36.95,36.7,35.65,,
2009-02-13,43.6,42.35,41.4,39.25,38.25,37.65,36.85,36.45,36.15,35.4,,
2009-02-17,48.0,44.05,42.3,40.25,39.25,38.65,37.75,37.35,36.8,36.2,,
2009-02-18,44.85,42.65,40.6,39.5,38.65,37.75,37.2,36.75,36.1,,,
2009-02-19,44.55,43.2,41.1,39.95,39.15,37.9,37.8,36.75,35.75,,,
2009-02-20,46.7,44.75,41.95,40.95,40.25,38.7,38.15,37.35,36.3,,,
2009-02-23,49.05,46.9,43.45,41.9,40.9,39.55,38.6,37.8,36.6,,,
2009-02-24,44.5,43.9,41.2,40.15,39.2,38.2,37.9,37.1,36.25,,,
2009-02-25,43.45,43.25,40.95,40.1,39.5,38.3,37.95,37.55,36.45,,,
2009-02-26,44.0,43.75,41.35,40.65,40.05,39.05,38.75,38.2,37.0,,,
2009-02-27,44.45,43.9,41.7,40.95,40.35,39.4,38.8,38.25,37.2,,,
2009-03-02,47.85,46.05,43.15,42.15,41.35,39.9,39.55,38.95,37.75,,,
2009-03-03,48.45,46.35,43.7,42.05,41.55,39.85,39.65,38.6,37.4,,,
2009-03-04,44.75,42.9,40.55,39.8,39.25,38.05,37.65,37.2,36.1,,,
2009-03-05,47.35,44.45,41.75,40.2,39.55,38.55,37.95,37.8,36.9,,,
2009-03-06,46.65,44.15,41.4,40.1,39.6,38.65,38.25,37.95,36.9,,,
2009-03-09,47.05,44.9,41.8,40.35,39.75,38.6,38.1,37.8,36.65,,,
2009-03-10,43.15,41.6,38.95,37.9,37.25,36.35,36.55,36.05,35.15,,,
2009-03-11,42.65,41.6,39.05,37.85,37.25,36.15,35.8,35.55,34.7,,,
2009-03-12,41.1,41.1,38.6,37.45,37.05,35.85,35.5,35.25,34.3,,,
2009-03-13,42.1,41.6,39.15,38.2,37.3,36.25,35.85,35.65,34.75,,,
2009-03-16,43.0,43.1,40.1,38.7,37.8,36.75,36.15,35.75,34.8,,,
2009-03-17,40.05,41.3,39.1,38.2,37.45,36.25,36.05,35.35,34.4,,,
2009-03-18,40.95,39.15,38.45,37.9,36.75,36.15,35.75,34.9,,,,
2009-03-19,43.7,41.55,40.2,39.5,38.15,37.5,36.9,36.1,,,,
2009-03-20,47.05,44.45,42.5,41.55,39.85,39.05,38.1,37.1,,,,
2009-03-23,43.35,41.75,40.55,39.55,38.5,37.7,37.1,36.25,,,,
2009-03-24,44.0,42.25,40.95,40.05,39.0,38.0,37.3,36.35,,,,
2009-03-25,42.75,41.45,40.5,39.9,38.65,37.95,37.25,36.35,,,,
2009-03-26,41.45,40.45,39.8,39.25,38.05,37.55,37.0,36.25,,,,
2009-03-27,42.95,41.6,40.8,40.2,39.3,38.55,37.9,36.65,,,,
2009-03-30,46.35,44.05,42.7,41.8,40.5,39.8,39.1,38.15,,,,
2009-03-31,45.05,43.95,42.75,41.75,40.35,39.55,38.8,37.9,,,,
2009-04-01,43.65,43.25,42.0,41.2,39.95,39.1,38.25,37.25,,,,
2009-04-02,42.95,42.5,41.85,41.25,40.0,39.45,38.3,37.35,,,,
2009-04-03,41.7,41.8,41.25,40.85,39.65,39.15,38.35,37.4,,,,
2009-04-06,41.95,42.15,41.65,41.3,40.05,39.55,38.5,37.8,,,,
2009-04-07,41.65,42.45,42.0,41.55,40.4,39.75,38.95,38.1,,,,
2009-04-08,40.6,41.55,41.15,40.95,40.05,39.7,38.85,38.0,,,,
2009-04-09,38.3,39.9,39.7,39.75,39.15,38.75,37.8,37.35,,,,
2009-04-13,37.05,39.7,39.5,39.65,39.15,38.75,37.9,37.35,,,,
2009-04-14,37.85,39.6,39.6,39.6,39.1,38.85,38.2,37.6,,,,
2009-04-15,38.8,38.8,38.9,38.55,38.5,38.15,37.6,,,,,
2009-04-16,37.35,37.5,37.65,37.5,37.5,37.25,36.8,,,,,
2009-04-17,36.6,36.65,36.85,36.7,36.8,36.55,36.4,,,,,
2009-04-20,39.5,38.95,38.75,38.15,38.05,37.65,37.25,,,,,
2009-04-21,37.9,37.65,37.7,37.3,37.3,37.1,36.75,,,,,
2009-04-22,38.45,38.05,38.05,37.8,37.7,37.4,37.1,,,,,
2009-04-23,37.8,37.4,37.45,37.15,37.15,36.85,36.6,,,,,
2009-04-24,37.8,37.65,37.65,37.4,37.45,37.1,36.75,,,,,
2009-04-27,38.75,38.45,38.4,38.1,38.2,37.8,37.35,,,,,
2009-04-28,38.2,38.15,38.05,37.65,37.8,37.45,37.05,,,,,
2009-04-29,36.45,36.7,36.7,36.55,36.85,36.7,36.35,,,,,
2009-04-30,36.95,37.0,37.0,36.65,36.9,36.7,36.4,,,,,
2009-05-01,36.35,36.55,36.45,36.15,36.25,36.05,35.85,,,,,
2009-05-04,34.8,34.75,34.75,34.6,34.9,34.8,34.55,,,,,
2009-05-05,34.6,34.8,34.95,34.75,35.05,35.05,34.75,,,,,
2009-05-06,33.05,33.8,33.8,33.75,34.05,33.95,33.7,,,,,
2009-05-07,33.7,34.15,34.05,34.0,34.35,34.2,33.9,,,,,
2009-05-08,32.2,32.8,32.75,32.95,33.4,33.35,33.2,,,,,
2009-05-11,32.45,33.0,33.2,33.15,33.4,33.6,33.25,,,,,
2009-05-12,31.95,32.85,33.0,33.05,33.4,33.6,33.3,,,,,
2009-05-13,33.4,33.85,33.95,33.9,34.0,34.05,33.7,,,,,
2009-05-14,31.6,32.5,32.55,32.65,32.85,33.1,32.75,,,,,
2009-05-15,33.15,33.2,33.2,33.2,33.4,33.3,33.0,,,,,
2009-05-18,29.85,30.85,31.0,30.85,31.15,31.15,30.7,,,,,
2009-05-19,28.5,30.4,30.9,30.9,31.2,31.25,30.8,,,,,
2009-05-20,30.5,31.4,31.3,31.55,31.55,31.1,29.2,,,,,
2009-05-21,32.2,32.85,32.35,32.3,32.25,31.85,31.2,,,,,
2009-05-22,32.75,33.05,32.4,32.4,32.25,32.05,31.2,,,,,
2009-05-26,31.15,32.0,31.4,31.55,31.35,30.9,30.15,,,,,
2009-05-27,32.1,32.9,32.1,32.05,31.7,30.85,29.85,,,,,
2009-05-28,31.55,32.4,31.5,31.9,31.9,31.1,30.05,,,,,
2009-05-29,30.35,31.5,31.1,31.55,31.6,30.85,29.9,,,,,
2009-06-01,29.6,30.75,30.4,30.75,30.8,30.4,29.5,,,,,
2009-06-02,29.6,31.0,30.5,30.95,30.8,30.35,29.55,,,,,
2009-06-03,31.15,32.65,31.95,32.1,31.85,31.05,30.1,,,,,
2009-06-04,30.8,32.25,31.75,31.85,31.7,30.8,29.75,,,,,
2009-06-05,30.55,32.2,31.7,31.85,31.7,30.9,29.85,,,,,
2009-06-08,30.25,32.0,31.7,31.75,31.65,30.85,29.95,,,,,
2009-06-09,29.1,30.95,30.95,31.15,31.1,30.4,29.45,,,,,
2009-06-10,29.1,31.2,31.3,31.45,31.5,30.75,29.95,,,,,
2009-06-11,28.1,30.6,30.75,30.9,31.0,30.2,29.25,,,,,
2009-06-12,28.35,29.95,30.1,30.45,30.5,29.9,29.05,,,,,
2009-06-15,30.2,31.35,31.1,31.25,31.3,30.7,29.8,,,,,
2009-06-16,31.85,32.4,31.95,32.05,31.95,31.25,30.25,,,,,
2009-06-17,32.65,32.1,32.0,31.95,31.25,30.2,30.7,,,,,
2009-06-18,32.4,31.85,31.9,31.85,31.15,30.2,30.1,,,,,
2009-06-19,31.35,31.55,31.7,31.75,31.05,30.15,30.25,,,,,
2009-06-22,32.75,32.55,32.6,32.55,31.7,30.8,30.6,,,,,
2009-06-23,32.05,32.15,32.3,32.3,31.6,30.65,30.6,,,,,
2009-06-24,30.6,31.35,31.6,31.5,30.85,30.0,30.05,,,,,
2009-06-25,29.1,30.25,30.85,30.8,30.4,29.65,29.7,,,,,
2009-06-26,28.55,29.85,30.5,30.55,30.3,29.65,29.6,,,,,
2009-06-29,27.45,28.95,29.7,29.95,29.65,29.2,29.15,,,,,
2009-06-30,28.05,29.25,30.0,30.05,29.7,29.15,29.2,,,,,
2009-07-01,27.65,29.2,29.8,29.9,29.45,28.85,28.75,,,,,
2009-07-02,29.3,30.65,31.1,31.0,30.3,29.6,29.55,,,,,
2009-07-06,29.0,30.4,31.05,30.95,30.35,29.7,29.6,,,,,
2009-07-07,30.25,31.45,31.9,31.8,31.05,30.4,30.25,,,,,
2009-07-08,30.8,31.8,32.3,32.0,31.35,30.7,30.55,,,,,
2009-07-09,29.75,31.75,32.25,32.0,31.25,30.65,30.5,,,,,
2009-07-10,29.8,31.95,32.5,32.35,31.4,30.8,30.5,,,,,
2009-07-13,27.55,30.8,31.7,31.75,31.1,30.4,30.35,,,,,
2009-07-14,27.0,30.25,31.2,31.35,30.95,30.25,30.25,,,,,
2009-07-15,26.45,29.25,30.65,30.65,30.2,29.65,29.5,,,,,
2009-07-16,25.9,28.95,30.15,30.35,29.9,29.35,29.3,,,,,
2009-07-17,25.6,29.0,30.25,30.4,30.15,29.55,29.4,,,,,
2009-07-20,24.55,28.4,29.45,29.6,29.35,28.75,28.65,,,,,
2009-07-21,24.05,27.85,29.35,29.45,29.15,28.5,28.5,,,,,
2009-07-22,27.2,29.2,29.3,28.9,28.35,28.3,28.7,,,,,
2009-07-23,26.25,28.45,28.9,28.75,28.1,28.05,28.15,,,,,
2009-07-24,26.0,28.55,29.0,28.65,28.05,28.1,28.1,,,,,
2009-07-27,26.35,28.95,29.3,29.0,28.35,28.5,28.5,,,,,
2009-07-28,27.3,29.85,30.0,29.7,29.0,29.05,29.05,,,,,
2009-07-29,27.65,30.05,30.35,29.8,28.95,29.15,29.25,,,,,
2009-07-30,27.05,29.3,29.9,29.4,28.55,28.75,28.8,,,,,
2009-07-31,27.25,29.7,30.0,29.7,28.9,29.2,29.2,,,,,
2009-08-03,26.45,29.1,29.6,29.3,28.55,28.75,28.9,,,,,
2009-08-04,26.3,28.85,29.5,29.15,28.45,28.7,28.85,,,,,
2009-08-05,26.05,28.85,29.4,29.05,28.4,28.8,28.9,,,,,
2009-08-06,26.6,28.95,29.7,29.35,28.75,28.95,28.95,,,,,
2009-08-07,25.65,28.05,29.05,28.75,28.15,28.35,28.3,,,,,
2009-08-10,25.6,28.1,29.1,28.8,28.2,28.45,28.45,,,,,
2009-08-11,26.2,28.6,29.5,29.2,28.6,28.85,28.8,,,,,
2009-08-12,25.55,28.35,29.35,29.05,28.35,28.6,28.5,,,,,
2009-08-13,25.05,27.8,29.2,28.8,28.25,28.65,28.6,,,,,
2009-08-14,25.2,28.3,29.35,28.7,28.25,28.5,28.5,,,,,
2009-08-17,27.6,29.9,30.95,30.4,29.7,30.0,29.95,,,,,
2009-08-18,26.35,29.25,30.55,30.1,29.4,29.7,29.7,,,,,
2009-08-19,28.35,30.55,30.05,29.35,29.65,29.5,29.8,,,,,
2009-08-20,27.8,30.1,29.75,29.2,29.35,29.35,29.25,,,,,
2009-08-21,27.35,30.0,29.65,29.05,29.15,28.95,28.85,,,,,
2009-08-24,27.4,29.9,29.55,28.9,29.15,29.1,28.85,,,,,
2009-08-25,27.75,30.05,29.8,29.1,29.35,29.35,29.0,,,,,
2009-08-26,28.3,30.4,30.05,29.3,29.6,29.65,29.2,,,,,
2009-08-27,27.8,30.25,29.95,29.2,29.45,29.55,29.2,,,,,
2009-08-28,28.1,30.5,30.1,29.3,29.5,29.6,29.25,,,,,
2009-08-31,28.5,30.95,30.25,29.55,29.9,29.9,29.55,,,,,
2009-09-01,30.05,32.25,31.2,30.3,30.55,30.6,30.15,,,,,
2009-09-02,30.5,32.65,31.7,30.7,30.9,30.9,30.4,,,,,
2009-09-03,28.95,31.25,30.5,29.75,30.0,30.0,29.65,,,,,
2009-09-04,27.6,30.45,29.9,29.15,29.55,29.6,29.3,,,,,
2009-09-08,26.7,29.45,29.25,28.75,29.3,29.35,29.05,,,,,
2009-09-09,25.95,28.6,28.8,28.35,29.0,29.1,28.9,,,,,
2009-09-10,24.45,27.35,28.05,27.75,28.4,28.65,28.65,,,,,
2009-09-11,24.75,27.7,28.35,27.95,28.7,28.95,28.85,,,,,
2009-09-14,23.85,27.05,27.9,27.8,28.4,28.75,28.75,28.75,,,,
2009-09-15,23.5,27.15,27.9,27.8,28.4,28.7,28.5,28.35,,,,
2009-09-16,25.95,27.65,27.35,28.05,28.45,28.15,28.4,,,,,
2009-09-17,26.1,27.75,27.5,28.3,28.45,28.2,28.25,,,,,
2009-09-18,26.75,28.35,27.95,28.55,28.65,28.45,28.45,,,,,
2009-09-21,26.7,28.4,28.05,28.65,28.7,28.6,28.7,28.7,,,,
2009-09-22,26.1,28.05,27.8,28.55,28.75,28.6,28.9,28.5,,,,
2009-09-23,26.35,28.15,27.85,28.3,28.6,28.45,28.65,28.6,,,,
2009-09-24,26.9,28.5,28.35,28.8,29.15,29.1,29.35,28.65,,,,
2009-09-25,27.0,28.55,28.35,28.85,29.25,29.2,29.5,29.4,,,,
2009-09-28,25.85,27.95,27.8,28.45,28.7,28.65,28.95,28.7,,,,
2009-09-29,25.9,27.85,27.85,28.5,28.85,28.7,28.95,28.45,,,,
2009-09-30,26.3,27.95,28.1,28.65,29.0,28.8,29.05,28.95,,,,
2009-10-01,27.8,28.75,28.85,29.35,29.7,29.5,29.7,29.6,,,,
2009-10-02,27.85,28.8,29.0,29.35,29.7,29.35,29.55,29.2,,,,
2009-10-05,26.8,27.95,28.35,28.8,29.15,28.95,29.25,28.8,,,,
2009-10-06,26.0,27.45,27.75,28.25,28.55,28.45,28.75,28.4,,,,
2009-10-07,25.4,27.35,27.65,28.05,28.45,28.35,28.8,28.55,,,,
2009-10-08,25.05,27.05,27.3,27.8,28.2,28.1,28.35,28.4,,,,
2009-10-09,24.55,26.5,27.05,27.55,27.9,27.85,28.15,28.1,,,,
2009-10-12,24.05,25.75,26.55,27.15,27.65,27.55,27.85,27.65,,,,
2009-10-13,23.55,25.6,26.4,27.1,27.5,27.55,27.85,27.8,,,,
2009-10-14,23.25,25.4,26.2,27.1,27.45,27.55,27.9,27.55,,,,
2009-10-15,22.35,24.9,25.75,26.55,27.1,27.05,27.55,27.2,,,,
2009-10-16,22.35,25.3,26.05,26.8,27.35,27.35,27.65,27.35,,,,
2009-10-19,21.4,24.65,25.55,26.4,27.05,27.05,27.45,27.25,,,,
2009-10-20,21.1,24.55,25.55,26.4,27.0,26.95,27.3,27.25,,,,
2009-10-21,24.55,25.65,26.35,27.05,26.95,27.2,27.05,,,,,
2009-10-22,23.65,25.1,25.95,26.6,26.6,26.7,26.55,27.0,,,,
2009-10-23,24.05,25.45,26.15,26.9,26.9,27.1,26.85,27.05,,,,
2009-10-26,24.55,25.95,26.7,27.3,27.3,27.55,27.25,27.3,,,,
2009-10-27,24.65,25.85,26.6,27.2,27.25,27.55,27.35,27.3,,,,
2009-10-28,26.65,26.9,27.6,27.95,27.9,27.95,27.75,27.8,,,,
2009-10-29,25.05,25.8,26.6,27.15,27.15,27.35,27.1,27.1,,,,
2009-10-30,27.85,27.7,27.95,28.25,28.25,28.4,28.15,28.2,,,,
2009-11-02,28.0,28.1,28.2,28.4,28.25,28.25,27.95,28.0,,,,
2009-11-03,28.1,28.3,28.45,28.65,28.55,28.45,28.1,28.15,,,,
2009-11-04,27.6,28.05,28.05,28.25,28.1,28.15,27.8,27.95,,,,
2009-11-05,25.9,27.25,27.6,27.95,27.65,27.8,27.5,27.55,,,,
2009-11-06,25.1,26.4,27.0,27.65,27.5,27.65,27.45,27.4,,,,
2009-11-09,23.5,24.9,26.15,26.95,27.0,27.1,26.95,26.95,,,,
2009-11-10,23.5,25.1,26.5,27.2,27.15,27.4,27.15,27.05,,,,
2009-11-11,23.65,25.15,26.8,27.5,27.45,27.75,27.45,27.4,,,,
2009-11-12,24.8,26.25,27.7,28.0,27.95,28.2,27.9,27.9,,,,
2009-11-13,24.25,25.85,27.45,27.8,27.75,28.1,27.85,27.8,,,,
2009-11-16,23.4,25.45,27.0,27.6,27.55,27.9,27.6,27.65,,,,
2009-11-17,22.55,25.35,27.05,27.7,27.7,27.95,27.75,27.7,,,,
2009-11-18,24.4,26.85,27.65,27.7,27.95,27.85,27.7,,,,,
2009-11-19,24.7,27.25,28.0,28.05,28.25,28.0,28.0,,,,,
2009-11-20,24.2,27.0,27.8,27.95,28.25,28.05,27.95,,,,,
2009-11-23,22.85,26.4,27.2,27.5,27.8,27.7,27.65,27.85,,,,
2009-11-24,22.7,26.05,27.15,27.45,27.7,27.6,27.6,27.75,,,,
2009-11-25,22.35,25.8,27.0,27.35,27.65,27.5,27.45,27.55,,,,
2009-11-27,24.05,27.15,28.2,28.35,28.65,28.35,28.15,28.2,,,,
2009-11-30,24.1,27.15,28.15,28.35,28.7,28.5,28.25,28.2,,,,
2009-12-01,23.05,26.3,27.6,27.75,28.05,27.95,27.7,27.75,,,,
2009-12-02,22.65,26.2,27.7,27.85,28.2,28.0,27.8,27.8,,,,
2009-12-03,23.25,26.65,27.7,27.85,28.15,27.95,27.9,28.1,,,,
2009-12-04,22.6,26.15,27.7,27.8,28.1,27.9,27.9,28.15,,,,
2009-12-07,22.5,26.05,27.65,27.8,28.05,27.9,27.85,28.05,,,,
2009-12-08,23.5,26.55,28.15,28.35,28.55,28.5,28.45,28.5,,,,
2009-12-09,23.05,26.45,28.0,28.3,28.5,28.45,28.35,28.5,,,,
2009-12-10,22.5,26.1,27.9,28.25,28.5,28.35,28.25,28.45,,,,
2009-12-11,22.1,26.0,27.6,28.05,28.4,28.25,28.2,28.4,,,,
2009-12-14,21.1,25.55,27.5,28.0,28.25,28.15,28.15,28.3,,,,
2009-12-15,21.35,25.25,27.0,27.65,27.9,27.85,27.95,28.1,,,,
2009-12-16,24.1,26.5,27.2,27.5,27.55,27.7,27.9,,,,,
2009-12-17,24.45,26.75,27.35,27.8,27.85,27.9,28.05,,,,,
2009-12-18,24.1,26.4,27.0,27.4,27.5,27.55,27.7,,,,,
2009-12-21,23.25,25.65,26.2,26.6,26.65,26.75,26.95,27.15,,,,
2009-12-22,22.65,25.1,25.6,26.1,26.2,26.25,26.6,26.7,,,,
2009-12-23,22.45,24.9,25.45,26.0,26.0,26.1,26.3,26.5,,,,
2009-12-24,22.1,24.75,25.25,25.8,25.85,25.95,25.95,26.0,,,,
2009-12-28,21.85,24.65,25.15,25.65,25.75,25.8,25.85,25.75,,,,
2009-12-29,22.0,24.75,25.2,25.6,25.6,25.7,25.7,25.75,,,,
2009-12-30,22.4,25.05,25.6,25.9,25.9,25.9,25.95,25.9,,,,
2009-12-31,22.95,25.8,26.0,26.3,26.35,26.3,26.4,26.35,,,,
2010-01-04,22.1,24.85,25.25,25.75,25.75,25.75,25.85,25.95,,,,
2010-01-05,21.55,24.45,24.85,25.45,25.5,25.5,25.55,25.7,,,,
2010-01-06,20.8,23.55,24.2,24.95,25.05,25.05,25.1,25.3,,,,
2010-01-07,20.45,23.15,23.85,24.75,24.85,24.85,24.9,25.1,,,,
2010-01-08,19.9,22.55,23.4,24.4,24.65,24.6,24.75,24.9,,,,
2010-01-11,19.5,22.25,23.25,24.15,24.3,24.4,24.5,24.65,,,,
2010-01-12,20.25,22.8,23.65,24.25,24.45,24.45,24.6,24.75,,,,
2010-01-13,19.4,22.5,23.45,24.15,24.4,24.4,24.55,24.55,,,,
2010-01-14,18.95,22.0,23.0,23.65,23.95,24.0,24.15,24.25,,,,
2010-01-15,19.65,22.55,23.55,24.05,24.3,24.35,24.45,24.45,,,,
2010-01-19,17.85,21.55,22.75,23.55,23.8,23.8,23.9,24.1,,,,
2010-01-20,21.4,22.85,23.6,23.8,23.9,23.85,24.05,,,,,
2010-01-21,22.65,24.1,24.55,24.5,24.45,24.55,24.55,,,,,
2010-01-22,24.75,25.15,25.35,25.4,25.35,25.5,25.35,,,,,
2010-01-25,24.35,24.95,25.05,25.05,25.1,25.15,25.15,25.15,,,,
2010-01-26,24.55,25.3,25.45,25.4,25.3,25.25,25.25,25.3,,,,
2010-01-27,23.75,24.7,25.05,25.1,25.1,25.1,25.0,25.2,,,,
2010-01-28,24.0,24.9,25.15,25.15,25.15,25.15,25.05,25.2,,,,
2010-01-29,24.65,25.35,25.5,25.5,25.45,25.45,25.3,25.4,,,,
2010-02-01,23.05,24.25,24.95,25.05,25.0,25.05,24.95,25.15,,,,
2010-02-02,22.1,23.45,24.4,24.65,24.75,24.9,24.85,25.05,,,,
2010-02-03,22.15,23.55,24.45,24.8,24.85,24.95,24.9,25.1,,,,
2010-02-04,25.6,25.65,26.0,26.05,25.95,25.9,25.85,25.95,,,,
2010-02-05,26.1,25.85,26.15,26.2,26.15,26.2,26.0,26.1,,,,
2010-02-08,26.4,26.2,26.3,26.2,26.3,26.35,26.25,26.35,,,,
2010-02-09,25.55,25.65,26.05,26.05,26.15,26.15,26.05,26.15,,,,
2010-02-10,25.5,25.55,26.0,26.15,26.1,26.2,26.05,26.2,,,,
2010-02-11,24.45,24.95,25.65,25.8,25.85,25.95,25.85,26.05,,,,
2010-02-12,24.45,24.9,25.85,26.0,25.95,26.05,25.95,26.1,,,,
2010-02-16,22.6,23.6,24.8,25.15,25.2,25.45,25.35,25.5,,,,
2010-02-17,22.75,24.7,24.85,24.95,25.2,25.05,25.2,,,,,
2010-02-18,21.8,24.1,24.5,24.7,24.9,24.9,25.05,,,,,
2010-02-19,21.35,23.7,24.1,24.35,24.5,24.55,24.6,,,,,
2010-02-22,20.95,23.25,23.75,24.0,24.25,24.25,24.4,23.95,,,,
2010-02-23,21.65,23.9,24.25,24.3,24.45,24.35,24.5,24.55,,,,
2010-02-24,21.1,23.65,23.9,24.05,24.25,24.25,24.35,24.45,,,,
2010-02-25,20.95,23.75,23.95,24.1,24.3,24.2,24.45,24.45,,,,
2010-02-26,20.4,23.5,23.8,23.95,24.2,24.2,24.3,24.35,,,,
2010-03-01,20.0,23.05,23.65,23.85,24.05,24.1,24.25,24.2,,,,
2010-03-02,19.8,22.8,23.45,23.75,23.9,24.05,24.1,24.15,,,,
2010-03-03,19.6,22.6,23.25,23.45,23.7,23.8,23.9,24.0,,,,
2010-03-04,19.6,22.5,23.25,23.6,23.7,23.8,23.9,24.05,,,,
2010-03-05,18.55,21.6,22.6,23.05,23.25,23.5,23.65,23.7,,,,
2010-03-08,18.35,21.25,22.45,22.95,23.25,23.45,23.5,23.6,,,,
2010-03-09,18.5,21.25,22.45,23.0,23.2,23.4,23.45,23.6,,,,
2010-03-10,18.6,21.4,22.65,23.3,23.45,23.65,24.1,23.75,,,,
2010-03-11,18.6,21.6,22.8,23.4,23.65,23.85,24.0,24.0,,,,
2010-03-12,18.35,21.45,22.7,23.25,23.55,23.65,23.75,23.85,,,,
2010-03-15,18.1,21.5,22.85,23.35,23.65,23.8,23.95,24.0,,,,
2010-03-16,17.45,20.9,22.3,23.0,23.3,23.55,23.65,23.85,,,,
2010-03-17,20.1,21.75,22.65,23.05,23.4,23.5,23.6,,,,,
2010-03-18,19.8,21.45,22.45,23.0,23.25,23.35,23.5,,,,,
2010-03-19,20.2,21.7,22.7,23.25,23.45,23.6,23.7,,,,,
2010-03-22,19.9,21.65,22.55,23.15,23.35,23.5,23.65,23.85,,,,
2010-03-23,19.45,21.35,22.35,23.0,23.2,23.4,23.5,23.65,,,,
2010-03-24,19.9,21.65,22.6,23.25,23.4,23.65,23.8,23.85,,,,
2010-03-25,20.1,21.95,22.9,23.4,23.6,23.7,23.8,23.8,,,,
2010-03-26,19.9,21.7,22.7,23.35,23.5,23.7,23.75,23.9,,,,
2010-03-29,19.5,21.25,22.35,23.1,23.35,23.55,23.7,23.75,,,,
2010-03-30,19.1,21.0,22.15,23.05,23.3,23.55,23.7,23.75,,,,
2010-03-31,18.95,21.0,22.2,23.0,23.3,23.6,23.75,23.8,,,,
2010-04-01,18.8,21.05,22.25,23.05,23.35,23.65,23.8,23.85,,,,
2010-04-05,18.0,20.35,21.6,22.5,22.75,23.25,23.4,23.5,,,,
2010-04-06,17.45,19.85,21.2,22.2,22.6,23.0,23.25,23.35,,,,
2010-04-07,17.9,20.1,21.4,22.4,22.8,23.2,23.45,23.55,,,,
2010-04-08,17.45,19.85,21.2,22.3,22.75,23.2,23.45,23.55,,,,
2010-04-09,17.2,19.65,21.15,22.2,22.65,23.2,23.5,23.55,,,,
2010-04-12,17.1,19.65,21.2,22.2,22.6,23.1,23.45,23.5,,,,
2010-04-13,17.15,19.75,21.25,22.25,22.65,23.25,23.5,23.55,,,,
2010-04-14,16.7,19.3,20.95,22.05,22.45,23.1,23.4,23.5,,,,
2010-04-15,16.7,19.3,20.95,22.0,22.5,23.15,23.4,23.55,,,,
2010-04-16,18.2,19.95,21.45,22.55,23.0,23.6,23.85,24.0,,,,
2010-04-19,17.4,19.5,21.0,22.4,22.9,23.5,23.85,23.95,,,,
2010-04-20,16.0,18.6,20.45,21.9,22.65,23.4,23.65,23.75,,,,
2010-04-21,18.7,20.75,22.15,22.95,23.7,23.95,24.05,,,,,
2010-04-22,18.65,20.75,22.25,23.1,23.9,24.2,24.25,,,,,
2010-04-23,18.5,20.75,22.25,23.05,23.85,24.15,24.25,,,,,
2010-04-26,18.75,20.95,22.45,23.25,23.9,24.15,24.25,24.35,,,,
2010-04-27,21.05,22.4,23.65,24.35,25.05,25.2,25.3,25.25,,,,
2010-04-28,20.8,22.2,23.5,24.2,24.9,25.15,25.2,25.3,,,,
2010-04-29,19.65,21.65,23.05,23.85,24.65,24.95,25.0,25.15,,,,
2010-04-30,21.6,23.0,24.1,24.8,25.45,25.7,25.8,25.9,,,,
2010-05-03,20.55,22.6,23.9,24.6,25.25,25.5,25.55,25.65,,,,
2010-05-04,23.0,24.45,25.6,26.1,26.55,26.65,26.8,26.85,,,,
2010-05-05,24.15,25.45,26.4,26.85,27.4,27.6,27.65,27.65,,,,
2010-05-06,29.2,29.1,29.3,29.3,29.95,29.65,29.7,29.65,,,,
2010-05-07,32.95,30.95,30.9,30.75,31.1,31.0,30.85,30.8,,,,
2010-05-10,27.45,27.05,27.85,27.9,28.4,28.55,28.4,28.5,,,,
2010-05-11,27.1,27.05,27.6,27.8,28.45,28.6,28.6,28.6,,,,
2010-05-12,25.05,25.8,26.4,26.7,27.5,27.7,27.8,27.75,,,,
2010-05-13,25.85,26.4,26.75,26.8,27.6,27.75,27.75,27.7,,,,
2010-05-14,30.1,28.75,28.75,28.4,29.15,29.2,29.1,29.0,,,,
2010-05-17,30.3,29.0,29.2,28.9,29.6,29.7,29.65,29.5,,,,
2010-05-18,32.7,30.95,30.9,30.45,30.9,30.55,30.35,30.2,,,,
2010-05-19,31.65,32.05,31.15,31.75,31.45,31.15,30.9,,,,,
2010-05-20,35.95,35.7,34.0,34.3,33.8,33.3,32.9,,,,,
2010-05-21,35.75,35.7,34.1,34.35,33.8,33.4,32.9,,,,,
2010-05-24,35.1,35.1,33.65,34.05,33.7,33.35,32.95,33.15,,,,
2010-05-25,33.75,34.1,32.7,33.35,33.3,33.0,32.75,32.85,,,,
2010-05-26,32.8,33.3,32.15,33.05,33.0,32.8,32.45,32.4,,,,
2010-05-27,29.65,30.95,30.35,31.35,31.4,31.35,31.3,31.45,,,,
2010-05-28,30.4,31.3,30.55,31.6,31.6,31.5,31.45,31.55,,,,
2010-06-01,32.55,32.65,31.8,32.5,32.15,32.0,31.9,31.85,,,,
2010-06-02,29.85,31.0,30.6,31.5,31.5,31.45,31.25,31.35,,,,
2010-06-03,29.6,30.7,30.35,31.3,31.2,31.15,30.75,31.1,,,,
2010-06-04,33.55,32.8,32.25,32.85,32.55,32.4,31.7,32.05,,,,
2010-06-07,35.45,34.1,33.15,33.45,33.05,32.75,31.95,32.4,,,,
2010-06-08,33.45,32.95,32.2,32.8,32.75,32.55,31.6,32.2,,,,
2010-06-09,33.4,33.35,32.65,33.0,33.05,32.7,31.75,32.35,,,,
2010-06-10,30.65,31.55,31.3,32.0,32.1,32.1,31.1,31.8,,,,
2010-06-11,29.3,30.9,30.8,31.7,31.8,31.8,30.9,31.6,,,,
2010-06-14,28.55,30.3,30.55,31.4,31.6,31.45,30.4,30.8,,,,
2010-06-15,25.85,28.55,29.2,30.25,30.45,30.35,29.5,30.0,,,,
2010-06-16,27.8,28.95,30.0,30.2,30.2,29.45,29.85,,,,,
2010-06-17,27.3,28.6,29.7,29.95,29.9,29.25,29.55,,,,,
2010-06-18,26.85,28.0,29.3,29.55,29.5,28.85,29.1,,,,,
2010-06-21,27.1,28.15,29.5,29.65,29.6,28.9,29.25,29.25,,,,
2010-06-22,28.4,29.0,30.3,30.4,30.3,29.55,29.8,29.85,,,,
2010-06-23,28.75,29.55,30.7,30.85,30.7,30.15,30.25,30.05,,,,
2010-06-24,30.65,30.8,31.85,31.9,31.45,30.7,31.0,30.85,,,,
2010-06-25,29.75,30.35,31.75,31.95,31.5,30.75,31.15,30.95,,,,
2010-06-28,30.15,31.05,32.45,32.5,32.0,31.35,31.8,31.6,,,,
2010-06-29,33.5,33.45,34.75,34.75,34.25,33.5,34.2,33.8,,,,
2010-06-30,33.9,34.15,35.15,35.3,34.8,33.9,34.6,34.35,,,,
2010-07-01,33.35,34.15,35.3,35.35,34.95,34.1,34.9,34.85,,,,
2010-07-02,32.05,33.4,34.95,35.15,34.85,34.0,34.85,34.8,,,,
2010-07-06,29.8,31.9,34.05,34.55,34.4,33.5,34.5,34.45,,,,
2010-07-07,27.6,30.05,32.35,33.1,32.85,32.05,32.95,33.0,,,,
2010-07-08,27.05,29.5,31.8,32.6,32.35,31.55,32.6,32.6,,,,
2010-07-09,26.55,29.05,31.2,32.15,32.15,31.3,32.35,32.2,,,,
2010-07-12,25.85,28.35,30.9,31.95,31.9,31.0,32.2,32.05,,,,
2010-07-13,25.8,28.15,30.45,31.45,31.45,30.55,31.8,31.75,,,,
2010-07-14,26.75,28.95,31.1,32.1,32.0,31.2,32.3,32.2,,,,
2010-07-15,26.5,29.3,31.45,32.4,32.45,31.7,32.8,32.65,,,,
2010-07-16,28.1,30.6,32.8,33.75,33.7,33.05,34.2,33.9,,,,
2010-07-19,26.8,30.3,32.5,33.5,33.45,32.9,34.15,33.8,,,,
2010-07-20,24.4,28.5,31.2,32.4,32.45,32.0,33.35,33.2,,,,
2010-07-21,28.85,31.45,32.55,32.55,32.1,33.55,33.5,,,,,
2010-07-22,27.3,30.2,31.4,31.45,31.3,32.7,32.75,,,,,
2010-07-23,26.6,29.6,31.0,31.2,31.05,32.45,32.5,,,,,
2010-07-26,25.55,28.75,30.2,30.3,29.95,31.45,31.4,32.4,,,,
2010-07-27,25.45,28.45,29.9,30.2,29.75,31.2,31.25,31.55,,,,
2010-07-28,25.75,28.8,29.8,29.9,29.5,30.95,31.0,31.4,,,,
2010-07-29,25.75,28.75,29.9,30.05,29.5,30.95,31.05,31.5,,,,
2010-07-30,25.45,28.6,29.75,29.8,29.35,30.8,30.9,31.45,,,,
2010-08-02,23.85,27.15,28.45,28.8,28.4,29.9,30.05,30.55,,,,
2010-08-03,24.1,27.5,28.75,29.0,28.65,30.15,30.3,30.7,,,,
2010-08-04,23.75,27.35,28.75,28.95,28.55,30.1,30.15,30.65,,,,
2010-08-05,23.8,27.65,29.1,29.2,28.75,30.25,30.4,30.8,,,,
2010-08-06,23.7,27.75,29.2,29.35,28.85,30.35,30.55,31.05,,,,
2010-08-09,23.1,27.4,29.0,29.1,28.65,30.2,30.45,30.95,,,,
2010-08-10,23.25,27.55,29.3,29.45,29.05,30.4,30.55,31.1,,,,
2010-08-11,25.7,29.6,30.85,30.85,30.45,31.75,31.8,32.15,,,,
2010-08-12,26.15,30.05,31.25,31.15,30.7,31.95,31.9,32.25,,,,
2010-08-13,26.75,30.7,31.9,31.8,31.25,32.45,32.25,32.55,,,,
2010-08-16,26.0,30.35,31.6,31.55,31.05,32.15,32.05,32.3,,,,
2010-08-17,24.35,29.45,30.95,31.1,30.8,32.05,31.9,32.0,,,,
2010-08-18,29.0,31.1,31.35,31.1,32.25,32.05,32.15,,,,,
2010-08-19,29.9,32.15,32.2,31.7,32.95,32.65,32.85,,,,,
2010-08-20,29.6,32.25,32.25,31.75,32.75,32.55,32.8,,,,,
2010-08-23,29.0,32.15,32.15,31.95,33.05,32.95,33.15,32.95,,,,
2010-08-24,29.8,32.85,32.95,32.6,33.75,33.7,33.95,33.7,,,,
2010-08-25,29.15,32.3,32.35,32.05,33.05,33.05,33.3,33.25,,,,
2010-08-26,29.55,32.5,32.75,32.4,33.55,33.4,33.6,33.55,,,,
2010-08-27,27.55,30.9,31.3,31.05,32.45,32.4,32.65,32.6,,,,
2010-08-30,28.45,31.75,32.15,31.75,33.2,33.15,33.25,33.1,,,,
2010-08-31,27.9,31.25,32.05,31.7,33.2,33.2,33.45,33.3,,,,
2010-09-01,25.8,29.75,30.75,30.65,32.5,32.55,32.9,32.8,,,,
2010-09-02,25.0,29.15,30.05,30.25,32.3,32.4,32.7,32.5,,,,
2010-09-03,23.6,27.85,29.05,29.4,31.7,31.85,32.15,32.05,,,,
2010-09-07,24.45,28.6,29.6,29.9,32.1,32.2,32.55,32.25,,,,
2010-09-08,23.85,27.85,29.1,29.45,31.7,31.8,32.3,32.15,,,,
2010-09-09,23.75,27.55,28.85,29.1,31.4,31.55,32.05,31.9,,,,
2010-09-10,23.05,27.0,28.55,28.9,31.2,31.4,32.05,31.85,,,,
2010-09-13,21.7,25.7,27.45,28.25,30.65,30.85,31.45,31.45,,,,
2010-09-14,21.7,25.7,27.6,28.4,30.45,30.7,31.35,31.45,,,,
2010-09-15,25.2,27.45,28.3,30.2,30.55,31.3,31.45,,,,,
2010-09-16,25.1,27.6,28.45,30.3,30.55,31.4,31.5,,,,,
2010-09-17,25.05,27.8,28.7,30.45,30.7,31.55,31.65,,,,,
2010-09-20,24.35,27.35,28.4,30.1,30.3,31.35,31.5,31.5,,,,
2010-09-21,24.45,27.4,28.4,30.05,30.3,31.4,31.5,31.5,,,,
2010-09-22,24.95,27.65,28.7,30.35,30.55,31.65,31.7,31.7,,,,
2010-09-23,25.8,28.25,29.3,31.0,31.15,32.1,32.1,32.15,,,,
2010-09-24,24.2,27.2,28.35,30.25,30.6,31.55,31.6,31.65,,,,
2010-09-27,24.35,27.25,28.3,30.15,30.65,31.55,31.65,31.75,,,,
2010-09-28,24.3,27.25,28.3,30.1,30.65,31.45,31.65,31.75,,,,
2010-09-29,24.7,27.65,28.7,30.4,30.95,31.75,32.05,32.15,,,,
2010-09-30,25.45,28.2,29.3,30.85,31.35,32.25,32.5,32.6,,,,
2010-10-01,24.75,27.85,29.0,30.5,31.05,32.0,32.25,32.5,,,,
2010-10-04,25.15,28.2,29.4,30.8,31.4,32.25,32.4,32.55,,,,
2010-10-05,23.65,27.05,28.5,30.05,30.7,31.65,31.8,32.15,,,,
2010-10-06,23.25,26.8,28.4,30.1,30.75,31.7,31.75,32.05,,,,
2010-10-07,22.95,26.7,28.35,30.05,30.75,31.65,31.7,31.95,,,,
2010-10-08,21.95,25.7,27.55,29.55,30.5,31.4,31.45,31.6,,,,
2010-10-11,21.3,25.1,27.05,29.1,29.95,30.85,30.9,31.0,,,,
2010-10-12,20.65,24.25,26.3,28.65,29.5,30.4,30.45,30.5,,,,
2010-10-13,20.65,23.55,25.6,27.9,28.8,29.65,29.65,29.8,,,,
2010-10-14,21.55,24.2,26.1,28.35,29.2,30.05,30.2,30.15,,,,
2010-10-15,20.95,24.05,25.8,28.15,28.95,29.8,29.9,29.95,,,,
2010-10-18,19.85,23.3,25.45,27.8,28.65,29.55,29.75,29.75,,,,
2010-10-19,20.95,23.85,25.85,28.25,29.05,29.95,30.1,30.15,,,,
2010-10-20,22.6,25.05,27.4,28.4,29.35,29.5,29.7,,,,,
2010-10-21,22.0,24.65,27.0,27.95,28.9,29.1,29.25,,,,,
2010-10-22,21.1,23.95,26.25,27.35,28.35,28.55,28.75,,,,,
2010-10-25,20.95,23.7,25.9,27.0,28.0,28.2,28.35,28.4,,,,
2010-10-26,21.4,23.9,26.1,27.05,28.1,28.3,28.35,28.5,,,,
2010-10-27,21.85,24.2,26.3,27.15,28.1,28.3,28.4,28.45,,,,
2010-10-28,21.75,24.3,26.45,27.1,28.0,28.1,28.2,28.3,,,,
2010-10-29,21.75,24.25,26.4,26.9,27.9,28.0,28.05,28.2,,,,
2010-11-01,21.55,24.2,26.6,26.9,27.85,28.0,28.05,28.15,,,,
2010-11-02,21.0,23.75,26.35,26.65,27.45,27.55,27.7,27.95,,,,
2010-11-03,19.8,22.35,25.35,25.75,26.45,26.7,26.9,26.95,,,,
2010-11-04,18.5,21.0,23.95,24.55,25.5,25.8,25.9,26.1,,,,
2010-11-05,18.55,20.95,23.75,24.65,25.5,25.8,26.0,26.15,,,,
2010-11-08,18.7,21.05,23.9,24.8,25.7,26.05,26.25,26.4,,,,
2010-11-09,18.9,21.1,24.1,25.0,25.95,26.3,26.5,26.65,,,,
2010-11-10,18.65,20.9,24.0,24.95,25.9,26.3,26.6,26.85,,,,
2010-11-11,18.95,21.05,24.3,25.4,26.25,26.6,26.95,27.2,,,,
2010-11-12,20.35,22.25,25.25,26.3,27.1,27.4,27.7,28.0,,,,
2010-11-15,19.75,21.95,25.05,26.0,26.75,27.05,27.35,27.65,,,,
2010-11-16,22.25,22.8,25.85,26.7,27.45,27.75,28.05,28.2,,,,
2010-11-17,22.3,25.4,26.3,27.1,27.4,27.7,27.85,,,,,
2010-11-18,20.75,24.2,25.5,26.35,26.65,26.85,27.1,,,,,
2010-11-19,20.5,23.9,25.35,26.2,26.5,26.7,26.95,,,,,
2010-11-22,19.8,23.25,24.75,25.9,26.25,26.5,26.8,27.3,,,,
2010-11-23,20.75,24.1,25.55,26.5,26.85,27.05,27.4,27.8,,,,
2010-11-24,19.8,23.3,25.05,26.05,26.4,26.75,27.05,27.45,,,,
2010-11-26,21.25,24.25,25.95,26.85,27.2,27.4,27.7,28.05,,,,
2010-11-29,21.45,24.5,26.1,26.95,27.15,27.35,27.7,28.05,,,,
2010-11-30,23.2,25.8,27.05,27.8,28.05,28.05,28.35,28.75,,,,
2010-12-01,21.9,24.75,26.35,27.2,27.55,27.6,27.85,28.25,,,,
2010-12-02,19.85,23.0,24.8,25.95,26.4,26.65,27.05,27.5,,,,
2010-12-03,19.05,22.15,24.1,25.25,25.85,26.1,26.55,27.0,,,,
2010-12-06,18.6,21.6,23.7,25.0,25.6,25.95,26.4,26.85,,,,
2010-12-07,18.6,21.45,23.55,24.9,25.5,25.95,26.5,26.95,,,,
2010-12-08,18.2,20.7,22.9,24.3,25.05,25.55,25.9,26.3,,,,
2010-12-09,18.0,20.2,22.25,23.9,24.7,25.2,25.7,26.05,,,,
2010-12-10,18.05,20.05,21.75,23.4,24.25,24.75,25.25,25.7,,,,
2010-12-13,18.3,20.3,21.9,23.5,24.25,24.8,25.25,25.7,,,,
2010-12-14,18.7,20.45,22.15,23.55,24.3,24.85,25.2,25.65,,,,
2010-12-15,19.05,20.8,22.4,23.75,24.45,24.95,25.35,25.8,,,,
2010-12-16,18.4,20.5,22.15,23.5,24.25,24.8,25.15,25.65,,,,
2010-12-17,17.6,20.25,22.2,23.45,24.2,24.7,25.0,25.5,,,,
2010-12-20,16.75,19.65,21.75,23.15,24.05,24.6,24.9,25.4,,,,
2010-12-21,16.75,19.25,21.4,22.95,23.9,24.45,24.85,25.3,,,,
2010-12-22,19.25,21.3,22.95,23.8,24.5,24.8,25.3,,,,,
2010-12-23,19.85,21.55,23.25,24.1,24.75,25.05,25.5,,,,,
2010-12-27,20.45,21.75,23.8,24.55,25.1,25.45,25.9,26.4,,,,
2010-12-28,20.55,21.9,23.9,24.75,25.15,25.45,25.8,26.0,,,,
2010-12-29,20.25,21.85,23.8,24.6,25.1,25.55,25.85,26.0,,,,
2010-12-30,20.1,21.7,23.9,24.7,25.2,25.6,26.0,26.15,,,,
2010-12-31,19.7,21.6,23.75,24.8,25.35,25.75,26.3,26.35,,,,
2011-01-03,19.3,21.35,23.45,24.3,24.95,25.5,25.95,26.1,,,,
2011-01-04,19.1,21.3,23.3,24.15,24.8,25.35,25.75,25.95,,,,
2011-01-05,18.7,20.95,22.85,23.75,24.5,25.0,25.45,25.65,,,,
2011-01-06,18.65,20.9,22.8,23.75,24.5,24.95,25.45,25.6,,,,
2011-01-07,18.7,21.0,22.85,23.8,24.6,25.1,25.6,25.7,,,,
2011-01-10,18.65,21.0,22.8,23.7,24.55,25.1,25.75,25.85,,,,
2011-01-11,17.95,20.4,22.4,23.4,24.3,24.85,25.5,25.75,,,,
2011-01-12,17.0,19.45,21.7,22.7,23.65,24.4,25.15,25.4,,,,
2011-01-13,16.95,19.3,21.65,22.65,23.55,24.2,24.9,25.2,,,,
2011-01-14,16.25,18.4,20.75,22.0,22.95,23.7,24.4,24.7,,,,
2011-01-18,15.9,17.85,20.15,21.55,22.5,23.2,24.0,24.35,,,,
2011-01-19,18.75,20.9,22.2,23.05,23.8,24.6,24.95,,,,,
2011-01-20,18.65,20.85,22.1,22.95,23.75,24.4,24.75,,,,,
2011-01-21,18.85,21.0,22.2,23.0,23.7,24.35,24.75,,,,,
2011-01-24,18.4,20.55,21.85,22.65,23.4,24.15,24.55,25.15,,,,
2011-01-25,18.2,20.35,21.6,22.45,23.25,23.95,24.4,24.85,,,,
2011-01-26,17.55,19.75,21.0,21.85,22.6,23.4,23.8,24.3,,,,
2011-01-27,17.25,19.4,20.7,21.55,22.3,23.15,23.5,24.0,,,,
2011-01-28,19.4,20.65,21.75,22.6,23.2,23.9,24.3,24.8,,,,
2011-01-31,19.1,20.45,21.5,22.2,22.75,23.5,23.95,24.45,,,,
2011-02-01,17.95,19.6,20.6,21.35,21.95,22.75,23.1,23.6,,,,
2011-02-02,18.05,19.55,20.55,21.3,21.95,22.7,23.05,23.6,,,,
2011-02-03,17.7,19.35,20.45,21.2,21.8,22.6,23.0,23.5,,,,
2011-02-04,17.25,18.85,20.05,20.8,21.45,22.3,22.75,23.3,,,,
2011-02-07,16.95,18.45,19.6,20.4,21.15,21.95,22.5,23.05,,,,
2011-02-08,16.85,18.2,19.35,20.05,20.85,21.65,22.15,22.75,,,,
2011-02-09,16.85,18.25,19.3,20.05,20.8,21.6,22.1,22.7,,,,
2011-02-10,16.9,18.3,19.3,19.95,20.6,21.3,21.75,22.3,,,,
2011-02-11,16.6,18.05,19.15,19.85,20.45,21.15,21.55,22.1,,,,
2011-02-14,16.45,17.85,18.95,19.75,20.4,21.1,21.5,22.05,,,,
2011-02-15,16.7,18.05,19.0,19.9,20.55,21.25,21.6,22.15,,,,
2011-02-16,18.3,19.35,20.15,20.7,21.4,21.65,22.2,,,,,
2011-02-17,18.45,19.65,20.5,21.1,21.7,21.95,22.45,,,,,
2011-02-18,18.6,19.8,20.8,21.45,21.95,22.2,22.7,,,,,
2011-02-22,21.15,21.6,22.3,22.75,23.2,23.35,23.75,24.0,,,,
2011-02-23,22.25,22.55,23.1,23.4,23.8,23.95,24.35,24.55,,,,
2011-02-24,21.85,22.35,23.0,23.3,23.75,23.95,24.35,24.55,,,,
2011-02-25,20.15,21.15,22.05,22.55,23.1,23.35,23.75,24.0,,,,
2011-02-28,19.2,20.3,21.45,22.0,22.6,23.0,23.45,23.75,,,,
2011-03-01,21.2,21.7,22.5,22.9,23.45,23.8,24.25,24.45,,,,
2011-03-02,21.1,21.6,22.4,22.85,23.45,23.75,24.2,24.45,,,,
2011-03-03,19.7,20.7,21.65,22.1,22.85,23.15,23.65,23.85,,,,
2011-03-04,20.05,21.15,22.05,22.5,23.15,23.45,24.0,24.2,,,,
2011-03-07,21.05,21.8,22.6,23.0,23.65,23.95,24.5,24.65,,,,
2011-03-08,20.45,21.4,22.4,22.85,23.55,23.8,24.45,24.6,,,,
2011-03-09,21.05,21.8,22.65,23.1,23.75,24.0,24.65,24.8,,,,
2011-03-10,22.25,22.7,23.35,23.8,24.4,24.6,25.25,25.35,,,,
2011-03-11,21.3,22.05,22.9,23.3,24.05,24.2,24.85,24.95,,,,
2011-03-14,21.7,22.3,23.1,23.55,24.25,24.45,25.15,25.25,,,,
2011-03-15,24.6,23.45,23.75,24.15,24.75,24.9,25.6,25.65,,,,
2011-03-16,24.9,25.15,25.2,25.8,25.9,26.5,26.7,,,,,
2011-03-17,24.15,24.4,24.6,25.0,25.05,25.6,25.85,,,,,
2011-03-18,23.35,23.65,23.9,24.2,24.25,24.75,25.0,,,,,
2011-03-21,21.6,22.3,22.75,23.05,23.2,23.8,24.1,23.95,,,,
2011-03-22,21.5,22.25,22.8,23.1,23.3,23.9,24.2,24.3,,,,
2011-03-23,20.5,21.6,22.35,22.8,23.05,23.7,24.05,24.1,,,,
2011-03-24,19.95,21.05,21.9,22.45,22.8,23.45,23.95,24.0,,,,
2011-03-25,19.75,21.05,21.9,22.55,22.9,23.65,24.15,24.35,,,,
2011-03-28,20.3,21.55,22.2,22.75,23.0,23.75,24.3,24.45,,,,
2011-03-29,19.6,20.95,21.75,22.25,22.65,23.4,24.0,24.15,,,,
2011-03-30,19.25,20.7,21.45,21.95,22.35,23.1,23.7,23.85,,,,
2011-03-31,19.3,20.8,21.5,22.0,22.4,23.2,23.8,24.0,,,,
2011-04-01,19.05,20.55,21.4,21.95,22.4,23.15,23.85,23.95,,,,
2011-04-04,18.7,20.25,21.15,21.7,22.15,23.0,23.7,23.9,,,,
2011-04-05,18.55,20.15,21.1,21.75,22.2,23.0,23.65,23.9,,,,
2011-04-06,18.35,20.15,21.1,21.75,22.25,23.05,23.7,23.95,,,,
2011-04-07,18.4,20.35,21.3,21.95,22.45,23.25,23.9,24.1,,,,
2011-04-08,18.65,20.65,21.6,22.3,22.8,23.6,24.25,24.45,,,,
2011-04-11,18.4,20.45,21.55,22.3,22.9,23.7,24.35,24.55,,,,
2011-04-12,18.7,20.7,21.7,22.5,23.05,23.75,24.35,24.55,,,,
2011-04-13,18.3,20.35,21.45,22.3,22.85,23.6,24.3,24.55,,,,
2011-04-14,17.9,20.15,21.4,22.25,22.85,23.6,24.3,24.5,,,,
2011-04-15,16.75,19.65,21.15,22.05,22.7,23.5,24.2,24.5,,,,
2011-04-18,17.3,20.2,21.7,22.45,23.1,23.8,24.5,24.75,,,,
2011-04-19,16.0,19.1,21.05,21.9,22.75,23.5,24.2,24.5,,,,
2011-04-20,18.15,20.35,21.55,22.25,23.05,23.8,24.3,,,,,
2011-04-21,17.9,20.0,21.4,22.0,22.9,23.65,24.15,,,,,
2011-04-25,17.45,19.6,21.0,21.65,22.65,23.5,24.05,24.6,,,,
2011-04-26,17.3,19.2,20.65,21.35,22.5,23.25,23.5,23.35,,,,
2011-04-27,17.0,18.75,20.25,20.95,22.3,23.0,23.2,23.15,,,,
2011-04-28,16.75,18.4,19.9,20.65,22.0,22.75,23.05,23.05,,,,
2011-04-29,16.7,18.35,19.65,20.4,21.65,22.55,22.9,22.9,,,,
2011-05-02,17.25,18.8,20.15,20.85,22.15,23.05,23.25,23.2,,,,
2011-05-03,17.7,19.35,20.6,21.25,22.45,23.2,23.45,23.35,,,,
2011-05-04,17.95,19.55,20.8,21.35,22.55,23.3,23.55,23.4,,,,
2011-05-05,18.3,19.8,20.95,21.5,22.7,23.5,23.65,23.55,,,,
2011-05-06,18.15,19.55,20.75,21.35,22.55,23.3,23.55,23.45,,,,
2011-05-09,17.45,18.85,20.3,20.95,22.15,22.85,23.1,23.05,,,,
2011-05-10,16.65,18.2,19.75,20.55,21.75,22.45,22.6,22.6,,,,
2011-05-11,17.2,18.65,20.2,20.9,22.05,22.7,22.9,22.85,,,,
2011-05-12,16.65,18.35,20.0,20.7,21.9,22.55,22.75,22.65,,,,
2011-05-13,17.35,18.65,20.25,20.95,22.15,22.8,22.95,22.85,,,,
2011-05-16,18.0,19.05,20.5,21.2,22.3,22.9,23.1,23.0,,,,
2011-05-17,17.75,18.7,20.2,20.9,22.1,22.8,23.05,22.95,,,,
2011-05-18,18.05,19.75,20.65,21.85,22.55,22.75,22.75,,,,,
2011-05-19,17.65,19.6,20.6,21.85,22.65,22.85,22.9,,,,,
2011-05-20,18.05,20.0,21.1,22.45,23.3,23.5,23.45,,,,,
2011-05-23,18.55,20.3,21.3,22.6,23.55,23.75,23.75,24.0,,,,
2011-05-24,18.3,20.15,21.2,22.4,23.45,23.65,23.7,24.25,,,,
2011-05-25,17.95,19.9,21.0,22.15,23.2,23.5,23.6,24.25,,,,
2011-05-26,17.45,19.35,20.45,21.65,22.75,23.05,23.2,23.9,,,,
2011-05-27,17.1,19.05,20.1,21.2,22.3,22.7,22.85,23.6,,,,
2011-05-31,16.55,18.55,19.6,20.75,21.9,22.3,22.45,23.3,,,,
2011-06-01,17.95,19.55,20.4,21.4,22.5,22.9,23.1,23.8,,,,
2011-06-02,17.8,19.35,20.3,21.3,22.4,22.8,23.05,23.85,,,,
2011-06-03,17.95,19.45,20.4,21.45,22.55,22.95,23.2,24.05,,,,
2011-06-06,18.2,19.65,20.6,21.65,22.7,23.2,23.45,24.25,,,,
2011-06-07,18.1,19.35,20.3,21.45,22.5,23.05,23.3,24.2,,,,
2011-06-08,18.5,19.55,20.5,21.65,22.65,23.15,23.4,24.25,,,,
2011-06-09,17.75,19.0,19.95,21.25,22.2,22.7,23.0,23.9,,,,
2011-06-10,18.9,19.6,20.5,21.75,22.7,23.15,23.4,24.3,,,,
2011-06-13,19.55,20.0,20.65,21.75,22.75,23.25,23.5,24.45,,,,
2011-06-14,18.2,19.2,19.95,21.05,22.05,22.55,22.9,23.9,,,,
2011-06-15,20.95,21.25,22.25,23.05,23.45,23.75,24.75,,,,,
2011-06-16,21.95,22.3,23.35,24.0,24.25,24.45,25.5,,,,,
2011-06-17,21.45,22.0,23.2,23.75,24.05,24.25,25.25,,,,,
2011-06-20,20.45,21.15,22.55,23.2,23.55,23.85,24.85,24.95,,,,
2011-06-21,19.95,20.8,22.25,23.0,23.3,23.55,24.65,24.95,,,,
2011-06-22,20.3,21.1,22.6,23.35,23.65,23.8,24.95,25.15,,,,
2011-06-23,19.85,20.8,22.5,23.25,23.55,23.8,24.95,25.25,,,,
2011-06-24,21.05,21.55,23.1,23.75,24.0,24.2,25.4,25.65,,,,
2011-06-27,20.6,21.0,22.65,23.4,23.75,23.85,25.2,25.45,,,,
2011-06-28,19.5,20.2,22.1,23.1,23.4,23.6,25.05,25.35,,,,
2011-06-29,18.5,19.35,21.5,22.6,23.05,23.2,24.75,25.05,,,,
2011-06-30,17.7,18.75,20.75,22.0,22.55,22.7,24.3,24.6,,,,
2011-07-01,16.95,17.95,19.9,21.0,21.55,21.75,23.2,23.7,,,,
2011-07-05,16.95,18.1,20.0,21.0,21.6,21.85,23.35,23.8,,,,
2011-07-06,17.25,18.35,20.1,20.95,21.45,21.65,23.3,23.7,,,,
2011-07-07,16.75,17.85,19.5,20.4,20.9,21.1,22.75,23.15,,,,
2011-07-08,17.1,18.25,19.85,20.65,21.2,21.4,22.9,23.35,,,,
2011-07-11,18.85,19.6,20.8,21.5,22.05,22.15,23.55,24.05,,,,
2011-07-12,19.6,20.0,21.35,22.1,22.55,22.65,24.1,24.45,,,,
2011-07-13,19.9,20.05,21.45,22.1,22.55,22.65,24.05,24.5,,,,
2011-07-14,20.65,20.65,21.9,22.6,22.9,22.95,24.35,24.75,,,,
2011-07-15,20.15,20.2,21.6,22.25,22.55,22.65,24.0,24.4,,,,
2011-07-18,21.15,21.0,22.15,22.75,23.0,23.05,24.35,24.65,,,,
2011-07-19,19.25,19.75,21.3,21.95,22.3,22.45,23.7,24.15,,,,
2011-07-20,19.35,21.0,21.8,22.05,22.25,23.55,24.0,,,,,
2011-07-21,18.35,20.05,21.25,21.5,21.7,23.0,23.45,,,,,
2011-07-22,18.25,19.9,21.05,21.4,21.65,22.95,23.45,,,,,
2011-07-25,19.35,20.3,21.5,21.8,21.95,23.25,23.8,24.05,,,,
2011-07-26,19.65,20.7,21.8,22.0,22.1,23.35,23.9,24.05,,,,
2011-07-27,21.3,21.75,22.55,22.6,22.7,24.0,24.45,24.65,,,,
2011-07-28,21.35,21.7,22.55,22.55,22.6,23.85,24.4,24.65,,,,
2011-07-29,21.1,21.1,21.9,21.95,22.05,23.2,23.8,24.05,,,,
2011-08-01,20.7,20.6,21.3,21.5,21.5,22.75,23.35,23.8,,,,
2011-08-02,22.3,22.0,22.25,22.35,22.35,23.6,24.1,24.4,,,,
2011-08-03,22.0,21.85,22.05,22.15,22.15,23.45,23.95,24.3,,,,
2011-08-04,27.45,25.9,25.1,24.55,24.05,25.35,25.7,25.6,,,,
2011-08-05,29.15,26.2,25.75,25.15,24.25,25.65,25.9,26.1,,,,
2011-08-08,36.55,30.2,29.1,27.65,26.05,27.35,27.55,27.5,,,,
2011-08-09,30.5,25.4,25.3,24.8,24.05,25.4,25.75,26.0,,,,
2011-08-10,36.0,28.75,28.3,27.4,26.3,27.55,27.8,27.8,,,,
2011-08-11,35.15,27.65,27.1,26.6,25.55,26.8,27.2,27.35,,,,
2011-08-12,35.0,27.85,26.9,26.4,25.4,26.65,26.85,27.0,,,,
2011-08-15,32.1,26.7,25.95,25.45,24.5,25.7,25.8,25.95,,,,
2011-08-16,33.65,26.9,26.25,25.65,24.75,25.85,26.0,26.15,,,,
2011-08-17,27.95,26.8,26.0,24.9,26.1,26.2,26.3,,,,,
2011-08-18,33.4,30.2,29.2,27.8,28.85,28.85,29.05,,,,,
2011-08-19,35.35,31.6,30.35,28.7,29.7,29.65,29.65,,,,,
2011-08-22,36.45,32.65,31.0,29.1,30.05,29.9,29.85,30.15,30.0,,,
2011-08-23,34.3,31.75,30.6,28.9,29.9,29.85,29.8,30.05,30.0,,,
2011-08-24,33.55,31.45,30.6,29.25,30.3,30.25,30.35,30.2,29.15,,,
2011-08-25,34.75,31.75,30.75,29.8,30.85,30.9,30.95,30.95,30.65,,,
2011-08-26,34.0,31.0,30.2,29.4,30.45,30.5,30.7,30.65,30.7,,,
2011-08-29,31.65,29.7,29.3,28.4,29.55,29.7,29.95,29.9,29.85,,,
2011-08-30,32.5,30.55,30.05,29.15,30.35,30.5,30.65,30.55,30.3,,,
2011-08-31,31.65,30.2,29.65,28.4,29.7,29.85,30.05,30.2,30.1,,,
2011-09-01,32.15,30.7,29.95,28.65,29.95,30.05,30.3,30.3,30.25,,,
2011-09-02,34.5,32.05,30.75,29.25,30.4,30.5,30.7,30.55,30.55,,,
2011-09-06,35.75,32.85,31.45,29.85,31.0,31.0,31.2,31.25,31.1,,,
2011-09-07,33.55,31.4,30.45,29.1,30.25,30.3,30.4,30.4,30.35,,,
2011-09-08,34.6,32.15,30.9,29.4,30.7,30.75,30.8,30.8,30.65,,,
2011-09-09,38.55,34.55,32.85,30.8,31.85,31.75,31.9,31.95,31.6,,,
2011-09-12,38.3,35.05,33.25,31.15,32.25,32.15,32.15,32.1,31.8,,,
2011-09-13,37.85,35.15,33.35,31.25,32.2,32.1,32.15,32.25,31.95,,,
2011-09-14,35.75,34.1,32.75,30.7,31.75,31.65,31.7,31.9,31.65,,,
2011-09-15,33.2,32.55,31.7,29.9,31.0,31.05,31.15,31.3,31.15,,,
2011-09-16,32.05,31.85,31.25,29.7,30.8,30.9,31.05,31.1,31.0,,,
2011-09-19,33.7,33.1,32.15,30.4,31.45,31.5,31.6,31.7,31.55,,,
2011-09-20,33.5,32.95,31.85,30.2,31.3,31.3,31.35,31.6,31.4,,,
2011-09-21,35.75,33.75,31.55,32.3,32.2,32.0,32.3,32.05,,,,
2011-09-22,38.55,35.75,33.15,33.8,33.4,33.2,33.3,32.9,,,,
2011-09-23,39.1,35.9,33.25,33.95,33.6,33.3,33.35,33.1,,,,
2011-09-26,37.5,34.7,32.35,33.3,32.95,32.7,32.8,32.5,32.5,,,
2011-09-27,36.75,34.3,32.0,33.05,32.65,32.45,32.55,32.15,32.05,,,
2011-09-28,39.45,36.05,33.5,34.3,33.65,33.35,33.4,32.85,32.5,,,
2011-09-29,38.6,35.3,32.95,33.8,33.25,33.0,33.05,32.55,33.45,,,
2011-09-30,42.15,37.75,34.8,35.5,34.7,34.25,34.35,33.7,32.85,,,
2011-10-03,45.05,40.55,36.7,37.05,35.6,35.15,35.3,34.65,34.05,,,
2011-10-04,40.8,38.1,35.2,35.85,34.65,33.95,33.9,33.5,34.35,,,
2011-10-05,38.45,36.3,34.1,35.1,34.35,33.9,33.95,33.35,32.95,,,
2011-10-06,37.85,35.9,33.75,34.75,34.0,33.5,33.6,33.25,33.0,,,
2011-10-07,37.95,35.95,33.85,34.9,34.2,33.85,33.85,33.4,33.25,,,
2011-10-10,34.7,33.65,32.1,33.05,32.65,32.45,32.6,32.25,32.65,,,
2011-10-11,34.5,33.5,32.05,33.0,32.55,32.35,32.6,32.2,32.55,,,
2011-10-12,32.25,31.45,30.55,31.65,31.35,31.3,31.55,31.2,31.75,,,
2011-10-13,32.1,31.2,30.3,31.5,31.3,31.25,31.6,31.1,31.25,,,
2011-10-14,29.75,29.35,28.9,30.35,30.15,30.2,30.45,30.3,30.45,,,
2011-10-17,34.2,32.95,31.0,32.2,31.7,31.55,31.85,31.55,30.75,,,
2011-10-18,32.15,31.0,29.95,31.2,30.8,30.9,31.2,31.0,31.05,,,
2011-10-19,33.85,31.55,32.6,31.9,31.8,32.05,32.0,31.7,,,,
2011-10-20,34.1,31.55,32.6,31.9,31.85,32.05,32.0,31.65,,,,
2011-10-21,31.6,30.0,31.2,30.65,30.6,30.85,30.85,30.7,,,,
2011-10-24,29.75,28.85,30.25,29.85,29.85,30.1,30.1,30.2,30.0,,,
2011-10-25,32.4,30.25,31.4,30.85,30.8,31.0,30.8,30.75,31.8,,,
2011-10-26,30.5,29.2,30.4,29.9,29.9,30.2,30.05,29.9,30.25,,,
2011-10-27,26.2,25.8,27.5,27.1,27.3,27.7,27.65,27.65,28.05,,,
2011-10-28,26.25,25.55,27.35,26.95,27.2,27.55,27.5,27.55,27.95,,,
2011-10-31,29.95,28.2,29.8,29.0,28.9,29.2,29.1,28.8,28.6,,,
2011-11-01,33.95,31.25,32.15,31.3,31.05,31.2,30.9,30.55,30.7,,,
2011-11-02,32.7,30.4,31.55,30.75,30.55,30.8,30.65,30.4,30.6,,,
2011-11-03,30.95,29.25,30.6,29.95,29.9,30.15,30.1,29.95,29.95,,,
2011-11-04,31.4,29.85,30.95,30.25,30.1,30.3,30.2,30.25,30.2,,,
2011-11-07,31.1,29.75,30.95,30.2,30.15,30.4,30.3,30.25,30.35,,,
2011-11-08,28.9,28.35,30.0,29.5,29.65,29.9,29.85,29.75,29.85,,,
2011-11-09,36.45,33.45,34.35,32.95,32.65,32.65,32.25,31.75,31.2,,,
2011-11-10,33.45,31.5,32.9,32.05,31.85,32.05,31.6,31.15,31.25,,,
2011-11-11,31.4,30.2,31.75,31.25,31.1,31.25,30.9,30.5,30.5,,,
2011-11-14,32.1,30.75,32.1,31.6,31.4,31.55,31.2,30.9,31.0,,,
2011-11-15,32.05,30.7,32.2,31.7,31.45,31.65,31.35,31.05,31.05,,,
2011-11-16,32.65,33.6,32.8,32.25,32.35,32.0,32.0,31.65,,,,
2011-11-17,33.75,34.65,33.8,33.3,33.35,32.8,32.6,32.75,,,,
2011-11-18,32.35,33.75,33.3,33.1,33.2,32.65,32.6,32.6,,,,
2011-11-21,32.95,34.35,33.8,33.5,33.5,33.1,33.25,33.1,33.5,,,
2011-11-22,32.3,33.85,33.4,33.15,33.3,32.85,33.05,33.2,33.15,,,
2011-11-23,33.6,35.05,34.45,34.0,34.1,33.65,33.7,33.8,33.55,,,
2011-11-25,34.5,35.6,35.05,34.55,34.7,34.1,34.15,34.2,33.9,,,
2011-11-28,32.0,33.7,33.3,32.95,33.15,32.85,33.0,33.05,33.25,,,
2011-11-29,31.35,33.2,33.0,32.7,32.9,32.55,32.7,32.9,33.0,,,
2011-11-30,28.35,30.9,31.3,31.2,31.35,31.05,31.0,31.0,31.2,,,
2011-12-01,27.9,30.15,30.6,30.7,31.05,30.85,30.85,30.95,30.7,,,
2011-12-02,27.8,29.9,30.45,30.6,30.95,30.65,30.8,30.85,30.55,,,
2011-12-05,27.8,29.7,30.1,30.15,30.55,30.35,30.45,30.5,30.25,,,
2011-12-06,28.1,29.95,30.2,30.2,30.5,30.35,30.45,30.5,30.25,,,
2011-12-07,28.6,30.6,30.6,30.55,30.85,30.7,30.8,30.8,30.4,,,
2011-12-08,30.15,32.1,31.75,31.5,31.7,31.55,31.6,31.65,31.2,,,
2011-12-09,27.2,29.55,30.25,30.4,30.8,30.8,31.0,31.05,30.55,,,
2011-12-12,27.6,30.1,30.8,30.9,31.35,31.3,31.45,31.5,31.1,,,
2011-12-13,27.1,29.9,30.75,31.1,31.6,31.55,31.7,31.8,31.2,,,
2011-12-14,27.1,30.1,31.1,31.25,31.7,31.7,31.85,32.05,31.55,,,
2011-12-15,26.35,28.9,30.2,30.55,31.05,31.15,31.35,31.5,31.0,,,
2011-12-16,26.1,28.85,29.85,30.35,30.95,31.1,31.3,31.45,31.25,,,
2011-12-19,25.6,28.35,29.3,30.05,30.7,30.85,31.1,31.35,31.25,,,
2011-12-20,23.85,26.55,27.65,28.65,29.45,29.85,30.2,30.5,30.4,,,
2011-12-21,24.5,25.85,27.05,27.9,28.45,28.75,29.35,29.45,,,,
2011-12-22,25.1,26.0,27.2,28.1,28.5,28.85,29.45,29.45,,,,
2011-12-23,25.7,26.4,27.45,28.15,28.55,28.95,29.6,29.5,,,,
2011-12-27,25.45,26.2,27.2,27.9,28.3,28.7,29.35,29.3,30.0,,,
2011-12-28,26.7,27.1,27.8,28.4,28.9,29.25,29.85,29.85,30.15,,,
2011-12-29,25.95,26.55,27.35,28.05,28.45,28.9,29.5,29.5,29.9,,,
2011-12-30,26.7,27.15,27.75,28.4,28.7,29.1,29.75,29.75,29.95,,,
2012-01-03,24.8,25.8,26.8,27.5,27.85,28.2,29.0,29.0,29.3,,,
2012-01-04,24.2,25.3,26.35,27.05,27.6,28.0,28.65,28.65,29.05,,,
2012-01-05,23.75,24.9,26.0,26.8,27.4,27.95,28.55,28.55,29.55,,,
2012-01-06,23.05,24.4,25.55,26.45,27.0,27.55,28.15,28.1,28.35,,,
2012-01-09,22.85,24.15,25.4,26.3,26.9,27.4,28.0,27.95,28.05,,,
2012-01-10,22.35,23.65,25.1,26.05,26.6,27.15,27.8,27.75,28.2,,,
2012-01-11,22.95,24.15,25.4,26.3,26.9,27.4,28.05,28.05,28.25,,,
2012-01-12,22.2,23.75,25.25,26.2,26.75,27.3,27.9,27.85,28.6,,,
2012-01-13,22.55,24.1,25.65,26.6,27.15,27.7,28.3,28.25,28.65,,,
2012-01-17,22.45,23.95,25.55,26.7,27.3,27.9,28.55,28.5,28.85,,,
2012-01-18,23.2,24.95,26.15,26.85,27.5,28.15,28.2,28.55,,,,
2012-01-19,22.55,24.4,25.8,26.55,27.25,28.0,28.05,28.3,,,,
2012-01-20,21.85,23.9,25.3,26.15,26.8,27.6,27.75,28.0,,,,
2012-01-23,21.3,23.5,24.85,25.65,26.35,27.3,27.4,27.8,29.15,,,
2012-01-24,21.2,23.25,24.65,25.4,26.2,27.15,27.3,27.8,29.1,,,
2012-01-25,20.6,22.5,24.15,24.95,25.9,26.8,27.05,27.55,29.2,,,
2012-01-26,20.55,22.55,24.3,25.3,26.3,27.15,27.4,27.75,29.25,,,
2012-01-27,20.15,22.2,23.85,24.85,25.95,26.8,27.05,27.4,29.8,,,
2012-01-30,20.7,22.55,24.1,25.15,26.25,27.2,27.4,27.75,29.7,,,
2012-01-31,20.9,22.75,24.25,25.35,26.4,27.35,27.65,27.9,29.35,,,
2012-02-01,19.85,22.05,23.75,24.8,26.0,26.95,27.3,27.6,29.55,,,
2012-02-02,19.15,21.35,23.15,24.5,25.65,26.55,26.95,27.3,28.9,,,
2012-02-03,17.95,20.55,22.5,23.85,25.15,26.05,26.5,26.8,27.1,,,
2012-02-06,18.1,20.2,22.15,23.45,24.6,25.55,26.15,26.6,27.4,,,
2012-02-07,18.4,20.4,22.05,23.3,24.5,25.5,26.1,26.55,26.9,,,
2012-02-08,19.2,21.0,22.45,23.65,24.75,25.75,26.35,26.7,27.15,,,
2012-02-09,20.0,21.95,23.3,24.4,25.6,26.55,27.0,27.4,28.15,,,
2012-02-10,21.75,23.55,24.25,25.1,26.1,27.05,27.55,27.95,28.5,,,
2012-02-13,19.25,21.9,23.65,24.65,25.75,26.65,27.25,27.6,27.95,,,
2012-02-14,19.8,22.45,23.95,25.1,26.2,27.15,27.75,28.2,28.5,,,
2012-02-15,24.25,25.6,26.3,27.25,28.0,28.45,28.95,28.95,,,,
2012-02-16,22.8,24.65,25.65,26.65,27.65,28.25,28.75,28.8,,,,
2012-02-17,22.6,24.8,25.75,26.85,27.95,28.55,29.2,29.3,,,,
2012-02-21,22.55,25.15,26.2,27.15,28.25,28.85,29.5,29.55,30.45,,,
2012-02-22,21.8,24.55,25.65,26.6,27.65,28.2,28.95,29.15,30.5,,,
2012-02-23,20.25,23.35,24.8,26.1,27.4,28.1,28.8,29.0,29.4,,,
2012-02-24,21.2,24.3,25.8,26.75,28.0,28.6,29.4,29.6,29.65,,,
2012-02-27,21.55,24.55,26.2,27.15,28.35,28.85,29.65,29.75,29.75,,,
2012-02-28,20.85,24.05,25.75,26.7,27.85,28.45,29.2,29.4,29.7,,,
2012-02-29,21.0,24.0,25.6,26.5,27.7,28.35,29.05,29.3,29.45,,,
2012-03-01,20.05,23.3,25.0,25.9,27.05,27.6,28.4,28.55,28.6,,,
2012-03-02,20.4,23.7,25.45,26.55,27.75,28.3,29.05,29.2,29.1,,,
2012-03-05,20.15,23.65,25.55,26.65,27.95,28.6,29.25,29.35,29.2,,,
2012-03-06,22.5,25.3,26.6,27.4,28.3,28.85,29.65,29.75,29.75,,,
2012-03-07,20.65,23.95,25.6,26.55,27.6,28.25,29.0,29.15,29.25,,,
2012-03-08,19.7,23.25,25.0,26.0,27.25,27.95,28.65,28.8,28.85,,,
2012-03-09,19.05,22.75,24.6,25.55,26.75,27.6,28.3,28.45,28.5,,,
2012-03-12,17.75,21.75,23.95,25.0,26.3,27.1,27.8,28.05,28.1,,,
2012-03-13,17.0,21.0,23.2,24.35,25.75,26.55,27.3,27.55,27.6,,,
2012-03-14,17.8,22.1,24.0,25.05,26.2,26.95,27.75,27.95,27.9,,,
2012-03-15,17.05,21.75,23.85,24.85,25.95,26.65,27.45,27.6,27.7,,,
2012-03-16,16.15,21.6,23.8,24.75,25.9,26.6,27.4,27.6,27.65,,,
2012-03-19,15.55,20.0,22.75,23.95,25.2,26.0,26.8,27.0,27.0,,,
2012-03-20,15.65,19.1,22.1,23.6,25.05,26.0,26.8,27.05,27.0,,,
2012-03-21,18.1,21.2,22.85,24.15,25.2,26.05,26.5,26.45,,,,
2012-03-22,18.35,21.6,23.3,24.65,25.75,26.7,27.2,27.1,,,,
2012-03-23,17.0,20.2,22.35,23.75,25.2,26.2,26.8,26.8,,,,
2012-03-26,15.6,18.3,20.6,22.2,23.8,24.85,25.6,25.55,26.05,,,
2012-03-27,17.6,19.55,21.35,22.85,24.4,25.55,26.4,26.35,26.3,,,
2012-03-28,17.65,19.7,21.4,22.7,24.1,25.2,26.35,26.25,26.25,,,
2012-03-29,17.1,19.55,21.3,22.6,24.1,25.3,26.25,26.3,26.05,,,
2012-03-30,16.8,19.0,20.65,22.05,23.4,24.7,25.75,25.85,25.6,,,
2012-04-02,17.0,18.85,20.65,22.05,23.55,24.75,25.8,25.75,25.55,,,
2012-04-03,17.25,19.3,20.9,22.2,23.55,24.75,25.65,25.75,25.55,,,
2012-04-04,17.95,19.9,21.25,22.45,23.75,24.85,25.8,25.95,25.7,,,
2012-04-05,18.45,20.45,21.65,22.9,24.2,25.25,26.05,26.3,25.95,,,
2012-04-09,19.6,21.45,22.6,23.65,24.9,26.05,26.9,26.95,26.45,,,
2012-04-10,21.15,22.7,23.8,24.8,25.9,26.95,27.85,27.85,27.35,,,
2012-04-11,20.7,22.35,23.7,24.7,25.95,27.1,27.95,28.0,27.5,,,
2012-04-12,18.2,20.0,21.95,23.15,24.35,25.65,26.6,26.7,26.25,,,
2012-04-13,19.95,21.7,23.3,24.35,25.5,26.65,27.6,27.65,27.2,,,
2012-04-16,19.85,21.35,22.95,24.1,25.2,26.35,27.35,27.45,26.85,,,
2012-04-17,18.2,19.95,22.0,23.25,24.7,25.85,26.8,26.95,26.5,,,
2012-04-18,20.55,22.45,23.65,24.8,25.9,26.95,27.05,26.7,,,,
2012-04-19,20.4,22.45,23.75,24.75,25.8,26.75,27.05,26.6,,,,
2012-04-20,19.7,21.9,23.3,24.25,25.35,26.25,26.55,26.15,,,,
2012-04-23,20.6,22.55,23.9,24.85,25.9,26.85,27.15,26.75,27.15,,,
2012-04-24,19.75,21.8,23.4,24.5,25.7,26.65,27.0,26.6,27.25,,,
2012-04-25,18.55,20.8,22.3,23.45,24.7,25.75,26.15,25.8,26.7,,,
2012-04-26,18.0,20.3,21.9,23.1,24.45,25.55,25.95,25.5,26.6,,,
2012-04-27,18.05,20.15,21.65,22.9,24.2,25.35,25.9,25.4,26.6,,,
2012-04-30,18.45,20.5,21.9,23.0,24.35,25.4,26.0,25.45,26.6,,,
2012-05-01,18.0,20.05,21.65,22.8,24.15,25.2,25.85,25.25,26.45,,,
2012-05-02,18.05,19.95,21.6,22.6,23.85,24.9,25.6,25.05,26.5,,,
2012-05-03,18.8,20.55,22.0,22.9,24.1,25.1,25.75,25.2,26.55,,,
2012-05-04,20.0,21.45,22.7,23.5,24.6,25.45,26.05,25.5,26.85,,,
2012-05-07,19.35,20.85,22.3,23.1,24.2,25.1,25.75,25.1,26.4,,,
2012-05-08,19.55,21.0,22.5,23.35,24.5,25.4,26.0,25.4,26.6,,,
2012-05-09,20.5,21.85,23.2,23.9,25.0,25.8,26.45,25.9,27.05,,,
2012-05-10,19.35,20.85,22.45,23.25,24.5,25.35,26.0,25.5,26.45,,,
2012-05-11,20.1,21.6,23.0,23.75,25.0,25.85,26.6,26.15,27.0,,,
2012-05-14,21.95,23.0,24.1,24.85,25.95,26.9,27.65,27.15,27.9,,,
2012-05-15,21.85,23.9,24.75,25.55,26.7,27.55,28.25,27.85,28.65,,,
2012-05-16,24.4,25.45,26.15,27.2,28.05,28.75,28.35,29.15,,,,
2012-05-17,26.2,26.7,27.15,27.75,28.35,28.75,28.5,29.35,,,,
2012-05-18,28.2,28.15,28.4,28.85,29.35,29.65,29.4,30.15,,,,
2012-05-21,24.25,25.85,26.55,27.5,28.35,28.85,28.55,29.3,30.0,,,
2012-05-22,24.95,26.5,27.1,27.9,28.7,29.2,29.0,30.2,29.85,,,
2012-05-23,24.8,26.35,26.9,27.55,28.2,28.7,28.55,29.25,30.15,,,
2012-05-24,24.25,26.0,26.55,27.4,28.25,28.7,28.4,29.35,29.7,,,
2012-05-25,24.55,26.1,26.55,27.1,27.75,28.2,28.05,29.0,31.5,,,
2012-05-29,23.0,24.8,25.6,26.4,27.25,27.75,27.6,28.5,29.2,,,
2012-05-30,25.7,26.9,27.15,27.65,28.2,28.55,28.4,29.15,29.45,,,
2012-05-31,26.0,27.35,27.55,28.05,28.65,28.95,28.7,29.4,29.65,,,
2012-06-01,27.75,29.15,29.2,29.5,30.0,30.1,29.85,30.5,31.0,,,
2012-06-04,26.95,28.45,28.9,29.6,30.25,30.5,30.2,30.55,30.95,,,
2012-06-05,25.6,27.35,28.05,28.85,29.55,29.9,29.75,30.35,30.5,,,
2012-06-06,23.4,25.5,26.6,27.65,28.65,29.15,29.05,29.9,30.05,,,
2012-06-07,23.05,25.3,26.35,27.55,28.45,28.95,29.0,29.85,30.1,,,
2012-06-08,21.7,23.85,25.1,26.2,27.15,27.75,27.8,28.9,29.3,,,
2012-06-11,24.55,26.4,27.25,28.4,29.45,30.0,29.95,30.85,30.9,,,
2012-06-12,23.45,25.55,26.75,27.95,29.1,29.65,29.7,30.55,30.8,,,
2012-06-13,24.95,26.75,27.9,29.0,29.95,30.55,30.6,31.3,31.55,,,
2012-06-14,22.95,25.1,26.5,27.85,28.85,29.45,29.55,30.55,30.6,,,
2012-06-15,21.5,23.65,25.25,26.4,27.45,28.0,28.4,29.65,30.1,,,
2012-06-18,19.0,21.8,23.9,25.45,26.8,27.55,27.95,29.2,29.85,,,
2012-06-19,18.45,21.9,23.8,25.35,26.65,27.5,27.95,29.05,29.6,,,
2012-06-20,20.45,22.7,24.35,25.6,26.55,27.15,28.4,28.85,,,,
2012-06-21,23.35,24.75,26.05,26.9,27.55,28.05,29.35,29.6,,,,
2012-06-22,21.85,23.9,25.5,26.25,27.2,27.9,29.75,30.8,,,,
2012-06-25,22.45,24.25,25.7,26.55,27.45,28.1,29.6,29.9,30.05,,,
2012-06-26,21.75,23.7,25.2,26.05,27.0,27.65,29.0,29.4,29.65,,,
2012-06-27,21.7,23.65,25.1,25.9,26.7,27.25,28.7,29.05,29.4,,,
2012-06-28,21.35,23.3,24.75,25.55,26.35,27.0,28.4,28.75,28.95,,,
2012-06-29,19.55,21.95,23.65,24.6,25.45,26.0,27.65,28.1,28.3,,,
2012-07-02,18.15,20.65,22.6,23.85,24.9,25.6,27.15,27.5,27.8,,,
2012-07-03,17.7,20.2,22.0,23.2,24.3,25.05,26.65,27.15,27.65,,,
2012-07-05,18.8,20.9,22.7,23.7,24.65,25.25,26.85,27.35,27.95,,,
2012-07-06,18.25,20.6,22.3,23.4,24.3,24.9,26.5,27.0,27.65,,,
2012-07-09,18.4,20.5,22.2,23.25,24.2,24.9,26.4,26.9,27.4,,,
2012-07-10,19.25,21.2,22.7,23.65,24.4,25.0,26.55,27.0,27.4,,,
2012-07-11,18.3,20.45,22.25,23.25,24.1,24.7,26.2,26.65,27.0,,,
2012-07-12,18.5,20.6,22.45,23.5,24.25,24.75,26.35,26.85,27.2,,,
2012-07-13,17.45,19.35,21.45,22.75,23.7,24.25,25.75,26.3,26.7,,,
2012-07-16,17.3,19.3,21.3,22.75,23.75,24.35,25.8,26.3,26.7,,,
2012-07-17,16.65,18.55,20.55,22.1,23.15,23.8,25.25,25.85,26.35,,,
2012-07-18,18.65,20.6,22.25,23.25,23.95,25.45,26.05,26.45,,,,
2012-07-19,18.2,20.15,21.95,23.0,23.8,25.25,25.9,26.25,,,,
2012-07-20,19.15,20.95,22.65,23.55,24.15,25.55,26.3,26.75,,,,
2012-07-23,20.8,22.3,23.9,24.6,25.1,26.45,27.1,27.55,26.1,,,
2012-07-24,21.85,23.2,24.5,25.15,25.5,26.7,27.4,27.85,28.25,,,
2012-07-25,21.1,22.45,23.95,24.7,25.2,26.5,27.15,27.65,28.1,,,
2012-07-26,19.15,20.9,22.6,23.55,24.05,25.45,26.15,26.7,27.3,,,
2012-07-27,18.6,20.65,22.45,23.5,24.15,25.6,26.25,26.7,27.15,,,
2012-07-30,19.5,21.25,22.9,23.8,24.35,25.75,26.5,27.0,27.5,,,
2012-07-31,19.9,21.65,23.1,24.0,24.6,26.05,26.8,27.25,27.7,,,
2012-08-01,19.7,21.35,23.0,24.05,24.8,26.25,27.0,27.35,27.8,,,
2012-08-02,18.7,20.7,22.6,23.8,24.6,26.15,26.95,27.4,27.8,,,
2012-08-03,17.2,19.4,21.45,22.85,23.7,25.3,26.25,26.7,27.35,,,
2012-08-06,16.85,19.0,21.05,22.7,23.65,25.2,26.1,26.65,27.05,,,
2012-08-07,17.65,19.7,21.5,23.0,23.8,25.4,26.35,26.95,27.4,,,
2012-08-08,16.8,18.9,20.75,22.5,23.5,25.15,26.05,26.65,27.4,,,
2012-08-09,16.55,18.65,20.65,22.35,23.35,25.1,26.05,26.65,27.1,,,
2012-08-10,16.35,18.55,20.5,22.15,23.2,24.85,25.85,26.45,26.95,,,
2012-08-13,15.8,18.25,20.3,22.0,23.05,24.7,25.8,26.45,26.95,,,
2012-08-14,16.4,19.0,20.85,22.5,23.45,25.15,26.2,26.85,27.4,,,
2012-08-15,16.2,19.0,20.95,22.5,23.5,25.2,26.15,26.8,27.3,,,
2012-08-16,15.9,18.75,20.7,22.25,23.35,25.1,26.1,26.75,27.2,,,
2012-08-17,15.1,18.2,20.3,21.95,23.05,24.95,26.05,26.7,27.15,,,
2012-08-20,14.65,18.25,20.5,22.2,23.4,25.3,26.45,27.1,27.5,,,
2012-08-21,14.9,18.75,20.85,22.6,23.8,25.75,26.9,27.55,27.9,,,
2012-08-22,19.0,21.25,22.8,23.8,25.65,26.9,27.65,28.1,,,,
2012-08-23,19.3,21.6,23.2,24.3,26.0,27.1,27.9,28.4,,,,
2012-08-24,18.55,21.2,22.95,24.0,25.85,27.05,27.9,28.4,,,,
2012-08-27,18.8,21.3,22.9,23.85,25.65,26.75,27.75,28.35,,,,
2012-08-28,19.0,21.45,23.1,24.05,25.75,26.8,27.8,28.35,,,,
2012-08-29,19.25,21.7,23.25,24.15,25.8,26.95,27.95,28.5,,,,
2012-08-30,19.7,22.0,23.55,24.35,26.05,27.05,28.05,28.65,,,,
2012-08-31,18.95,21.2,22.85,23.8,25.6,26.65,27.65,28.25,,,,
2012-09-04,18.65,20.75,22.55,23.65,25.55,26.75,27.75,28.35,,,,
2012-09-05,18.15,20.35,22.15,23.15,25.1,26.35,27.3,27.85,,,,
2012-09-06,16.1,18.55,20.6,21.95,24.05,25.35,26.4,27.1,,,,
2012-09-07,15.1,17.55,19.7,21.05,23.25,24.8,25.85,26.5,,,,
2012-09-10,16.5,18.55,20.4,21.55,23.65,25.1,26.25,26.95,,,,
2012-09-11,16.6,18.35,19.95,21.25,23.4,24.8,25.95,26.7,,,,
2012-09-12,15.8,17.6,19.15,20.4,22.65,24.1,25.3,26.05,,,,
2012-09-13,14.9,16.45,17.95,19.2,21.5,23.1,24.5,25.35,,,,
2012-09-14,15.75,17.35,18.4,19.35,21.6,23.15,24.6,25.35,,,,
2012-09-17,15.0,16.85,18.25,19.15,21.4,22.9,24.25,25.1,,,,
2012-09-18,14.3,16.25,17.75,19.05,20.95,22.45,23.9,24.75,,,,
2012-09-19,16.05,17.7,19.0,20.8,22.2,23.6,24.55,,,,,
2012-09-20,16.4,18.05,19.2,20.9,22.2,23.5,24.6,,,,,
2012-09-21,16.05,17.9,19.25,20.95,22.35,23.7,24.75,,,,,
2012-09-24,15.9,17.6,19.0,20.7,22.15,23.4,24.6,25.95,,,,
2012-09-25,17.15,18.35,19.5,21.1,22.4,23.65,24.85,26.05,,,,
2012-09-26,17.75,18.9,19.95,21.45,22.6,23.75,24.95,26.25,,,,
2012-09-27,16.1,17.75,18.95,20.75,22.05,23.25,24.4,25.55,,,,
2012-09-28,16.4,18.05,19.2,20.9,22.15,23.35,24.5,25.65,,,,
2012-10-01,16.95,18.3,19.2,20.85,22.2,23.45,24.5,25.75,,,,
2012-10-02,16.6,17.95,19.0,20.7,22.05,23.25,24.35,25.5,,,,
2012-10-03,16.5,17.7,18.8,20.5,21.8,22.95,24.15,25.45,,,,
2012-10-04,15.8,17.4,18.4,20.0,21.25,22.45,23.65,24.95,,,,
2012-10-05,15.75,17.25,18.25,19.85,21.15,22.4,23.55,24.75,,,,
2012-10-08,15.9,17.4,18.35,19.85,21.15,22.3,23.55,24.8,,,,
2012-10-09,16.7,18.05,18.75,20.15,21.4,22.55,23.7,24.85,,,,
2012-10-10,16.75,18.15,19.0,20.4,21.55,22.55,23.8,24.95,,,,
2012-10-11,16.2,17.55,18.5,19.95,21.15,22.2,23.3,24.55,,,,
2012-10-12,16.65,18.0,18.65,20.05,21.0,22.0,22.9,24.25,,,,
2012-10-15,15.7,17.15,18.05,19.7,20.75,21.75,22.85,24.0,,,,
2012-10-16,15.5,16.75,17.65,19.2,20.35,21.4,22.55,23.75,,,,
2012-10-17,16.45,17.5,19.0,20.05,21.25,22.25,23.5,,,,,
2012-10-18,16.7,17.6,19.2,20.2,21.3,22.4,23.6,,,,,
2012-10-19,17.6,18.45,20.0,20.85,21.8,22.85,24.15,,,,,
2012-10-22,17.35,18.05,19.6,20.55,21.6,22.6,23.7,24.4,,,,
2012-10-23,19.2,19.4,20.6,21.35,22.05,22.95,24.15,24.9,,,,
2012-10-24,18.75,19.1,20.35,21.05,21.8,22.7,23.95,24.5,,,,
2012-10-25,18.3,18.9,20.15,20.9,21.7,22.55,23.65,24.3,,,,
2012-10-26,18.25,18.9,20.15,20.85,21.7,22.55,23.65,24.3,,,,
2012-10-31,18.95,19.5,20.65,21.2,21.95,22.85,23.95,24.55,,,,
2012-11-01,16.9,17.9,19.2,20.0,20.9,21.85,22.9,23.5,,,,
2012-11-02,17.8,18.6,20.0,20.7,21.5,22.45,23.65,24.2,,,,
2012-11-05,18.1,18.9,20.25,20.95,21.7,22.6,23.65,24.3,,,,
2012-11-06,17.05,18.1,19.45,20.15,21.05,21.9,23.0,23.6,,,,
2012-11-07,18.85,19.5,20.55,21.15,21.7,22.45,23.55,24.15,,,,
2012-11-08,18.5,19.3,20.55,21.15,21.85,22.55,23.65,24.25,,,,
2012-11-09,18.6,19.6,20.9,21.55,22.3,22.9,23.85,24.35,,,,
2012-11-12,17.1,18.35,20.0,20.7,21.5,22.3,23.25,23.75,,,,
2012-11-13,16.95,18.2,19.9,20.7,21.45,22.15,23.1,23.7,,,,
2012-11-14,17.85,19.0,20.5,21.25,21.95,22.65,23.5,24.05,,,,
2012-11-15,18.05,19.15,20.6,21.35,22.0,22.85,23.7,24.3,,,,
2012-11-16,16.75,18.2,19.9,20.7,21.4,22.4,23.3,23.9,,,,
2012-11-19,15.25,16.6,18.65,19.65,20.45,21.5,22.7,23.35,,,,
2012-11-20,15.15,16.4,18.05,19.2,20.05,21.2,22.5,23.1,,,,
2012-11-21,16.45,18.35,19.4,20.15,21.25,22.6,23.2,,,,,
2012-11-23,16.1,17.9,19.15,19.95,20.9,22.25,22.8,,,,,
2012-11-26,15.6,17.45,18.75,19.6,20.75,22.1,22.65,23.0,,,,
2012-11-27,16.15,17.8,19.0,19.85,20.9,22.25,22.8,23.15,,,,
2012-11-28,15.5,17.3,18.55,19.55,20.7,22.1,22.7,23.05,,,,
2012-11-29,15.25,17.0,18.25,19.2,20.3,21.8,22.45,22.85,,,,
2012-11-30,15.55,17.15,18.4,19.3,20.4,21.9,22.55,22.85,,,,
2012-12-03,16.4,17.7,18.85,19.7,20.9,22.35,22.9,23.2,,,,
2012-12-04,16.5,17.9,18.95,19.85,20.95,22.3,22.85,23.15,,,,
2012-12-05,16.1,17.35,18.35,19.25,20.4,21.8,22.5,22.8,,,,
2012-12-06,16.4,17.65,18.55,19.35,20.45,21.9,22.5,22.8,,,,
2012-12-07,16.0,17.25,18.3,19.1,20.2,21.7,22.25,22.7,,,,
2012-12-10,16.0,17.05,18.1,18.9,20.0,21.55,22.2,22.6,,,,
2012-12-11,15.55,16.5,17.65,18.55,19.7,21.3,22.0,22.4,,,,
2012-12-12,16.1,17.15,18.1,18.9,19.95,21.55,22.3,22.7,,,,
2012-12-13,16.6,17.35,18.4,19.2,20.3,21.85,22.6,23.0,,,,
2012-12-14,16.85,17.2,18.25,19.3,20.3,21.9,22.65,22.95,,,,
2012-12-17,16.2,16.5,17.55,18.6,19.55,21.25,21.95,22.45,,,,
2012-12-18,15.55,16.15,17.1,18.15,19.1,20.85,21.6,22.1,,,,
2012-12-19,17.1,17.9,18.75,19.6,21.1,21.95,22.45,,,,,
2012-12-20,17.5,18.15,19.05,19.8,21.25,22.1,22.55,,,,,
2012-12-21,18.25,18.55,19.5,20.4,21.8,22.65,23.05,,,,,
2012-12-24,18.65,18.95,19.7,20.4,21.8,22.75,23.15,22.95,,,,
2012-12-26,19.5,19.55,20.2,20.8,22.15,22.95,23.55,24.0,,,,
2012-12-27,19.1,19.4,20.1,20.5,21.75,22.65,23.15,23.6,,,,
2012-12-28,22.35,21.95,22.0,22.0,22.7,23.65,23.75,24.65,,,,
2012-12-31,17.7,18.5,19.6,20.4,21.9,22.75,23.25,23.65,,,,
2013-01-02,15.6,16.75,18.1,18.85,20.45,21.45,22.0,22.55,,,,
2013-01-03,15.9,16.95,18.15,18.95,20.4,21.4,22.0,22.55,,,,
2013-01-04,15.3,16.7,18.05,18.75,20.25,21.15,21.75,22.3,,,,
2013-01-07,14.75,16.45,17.95,18.8,20.35,21.2,21.75,22.35,,,,
2013-01-08,14.65,16.45,17.9,18.7,20.2,21.15,21.75,22.35,,,,
2013-01-09,14.7,16.4,17.95,18.6,20.05,20.9,21.5,22.15,,,,
2013-01-10,14.2,16.1,17.75,18.4,19.9,20.6,21.15,21.75,,,,
2013-01-11,14.15,16.0,17.65,18.35,19.7,20.5,21.0,21.6,,,,
2013-01-14,14.1,15.95,17.35,18.2,19.55,20.3,20.85,21.4,,,,
2013-01-15,14.2,15.8,17.25,18.15,19.55,20.3,20.8,21.35,,,,
2013-01-16,15.5,17.1,17.95,19.35,20.1,20.75,21.35,,,,,
2013-01-17,15.7,17.0,17.9,19.1,19.8,20.45,21.05,,,,,
2013-01-18,14.65,16.3,17.25,18.5,19.15,19.8,20.45,,,,,
2013-01-22,14.05,15.4,16.5,17.8,18.55,19.2,19.8,,,,,
2013-01-23,13.7,15.05,16.25,17.6,18.25,18.9,19.5,20.0,,,,
2013-01-24,13.95,15.1,16.15,17.55,18.2,18.85,19.45,19.95,,,,
2013-01-25,14.1,15.15,16.1,17.45,18.1,18.75,19.3,19.85,,,,
2013-01-28,14.6,15.35,16.3,17.55,18.2,18.75,19.35,19.9,,,,
2013-01-29,14.05,14.95,16.0,17.35,18.05,18.7,19.25,19.75,,,,
2013-01-30,15.15,15.8,16.6,17.7,18.4,18.95,19.5,20.0,,,,
2013-01-31,14.9,15.75,16.7,17.8,18.5,19.05,19.55,20.05,,,,
2013-02-01,14.3,15.4,16.35,17.75,18.45,19.0,19.5,20.0,,,,
2013-02-04,15.3,15.9,16.75,17.9,18.55,19.15,19.7,20.25,,,,
2013-02-05,14.4,15.6,16.6,17.8,18.5,19.05,19.6,20.1,,,,
2013-02-06,14.15,15.35,16.45,17.65,18.3,18.95,19.5,20.1,,,,
2013-02-07,14.1,15.35,16.35,17.55,18.25,18.9,19.45,20.0,,,,
2013-02-08,13.8,15.05,16.1,17.35,18.0,18.6,19.2,19.8,,,,
2013-02-11,13.5,14.95,15.85,17.1,17.8,18.45,19.0,19.55,,,,
2013-02-12,13.0,14.8,15.8,17.0,17.7,18.4,18.95,19.45,,,,
2013-02-13,14.75,15.85,17.05,17.65,18.2,18.9,19.45,,,,,
2013-02-14,14.55,15.75,17.05,17.7,18.35,18.9,19.4,,,,,
2013-02-15,14.5,15.65,17.1,17.75,18.4,19.05,19.5,,,,,
2013-02-19,13.9,14.95,16.55,17.3,17.95,18.65,19.2,19.5,,,,
2013-02-20,15.4,16.0,17.15,17.8,18.4,19.05,19.5,19.75,,,,
2013-02-21,15.5,16.15,17.3,17.95,18.6,19.2,19.7,20.15,,,,
2013-02-22,14.85,15.7,17.0,17.7,18.25,18.95,19.4,19.8,,,,
2013-02-25,17.65,17.5,17.95,18.3,18.7,19.25,19.6,20.0,,,,
2013-02-26,17.05,17.35,17.9,18.35,18.7,19.3,19.65,19.95,,,,
2013-02-27,15.4,16.1,17.1,17.65,18.15,18.7,19.25,19.6,,,,
2013-02-28,16.15,16.7,17.5,17.95,18.4,18.95,19.4,19.75,,,,
2013-03-01,16.4,16.95,17.6,18.05,18.5,19.05,19.45,19.85,,,,
2013-03-04,15.0,15.85,17.1,17.75,18.2,18.85,19.2,19.55,,,,
2013-03-05,14.55,15.55,16.9,17.4,17.8,18.45,18.85,19.15,,,,
2013-03-06,14.7,15.55,16.85,17.45,17.85,18.35,18.75,19.1,,,,
2013-03-07,14.2,15.25,16.7,17.4,17.85,18.4,18.75,19.1,,,,
2013-03-08,13.8,15.1,16.65,17.3,17.75,18.25,18.65,19.05,,,,
2013-03-11,13.0,14.45,16.4,17.15,17.7,18.2,18.6,18.9,,,,
2013-03-12,13.25,14.8,16.55,17.3,17.85,18.35,18.75,19.1,,,,
2013-03-13,12.95,14.7,16.6,17.4,17.95,18.45,18.85,19.15,,,,
2013-03-14,12.55,14.6,16.55,17.25,17.85,18.4,18.8,19.1,,,,
2013-03-15,12.55,14.7,16.65,17.35,17.9,18.4,18.8,19.15,,,,
2013-03-18,13.7,15.4,16.95,17.65,18.1,18.65,19.05,19.4,,,,
2013-03-19,14.8,15.4,17.0,17.65,18.15,18.75,19.1,19.5,,,,
2013-03-20,14.5,16.75,17.5,18.1,18.7,19.05,19.4,,,,,
2013-03-21,14.95,16.95,17.65,18.1,18.65,19.15,19.45,,,,,
2013-03-22,14.8,16.9,17.65,18.2,18.8,19.2,19.45,,,,,
2013-03-25,14.55,16.7,17.35,17.85,18.35,18.85,19.2,19.4,,,,
2013-03-26,14.2,16.55,17.25,17.75,18.35,18.8,19.1,19.3,,,,
2013-03-27,14.4,16.65,17.3,17.8,18.4,18.85,19.2,19.45,,,,
2013-03-28,14.2,16.6,17.35,17.85,18.45,18.9,19.25,19.45,,,,
2013-04-01,14.4,16.7,17.5,18.1,18.65,19.1,19.4,19.55,,,,
2013-04-02,13.8,16.35,17.15,17.75,18.35,18.85,19.15,19.35,,,,
2013-04-03,14.65,16.5,17.3,17.9,18.5,18.95,19.3,19.5,,,,
2013-04-04,14.25,16.5,17.25,17.85,18.45,18.9,19.25,19.45,,,,
2013-04-05,14.35,16.45,17.25,17.9,18.55,19.0,19.3,19.5,,,,
2013-04-08,13.65,16.05,16.8,17.45,18.15,18.65,19.0,19.2,,,,
2013-04-09,13.6,15.95,16.7,17.3,17.95,18.5,18.9,19.15,,,,
2013-04-10,13.1,15.55,16.35,17.1,17.75,18.25,18.65,18.9,,,,
2013-04-11,13.15,15.45,16.3,16.95,17.65,18.25,18.65,19.0,,,,
2013-04-12,12.75,15.3,16.0,16.7,17.45,18.05,18.45,18.8,,,,
2013-04-15,16.7,16.85,17.55,18.0,18.5,19.0,19.35,19.6,,,,
2013-04-16,13.95,15.7,16.35,17.0,17.75,18.3,18.65,18.95,,,,
2013-04-17,16.75,17.15,17.5,18.0,18.4,18.85,19.05,,,,,
2013-04-18,17.5,17.9,18.25,18.6,18.85,19.25,19.4,,,,,
2013-04-19,16.8,17.55,18.1,18.75,19.15,19.45,19.5,,,,,
2013-04-22,16.1,16.95,17.5,18.1,18.6,19.0,19.15,19.7,,,,
2013-04-23,15.4,16.4,16.8,17.45,17.95,18.45,18.65,19.3,,,,
2013-04-24,15.4,16.25,16.75,17.45,17.95,18.4,18.6,19.25,,,,
2013-04-25,15.5,16.3,16.8,17.45,17.95,18.4,18.6,19.25,,,,
2013-04-26,15.6,16.4,16.95,17.5,17.9,18.35,18.6,19.25,,,,
2013-04-29,15.55,16.3,16.75,17.4,17.85,18.25,18.45,19.05,,,,
2013-04-30,15.4,16.25,16.75,17.25,17.7,18.05,18.3,19.0,,,,
2013-05-01,15.95,16.7,17.2,17.65,18.0,18.35,18.6,19.3,,,,
2013-05-02,15.5,16.4,16.9,17.5,17.9,18.25,18.45,19.05,,,,
2013-05-03,15.25,16.2,16.7,17.25,17.75,18.05,18.25,18.9,,,,
2013-05-06,14.95,15.9,16.5,17.0,17.35,17.75,18.0,18.75,,,,
2013-05-07,14.9,15.8,16.3,16.85,17.3,17.65,17.8,18.5,,,,
2013-05-08,15.1,15.95,16.45,16.95,17.4,17.75,17.95,18.6,,,,
2013-05-09,15.35,16.25,16.75,17.2,17.55,17.9,18.1,18.75,,,,
2013-05-10,15.1,16.2,16.8,17.3,17.75,18.05,18.25,18.95,,,,
2013-05-13,15.1,16.2,16.85,17.4,17.85,18.15,18.35,19.05,,,,
2013-05-14,15.05,16.1,16.8,17.35,17.8,18.1,18.25,18.95,,,,
2013-05-15,15.15,16.25,16.85,17.45,17.9,18.25,18.4,19.1,,,,
2013-05-16,15.35,16.35,16.95,17.6,18.05,18.5,18.6,19.2,,,,
2013-05-17,15.1,16.15,16.8,17.4,17.9,18.35,18.45,19.2,,,,
2013-05-20,13.3,15.1,16.25,16.95,17.6,18.05,18.55,18.65,19.4,,,
2013-05-21,13.55,15.4,16.5,17.15,17.8,18.35,18.9,19.0,19.7,,,
2013-05-22,15.3,16.4,17.15,17.75,18.25,18.75,18.85,19.5,,,,
2013-05-23,15.5,16.55,17.45,18.0,18.4,18.85,19.05,19.7,,,,
2013-05-24,15.5,16.5,17.3,17.95,18.4,18.85,19.0,19.7,,,,
2013-05-28,15.2,16.35,17.2,17.85,18.25,18.7,18.9,19.6,10.25,,,
2013-05-29,15.4,16.4,17.15,17.8,18.25,18.7,18.9,19.6,20.0,,,
2013-05-30,15.4,16.55,17.25,17.85,18.35,18.75,18.95,19.65,20.05,,,
2013-05-31,16.05,17.15,17.8,18.35,18.8,19.1,19.3,19.95,20.4,,,
2013-06-03,16.0,17.0,17.75,18.35,18.85,19.2,19.4,20.15,20.5,,,
2013-06-04,16.1,17.1,17.8,18.4,18.9,19.25,19.45,20.15,20.6,,,
2013-06-05,17.05,17.7,18.25,18.75,19.15,19.5,19.65,20.4,20.9,,,
2013-06-06,16.55,17.25,18.0,18.55,19.05,19.4,19.55,20.35,20.75,,,
2013-06-07,15.8,16.9,17.7,18.35,18.85,19.25,19.45,20.15,20.6,,,
2013-06-10,15.6,16.7,17.5,18.1,18.6,19.0,19.2,19.95,20.4,,,
2013-06-11,16.9,17.6,18.15,18.75,19.2,19.5,19.7,20.45,20.85,,,
2013-06-12,18.25,18.55,18.8,19.35,19.75,20.05,20.25,20.95,21.25,,,
2013-06-13,16.8,17.7,18.45,18.95,19.4,19.65,19.85,20.55,21.0,,,
2013-06-14,17.55,18.3,18.9,19.4,19.85,20.15,20.35,21.05,21.5,,,
2013-06-17,16.95,17.8,18.55,19.1,19.6,19.95,20.2,20.95,21.3,,,
2013-06-18,16.8,17.65,18.35,19.0,19.55,19.9,20.2,20.95,21.3,,,
2013-06-19,17.55,18.35,19.05,19.55,20.0,20.15,21.0,21.35,,,,
2013-06-20,19.65,19.45,20.05,20.4,20.65,20.85,21.55,21.85,,,,
2013-06-21,19.0,19.4,19.9,20.25,20.6,20.85,21.5,21.75,,,,
2013-06-24,20.15,20.3,20.85,21.0,21.2,21.35,22.0,22.3,23.0,,,
2013-06-25,19.45,19.95,20.55,20.85,21.15,21.3,22.0,22.3,22.5,,,
2013-06-26,18.85,19.6,20.4,20.8,21.1,21.4,22.05,22.3,22.55,,,
2013-06-27,18.2,19.05,19.9,20.4,20.8,21.05,21.7,22.05,22.25,,,
2013-06-28,18.05,18.9,19.85,20.35,20.7,21.0,21.7,22.1,22.25,,,
2013-07-01,17.65,18.45,19.4,20.0,20.4,20.6,21.45,21.8,21.95,,,
2013-07-02,17.6,18.45,19.5,20.1,20.5,20.85,21.6,21.95,22.3,,,
2013-07-03,17.25,18.35,19.35,19.95,20.45,20.75,21.6,21.95,22.2,,,
2013-07-05,15.95,17.45,18.75,19.45,19.95,20.4,21.2,21.5,21.85,,,
2013-07-08,15.35,16.75,17.9,18.7,19.25,19.7,20.55,20.95,21.35,,,
2013-07-09,15.1,16.65,17.8,18.55,19.05,19.55,20.4,20.75,21.15,,,
2013-07-10,14.85,16.35,17.45,18.2,18.85,19.1,20.05,20.5,20.9,,,
2013-07-11,14.5,16.05,17.2,17.9,18.5,18.9,19.8,20.25,20.7,,,
2013-07-12,14.65,16.2,17.3,18.05,18.65,19.0,19.9,20.35,20.8,,,
2013-07-15,14.05,15.75,16.95,17.75,18.3,18.7,19.5,20.05,20.5,,,
2013-07-16,14.25,16.2,17.45,18.35,18.9,19.35,20.05,20.45,20.85,,,
2013-07-17,15.6,16.95,17.85,18.45,18.9,19.7,20.15,20.5,,,,
2013-07-18,15.45,16.9,17.85,18.4,18.8,19.6,20.1,20.5,,,,
2013-07-19,14.9,16.5,17.55,18.25,18.75,19.5,20.05,20.4,,,,
2013-07-22,14.7,16.2,17.3,18.0,18.55,19.35,19.9,20.25,20.8,,,
2013-07-23,14.65,16.15,17.2,17.9,18.45,19.2,19.7,20.1,20.4,,,
2013-07-24,14.8,16.2,17.25,17.95,18.45,19.2,19.75,20.05,20.35,,,
2013-07-25,14.5,15.9,16.95,17.65,18.25,19.0,19.55,19.9,20.25,,,
2013-07-26,14.45,15.85,16.9,17.6,18.1,18.9,19.5,19.8,20.2,,,
2013-07-29,14.65,15.95,16.9,17.6,18.15,18.85,19.45,19.8,20.15,,,
2013-07-30,14.3,15.7,16.7,17.45,17.95,18.7,19.25,19.65,19.95,,,
2013-07-31,13.9,15.4,16.35,17.05,17.65,18.35,18.9,19.3,19.7,,,
2013-08-01,13.6,15.05,16.05,16.8,17.35,18.1,18.7,19.05,19.4,,,
2013-08-02,13.15,14.65,15.75,16.5,17.05,17.85,18.45,18.9,19.3,,,
2013-08-05,13.05,14.45,15.5,16.3,16.85,17.65,18.3,18.65,19.05,,,
2013-08-06,13.4,14.85,15.9,16.65,17.2,18.0,18.6,18.95,19.3,,,
2013-08-07,13.55,15.05,16.05,16.75,17.25,18.0,18.6,18.95,19.3,,,
2013-08-08,13.25,14.85,15.9,16.6,17.15,17.9,18.45,18.8,19.2,,,
2013-08-09,13.55,15.2,16.1,16.85,17.35,18.1,18.65,19.0,19.3,,,
2013-08-12,13.35,15.0,16.05,16.85,17.35,18.05,18.6,18.95,19.3,,,
2013-08-13,13.1,14.9,16.15,17.0,17.5,18.25,18.8,19.15,19.45,,,
2013-08-14,13.35,15.15,16.35,17.2,17.75,18.45,19.0,19.35,19.65,,,
2013-08-15,14.25,15.75,16.85,17.6,18.15,18.9,19.4,19.75,20.0,,,
2013-08-16,14.45,15.6,16.7,17.45,18.0,18.75,19.3,19.65,19.85,,,
2013-08-19,15.05,15.95,16.9,17.7,18.2,18.9,19.5,19.85,20.1,,,
2013-08-20,15.0,15.65,16.7,17.45,17.95,18.65,19.2,19.55,19.85,,,
2013-08-21,16.1,16.95,17.65,18.0,18.65,19.2,19.6,19.85,,,,
2013-08-22,15.45,16.4,17.05,17.45,18.1,18.65,19.1,19.4,,,,
2013-08-23,15.2,16.25,16.95,17.35,18.0,18.55,19.05,19.3,,,,
2013-08-26,15.85,16.7,17.3,17.7,18.4,18.9,19.35,19.65,19.55,,,
2013-08-27,17.2,17.9,18.4,18.7,19.35,19.8,20.15,20.4,20.65,,,
2013-08-28,17.35,17.95,18.4,18.7,19.35,19.8,20.25,20.45,20.7,,,
2013-08-29,17.35,17.95,18.45,18.8,19.45,19.95,20.35,20.6,20.9,,,
2013-08-30,17.5,18.15,18.65,18.95,19.6,20.0,20.45,20.75,20.95,,,
2013-09-03,16.85,17.65,18.2,18.5,19.15,19.6,20.0,20.3,20.6,,,
2013-09-04,16.7,17.55,18.1,18.35,19.05,19.5,19.9,20.15,20.4,,,
2013-09-05,16.4,17.4,18.0,18.35,19.05,19.5,19.9,20.1,20.4,,,
2013-09-06,16.5,17.5,18.2,18.45,19.1,19.6,20.0,20.15,20.4,,,
2013-09-09,15.8,16.8,17.55,17.9,18.6,19.05,19.5,19.75,20.05,,,
2013-09-10,15.15,16.35,17.15,17.4,18.2,18.8,19.2,19.4,19.75,,,
2013-09-11,14.55,15.75,16.7,17.05,17.85,18.45,18.95,19.2,19.5,,,
2013-09-12,14.8,15.8,16.7,17.15,17.9,18.5,19.0,19.3,19.55,,,
2013-09-13,14.8,15.8,16.65,17.1,17.9,18.5,19.0,19.25,19.55,,,
2013-09-16,14.7,15.55,16.45,16.9,17.7,18.25,18.8,19.05,19.35,,,
2013-09-17,14.65,15.45,16.3,16.8,17.55,18.15,18.65,18.95,19.25,,,
2013-09-18,14.7,15.9,16.4,17.15,17.75,18.25,18.6,18.95,,,,
2013-09-19,14.75,15.9,16.55,17.25,17.8,18.25,18.65,19.0,,,,
2013-09-20,15.0,16.15,16.8,17.65,18.3,18.8,19.15,19.45,,,,
2013-09-23,15.35,16.4,17.05,17.8,18.45,18.95,19.3,19.55,19.7,,,
2013-09-24,15.05,16.25,16.85,17.65,18.35,18.85,19.2,19.5,19.8,,,
2013-09-25,15.05,16.2,16.85,17.7,18.35,18.9,19.2,19.5,19.8,,,
2013-09-26,14.8,15.95,16.55,17.45,18.1,18.65,19.0,19.3,19.6,,,
2013-09-27,15.5,16.35,16.9,17.7,18.35,18.8,19.1,19.4,19.7,,,
2013-09-30,16.2,16.9,17.35,18.05,18.65,19.1,19.4,19.65,20.05,,,
2013-10-01,15.45,16.25,16.9,17.65,18.35,18.8,19.2,19.45,19.75,,,
2013-10-02,16.35,16.9,17.25,18.0,18.6,19.05,19.35,19.65,19.95,,,
2013-10-03,17.25,17.45,17.75,18.35,18.85,19.25,19.55,19.8,20.1,,,
2013-10-04,16.8,17.0,17.35,18.1,18.7,19.1,19.4,19.65,19.95,,,
2013-10-07,18.5,18.35,18.3,18.85,19.25,19.55,19.85,20.0,20.25,,,
2013-10-08,19.4,19.1,18.95,19.55,19.95,20.25,20.5,20.65,20.75,,,
2013-10-09,18.85,18.7,18.85,19.4,19.85,20.1,20.4,20.55,20.75,,,
2013-10-10,16.4,16.85,17.45,18.2,18.8,19.15,19.5,19.75,20.0,,,
2013-10-11,15.7,16.4,16.95,17.7,18.25,18.65,19.0,19.35,19.6,,,
2013-10-14,15.9,16.65,17.2,17.9,18.35,18.65,19.0,19.3,19.55,,,
2013-10-15,18.2,17.3,17.65,18.3,18.65,18.9,19.15,19.45,19.7,,,
2013-10-16,15.55,16.55,17.45,18.05,18.5,18.9,19.25,19.45,,,,
2013-10-17,14.55,15.6,16.9,17.5,17.9,18.3,18.65,19.0,,,,
2013-10-18,14.35,15.25,16.55,17.3,17.75,18.15,18.55,18.85,,,,
2013-10-21,14.6,15.5,16.65,17.3,17.75,18.15,18.6,18.9,19.2,,,
2013-10-22,14.6,15.55,16.75,17.45,17.85,18.3,18.7,19.0,19.5,,,
2013-10-23,14.7,15.55,16.85,17.6,18.0,18.4,18.8,19.15,19.45,,,
2013-10-24,14.45,15.45,16.7,17.45,17.9,18.35,18.75,19.05,19.35,,,
2013-10-25,14.5,15.5,16.8,17.55,18.05,18.45,18.85,19.2,19.5,,,
2013-10-28,14.55,15.5,16.85,17.65,18.15,18.55,18.95,19.25,19.5,,,
2013-10-29,14.45,15.5,16.85,17.7,18.15,18.6,19.0,19.25,19.6,,,
2013-10-30,14.55,15.55,16.9,17.7,18.2,18.65,19.05,19.35,19.7,,,
2013-10-31,14.5,15.5,16.85,17.7,18.25,18.65,19.05,19.35,19.65,,,
2013-11-01,14.45,15.6,16.9,17.8,18.35,18.75,19.2,19.5,19.75,,,
2013-11-04,13.95,15.1,16.5,17.45,18.05,18.55,18.95,19.3,19.55,,,
2013-11-05,14.0,15.2,16.6,17.55,18.15,18.65,19.05,19.4,19.65,,,
2013-11-06,13.7,14.95,16.4,17.35,17.95,18.4,18.9,19.2,19.55,,,
2013-11-07,14.25,15.4,16.75,17.65,18.25,18.75,19.15,19.45,19.8,,,
2013-11-08,13.6,14.85,16.35,17.3,17.9,18.45,18.85,19.2,19.45,,,
2013-11-11,13.3,14.75,16.45,17.4,18.05,18.5,18.9,19.25,19.5,,,
2013-11-12,13.35,14.8,16.45,17.45,18.1,18.55,19.05,19.35,19.65,,,
2013-11-13,13.25,14.65,16.45,17.5,18.25,18.7,19.2,19.5,19.75,,,
2013-11-14,13.05,14.6,16.4,17.55,18.25,18.8,19.25,19.55,19.8,,,
2013-11-15,12.95,14.35,16.3,17.45,18.2,18.75,19.2,19.5,19.8,,,
2013-11-18,13.3,14.3,16.15,17.4,18.1,18.6,19.15,19.45,19.75,,,
2013-11-19,13.6,14.5,16.4,17.55,18.2,18.7,19.15,19.45,19.75,,,
2013-11-20,14.15,16.0,17.15,17.9,18.45,18.95,19.35,19.6,,,,
2013-11-21,13.7,15.5,16.7,17.45,18.0,18.55,18.95,19.25,,,,
2013-11-22,13.6,15.2,16.45,17.25,17.8,18.35,18.8,19.1,,,,
2013-11-25,13.65,15.05,16.3,17.1,17.7,18.3,18.75,19.05,19.4,,,
2013-11-26,13.75,15.0,16.3,17.1,17.65,18.25,18.75,19.15,19.5,,,
2013-11-27,13.85,15.1,16.3,17.1,17.7,18.25,18.75,19.15,19.45,,,
2013-11-29,13.95,15.15,16.35,17.15,17.7,18.25,18.7,19.15,19.4,,,
2013-12-02,14.3,15.2,16.3,17.1,17.6,18.2,18.65,19.1,19.45,,,
2013-12-03,14.65,15.5,16.5,17.2,17.7,18.2,18.65,19.05,19.4,,,
2013-12-04,14.25,15.4,16.45,17.15,17.6,18.1,18.55,18.9,19.25,,,
2013-12-05,14.55,15.5,16.45,17.15,17.6,18.05,18.5,18.85,19.2,,,
2013-12-06,13.95,15.0,16.05,16.75,17.25,17.8,18.25,18.6,18.95,,,
2013-12-09,13.75,14.8,15.8,16.5,17.05,17.5,18.0,18.4,18.75,,,
2013-12-10,13.95,14.9,15.9,16.6,17.1,17.6,18.05,18.4,18.8,,,
2013-12-11,14.9,15.45,16.4,17.1,17.55,18.05,18.5,18.85,19.2,,,
2013-12-12,15.4,15.5,16.45,17.1,17.6,18.05,18.55,18.95,19.25,,,
2013-12-13,15.5,15.5,16.5,17.2,17.65,18.05,18.5,18.9,19.15,,,
2013-12-16,15.9,15.75,16.6,17.3,17.75,18.15,18.5,18.95,19.25,,,
2013-12-17,16.25,15.55,16.4,17.05,17.55,18.0,18.35,18.8,19.1,,,
2013-12-18,14.5,15.55,16.35,16.9,17.35,17.85,18.3,18.65,,,,
2013-12-19,14.45,15.6,16.5,17.1,17.55,18.0,18.45,18.8,,,,
2013-12-20,14.45,15.45,16.35,16.95,17.45,17.9,18.4,18.7,,,,
2013-12-23,13.9,15.0,15.95,16.65,17.15,17.65,18.15,18.5,17.9,,,
2013-12-24,13.4,14.6,15.65,16.3,16.75,17.2,17.75,18.3,18.65,,,
2013-12-26,13.4,14.5,15.55,16.2,16.75,17.2,17.75,18.1,18.55,,,
2013-12-27,13.7,14.65,15.65,16.3,16.85,17.25,17.8,18.15,18.6,,,
2013-12-30,13.9,14.85,15.8,16.45,16.95,17.4,17.95,18.3,18.65,,,
2013-12-31,13.95,14.75,15.6,16.25,16.8,17.25,17.7,18.1,18.5,,,
2014-01-02,14.2,15.05,15.9,16.5,17.0,17.45,17.95,18.3,18.65,,,
2014-01-03,14.05,14.9,15.8,16.4,16.95,17.35,17.9,18.25,18.65,,,
2014-01-06,13.9,14.75,15.55,16.2,16.7,17.15,17.7,18.05,18.45,,,
2014-01-07,13.65,14.45,15.3,15.9,16.4,16.9,17.4,17.8,18.2,,,
2014-01-08,13.7,14.45,15.25,15.85,16.4,16.8,17.35,17.7,18.15,,,
2014-01-09,13.65,14.55,15.35,15.95,16.5,16.95,17.45,17.85,18.25,,,
2014-01-10,13.25,14.3,15.2,15.8,16.4,16.8,17.35,17.75,18.15,,,
2014-01-13,13.8,14.55,15.4,16.0,16.65,17.1,17.65,18.05,18.4,,,
2014-01-14,13.1,14.1,15.15,15.85,16.5,16.95,17.55,17.9,18.35,,,
2014-01-15,13.15,14.15,15.15,15.9,16.55,17.1,17.65,18.05,18.45,,,
2014-01-16,13.45,14.3,15.2,15.95,16.6,17.1,17.65,18.05,18.45,,,
2014-01-17,13.45,14.25,15.3,16.05,16.7,17.25,17.75,18.15,18.55,,,
2014-01-21,13.25,14.1,15.1,15.95,16.6,17.1,17.65,18.0,18.4,,,
2014-01-22,13.85,14.8,15.55,16.25,16.75,17.25,17.7,18.05,,,,
2014-01-23,14.2,14.95,15.65,16.35,16.9,17.4,17.9,18.25,,,,
2014-01-24,16.2,16.2,16.75,17.25,17.7,18.2,18.6,18.95,,,,
2014-01-27,16.1,16.25,16.65,17.1,17.6,18.1,18.45,18.8,19.0,,,
2014-01-28,15.2,15.55,16.1,16.6,17.1,17.65,18.05,18.4,18.7,,,
2014-01-29,16.4,16.45,16.8,17.15,17.5,17.9,18.25,18.6,18.85,,,
2014-01-30,16.65,16.6,16.9,17.35,17.7,18.1,18.45,18.75,19.0,,,
2014-01-31,17.6,17.35,17.4,17.65,17.85,18.2,18.5,18.85,19.15,,,
2014-02-03,19.2,18.6,18.45,18.55,18.7,18.95,19.15,19.4,19.45,,,
2014-02-04,18.65,18.35,18.45,18.6,18.8,19.1,19.3,19.5,19.6,,,
2014-02-05,19.15,18.75,18.85,19.0,19.25,19.55,19.75,19.9,20.0,,,
2014-02-06,17.0,17.0,17.35,17.8,18.15,18.55,18.85,19.1,19.3,,,
2014-02-07,15.5,15.9,16.5,16.95,17.4,17.85,18.15,18.5,18.75,,,
2014-02-10,15.65,15.85,16.45,16.95,17.35,17.8,18.15,18.45,18.75,,,
2014-02-11,15.05,15.3,15.95,16.5,16.9,17.4,17.75,18.15,18.4,,,
2014-02-12,14.55,15.0,15.75,16.4,16.9,17.4,17.75,18.15,18.4,,,
2014-02-13,14.6,14.95,15.65,16.35,16.8,17.25,17.6,17.95,18.25,,,
2014-02-14,14.2,14.7,15.45,16.2,16.7,17.2,17.55,17.9,18.15,,,
2014-02-18,14.25,14.45,15.1,15.9,16.4,16.9,17.2,17.6,17.9,,,
2014-02-19,15.4,15.8,16.45,16.9,17.3,17.6,17.95,18.2,,,,
2014-02-20,14.95,15.4,16.05,16.65,17.1,17.4,17.8,18.1,,,,
2014-02-21,15.15,15.45,16.1,16.6,17.1,17.45,17.85,18.1,,,,
2014-02-24,15.0,15.4,16.05,16.6,17.1,17.5,17.95,18.2,18.2,,,
2014-02-25,14.9,15.3,15.95,16.5,17.05,17.45,17.85,18.2,18.35,,,
2014-02-26,15.3,15.65,16.3,16.85,17.35,17.7,18.1,18.4,18.55,,,
2014-02-27,15.1,15.55,16.25,16.85,17.4,17.8,18.2,18.45,18.55,,,
2014-02-28,15.25,15.7,16.4,17.0,17.5,17.9,18.3,18.6,18.75,,,
2014-03-03,16.6,16.65,17.0,17.5,17.95,18.3,18.7,18.9,19.0,,,
2014-03-04,15.1,15.6,16.35,16.95,17.5,17.85,18.25,18.5,18.65,,,
2014-03-05,15.15,15.6,16.35,16.9,17.5,17.85,18.25,18.5,18.65,,,
2014-03-06,15.05,15.55,16.25,16.85,17.4,17.75,18.1,18.4,18.55,,,
2014-03-07,15.5,15.85,16.45,17.0,17.55,17.85,18.25,18.5,18.65,,,
2014-03-10,15.3,15.9,16.45,17.05,17.55,17.85,18.2,18.45,18.6,,,
2014-03-11,15.55,16.1,16.7,17.2,17.7,18.0,18.4,18.65,18.8,,,
2014-03-12,15.3,15.95,16.6,17.15,17.7,18.0,18.4,18.65,18.75,,,
2014-03-13,16.6,16.6,17.05,17.5,17.95,18.2,18.55,18.85,19.0,,,
2014-03-14,17.7,17.1,17.25,17.65,18.05,18.35,18.65,18.9,19.0,,,
2014-03-17,16.15,16.15,16.6,17.0,17.45,17.8,18.15,18.4,18.55,,,
2014-03-18,15.6,16.25,16.8,17.3,17.6,18.0,18.3,18.45,,,,
2014-03-19,16.0,16.5,16.95,17.4,17.7,18.0,18.35,18.55,,,,
2014-03-20,15.75,16.2,16.7,17.2,17.55,17.9,18.2,18.35,,,,
2014-03-21,16.0,16.45,16.95,17.4,17.65,18.0,18.3,18.4,,,,
2014-03-24,15.95,16.45,16.95,17.4,17.65,18.0,18.3,18.4,18.05,,,
2014-03-25,15.7,16.25,16.85,17.4,17.7,18.05,18.35,18.45,18.45,,,
2014-03-26,16.05,16.65,17.15,17.65,17.9,18.2,18.45,18.6,18.6,,,
2014-03-27,15.75,16.4,16.95,17.5,17.8,18.1,18.4,18.5,18.55,,,
2014-03-28,15.6,16.25,16.8,17.35,17.65,18.05,18.3,18.4,18.45,,,
2014-03-31,15.15,15.85,16.4,16.95,17.35,17.75,18.05,18.15,18.25,,,
2014-04-01,14.5,15.45,16.05,16.6,17.05,17.5,17.85,18.0,18.1,,,
2014-04-02,14.6,15.55,16.15,16.75,17.15,17.55,17.9,18.05,18.15,,,
2014-04-03,14.45,15.4,16.0,16.55,16.95,17.4,17.7,17.9,18.0,,,
2014-04-04,14.85,15.75,16.25,16.8,17.1,17.5,17.8,18.0,18.1,,,
2014-04-07,15.5,16.0,16.4,16.95,17.3,17.7,18.0,18.15,18.3,,,
2014-04-08,15.15,15.75,16.25,16.75,17.1,17.5,17.85,18.0,18.1,,,
2014-04-09,14.5,15.45,16.0,16.6,16.95,17.35,17.7,17.85,17.9,,,
2014-04-10,15.85,16.25,16.5,17.0,17.3,17.65,18.0,18.15,18.25,,,
2014-04-11,16.85,16.65,16.85,17.2,17.5,17.85,18.2,18.35,18.35,,,
2014-04-14,16.2,16.65,16.85,17.25,17.5,17.85,18.2,18.3,18.3,,,
2014-04-15,15.6,16.45,16.65,17.15,17.4,17.75,18.1,18.25,18.25,,,
2014-04-16,15.9,16.35,16.8,17.1,17.45,17.8,18.0,18.05,,,,
2014-04-17,15.6,16.1,16.7,17.05,17.45,17.8,18.0,18.05,,,,
2014-04-21,15.4,16.05,16.65,17.05,17.45,17.8,18.05,18.1,18.5,,,
2014-04-22,15.25,15.85,16.5,17.0,17.4,17.8,18.0,18.05,18.3,,,
2014-04-23,15.4,15.8,16.45,17.0,17.5,17.9,18.1,18.15,18.4,,,
2014-04-24,15.5,16.05,16.55,17.0,17.45,17.8,18.0,18.05,18.4,,,
2014-04-25,15.6,16.2,16.65,17.1,17.5,17.85,18.05,18.1,18.45,,,
2014-04-28,15.2,15.9,16.4,16.8,17.3,17.65,17.85,17.95,18.3,,,
2014-04-29,15.0,15.7,16.2,16.7,17.15,17.55,17.75,17.8,18.1,,,
2014-04-30,15.0,15.75,16.25,16.7,17.15,17.55,17.8,17.85,18.2,,,
2014-05-01,14.9,15.75,16.2,16.7,17.15,17.5,17.75,17.85,18.2,,,
2014-05-02,14.9,15.85,16.3,16.8,17.3,17.65,17.9,17.95,18.3,,,
2014-05-05,14.6,15.6,16.1,16.6,17.1,17.5,17.75,17.85,18.2,,,
2014-05-06,14.75,15.8,16.3,16.75,17.2,17.65,17.9,18.0,18.35,,,
2014-05-07,14.4,15.45,16.0,16.5,17.0,17.4,17.7,17.8,18.15,,,
2014-05-08,14.45,15.45,16.0,16.5,17.0,17.4,17.7,17.75,18.15,,,
2014-05-09,14.05,15.2,15.75,16.3,16.75,17.15,17.45,17.55,17.9,,,
2014-05-12,13.5,14.8,15.45,16.05,16.6,17.0,17.25,17.4,17.75,,,
2014-05-13,13.5,14.85,15.5,16.05,16.6,17.0,17.3,17.35,17.7,,,
2014-05-14,13.25,14.75,15.45,16.1,16.65,17.1,17.35,17.45,17.85,,,
2014-05-15,13.7,14.9,15.55,16.15,16.65,17.1,17.4,17.5,17.9,,,
2014-05-16,13.25,14.65,15.4,16.0,16.55,16.95,17.3,17.4,17.8,,,
2014-05-19,13.0,14.35,15.1,15.75,16.3,16.75,17.1,17.2,17.65,,,
2014-05-20,13.05,14.4,15.15,15.85,16.35,16.8,17.1,17.2,17.6,,,
2014-05-21,14.1,15.05,15.65,16.2,16.7,17.0,17.1,17.45,,,,
2014-05-22,14.05,15.1,15.7,16.35,16.8,17.15,17.3,17.65,,,,
2014-05-23,13.9,15.05,15.75,16.35,16.85,17.15,17.3,17.7,,,,
2014-05-27,13.45,14.65,15.4,16.1,16.6,17.0,17.15,17.55,18.8,,,
2014-05-28,13.45,14.75,15.5,16.25,16.75,17.1,17.3,17.65,17.85,,,
2014-05-29,13.3,14.7,15.5,16.2,16.75,17.1,17.3,17.7,17.9,,,
2014-05-30,13.3,14.8,15.6,16.3,16.9,17.25,17.45,17.85,18.15,,,
2014-06-02,13.2,14.75,15.6,16.3,16.9,17.3,17.5,17.9,18.2,,,
2014-06-03,13.3,14.75,15.5,16.3,16.85,17.25,17.45,17.85,18.15,,,
2014-06-04,13.2,14.55,15.3,16.05,16.65,17.1,17.3,17.75,18.0,,,
2014-06-05,12.65,14.05,14.9,15.75,16.4,16.8,17.0,17.5,17.75,,,
2014-06-06,12.0,13.3,14.25,15.15,15.8,16.25,16.5,17.0,17.3,,,
2014-06-09,12.2,13.45,14.4,15.3,15.95,16.4,16.65,17.2,17.45,,,
2014-06-10,12.05,13.25,14.25,15.2,15.9,16.35,16.65,17.15,17.45,,,
2014-06-11,12.5,13.5,14.4,15.3,16.05,16.5,16.8,17.3,17.6,,,
2014-06-12,13.2,14.15,14.9,15.75,16.4,16.85,17.15,17.65,17.95,,,
2014-06-13,12.95,13.8,14.6,15.55,16.2,16.65,16.95,17.45,17.75,,,
2014-06-16,13.05,13.8,14.5,15.4,16.1,16.55,16.9,17.45,17.7,,,
2014-06-17,12.35,13.45,14.3,15.2,15.95,16.45,16.8,17.35,17.65,,,
2014-06-18,12.7,13.7,14.75,15.5,16.05,16.35,17.0,17.3,,,,
2014-06-19,12.8,13.8,14.75,15.5,16.05,16.45,17.05,17.4,,,,
2014-06-20,12.9,13.9,14.8,15.6,16.15,16.55,17.15,17.5,,,,
2014-06-23,12.6,13.7,14.6,15.45,16.0,16.4,17.05,17.4,17.7,,,
2014-06-24,13.1,13.95,14.8,15.6,16.15,16.5,17.15,17.55,17.8,,,
2014-06-25,12.65,13.6,14.45,15.3,15.9,16.3,17.0,17.4,17.6,,,
2014-06-26,12.75,13.6,14.45,15.2,15.75,16.15,16.85,17.25,17.55,,,
2014-06-27,12.65,13.5,14.4,15.25,15.8,16.2,16.9,17.3,17.55,,,
2014-06-30,12.45,13.35,14.2,15.0,15.6,16.0,16.7,17.15,17.4,,,
2014-07-01,12.1,13.05,13.95,14.8,15.35,15.8,16.5,17.0,17.3,,,
2014-07-02,11.95,12.9,13.8,14.6,15.2,15.6,16.35,16.8,17.1,,,
2014-07-03,11.8,12.8,13.7,14.5,15.05,15.45,16.2,16.65,16.95,,,
2014-07-07,12.15,13.05,13.9,14.75,15.3,15.7,16.45,16.85,17.15,,,
2014-07-08,12.4,13.1,13.95,14.75,15.3,15.7,16.45,16.9,17.2,,,
2014-07-09,12.25,12.85,13.7,14.55,15.15,15.55,16.25,16.75,17.05,,,
2014-07-10,13.0,13.35,14.05,14.75,15.3,15.65,16.35,16.85,17.15,,,
2014-07-11,12.65,13.2,13.9,14.65,15.15,15.55,16.25,16.75,17.05,,,
2014-07-14,12.05,12.75,13.45,14.25,14.85,15.2,15.95,16.45,16.8,,,
2014-07-15,12.2,13.0,13.65,14.35,14.9,15.25,16.0,16.5,16.8,,,
2014-07-16,12.7,13.6,14.4,15.0,15.3,16.05,16.55,16.85,,,,
2014-07-17,13.7,14.25,14.8,15.3,15.55,16.2,16.7,17.0,,,,
2014-07-18,13.0,13.7,14.4,14.95,15.25,15.95,16.5,16.85,,,,
2014-07-21,13.4,13.95,14.5,15.05,15.35,16.1,16.6,16.9,16.9,,,
2014-07-22,13.0,13.7,14.35,14.95,15.3,16.0,16.55,16.9,17.2,,,
2014-07-23,13.05,13.85,14.5,15.1,15.45,16.15,16.7,17.0,17.35,,,
2014-07-24,13.2,14.05,14.65,15.2,15.5,16.2,16.75,17.1,17.45,,,
2014-07-25,13.5,14.3,14.85,15.35,15.65,16.3,16.85,17.1,17.5,,,
2014-07-28,13.35,14.15,14.75,15.25,15.5,16.2,16.75,17.05,17.4,,,
2014-07-29,13.45,14.2,14.7,15.2,15.45,16.15,16.7,17.0,17.4,,,
2014-07-30,13.55,14.3,14.8,15.25,15.5,16.2,16.75,17.05,17.45,,,
2014-07-31,15.2,15.5,15.75,16.1,16.2,16.85,17.35,17.65,18.0,,,
2014-08-01,16.05,16.1,16.25,16.55,16.7,17.3,17.85,18.1,18.45,,,
2014-08-04,14.95,15.35,15.7,16.05,16.25,16.95,17.45,17.75,18.15,,,
2014-08-05,16.15,16.2,16.45,16.8,16.85,17.45,17.95,18.3,18.65,,,
2014-08-06,16.2,16.3,16.55,16.9,17.05,17.65,18.1,18.45,18.8,,,
2014-08-07,16.65,16.65,16.95,17.3,17.4,18.0,18.45,18.7,19.05,,,
2014-08-08,16.0,16.15,16.45,16.9,17.1,17.7,18.2,18.5,18.8,,,
2014-08-11,14.8,15.3,15.8,16.3,16.5,17.2,17.7,18.05,18.4,,,
2014-08-12,14.65,15.15,15.7,16.2,16.45,17.15,17.65,18.0,18.35,,,
2014-08-13,13.55,14.4,15.05,15.7,16.0,16.7,17.25,17.6,17.95,,,
2014-08-14,12.95,13.9,14.6,15.25,15.65,16.35,16.85,17.25,17.65,,,
2014-08-15,13.25,13.9,14.55,15.2,15.6,16.35,16.85,17.2,17.6,,,
2014-08-18,12.55,13.4,14.15,14.8,15.2,16.0,16.55,16.9,17.3,,,
2014-08-19,12.2,13.5,14.1,14.7,15.1,15.9,16.45,16.85,17.2,,,
2014-08-20,13.5,14.2,14.8,15.2,15.9,16.45,16.85,17.2,,,,
2014-08-21,13.4,14.15,14.8,15.2,16.0,16.5,16.9,17.25,,,,
2014-08-22,13.5,14.25,14.85,15.25,16.0,16.55,16.95,17.3,,,,
2014-08-25,13.35,14.15,14.8,15.2,15.95,16.5,16.9,17.25,18.25,,,
2014-08-26,13.45,14.35,14.95,15.4,16.15,16.7,17.1,17.45,17.75,,,
2014-08-27,13.55,14.45,15.05,15.5,16.3,16.85,17.25,17.6,17.9,,,
2014-08-28,13.6,14.45,15.1,15.5,16.3,16.8,17.2,17.6,17.9,,,
2014-08-29,13.8,14.55,15.2,15.55,16.3,16.8,17.2,17.5,17.55,,,
2014-09-02,13.75,14.65,15.3,15.7,16.4,16.9,17.25,17.6,17.85,,,
2014-09-03,13.5,14.5,15.15,15.6,16.3,16.85,17.2,17.55,17.8,,,
2014-09-04,13.55,14.45,15.1,15.55,16.25,16.75,17.1,17.45,17.75,,,
2014-09-05,13.2,14.2,14.9,15.25,16.0,16.5,16.9,17.25,17.55,,,
2014-09-08,13.35,14.25,14.9,15.25,16.0,16.5,16.9,17.3,17.6,,,
2014-09-09,13.85,14.55,15.05,15.4,16.1,16.65,17.05,17.4,17.7,,,
2014-09-10,13.7,14.5,15.0,15.4,16.1,16.65,17.05,17.4,17.65,,,
2014-09-11,13.55,14.5,15.05,15.4,16.15,16.65,17.05,17.45,17.75,,,
2014-09-12,14.05,14.8,15.25,15.6,16.3,16.8,17.2,17.55,17.9,,,
2014-09-15,14.4,15.2,15.6,15.95,16.6,17.05,17.45,17.8,18.1,,,
2014-09-16,13.05,14.4,14.95,15.4,16.2,16.7,17.1,17.45,17.7,,,
2014-09-17,14.25,14.95,15.4,16.15,16.65,17.1,17.45,17.75,,,,
2014-09-18,14.05,14.8,15.3,16.1,16.65,17.0,17.45,17.75,,,,
2014-09-19,14.15,14.95,15.4,16.15,16.7,17.1,17.55,17.8,,,,
2014-09-22,14.9,15.45,15.75,16.45,16.95,17.3,17.7,17.95,18.2,,,
2014-09-23,15.4,15.9,16.2,16.85,17.35,17.65,18.0,18.25,18.55,,,
2014-09-24,14.65,15.35,15.8,16.55,17.05,17.45,17.8,18.1,18.35,,,
2014-09-25,15.8,16.1,16.35,16.95,17.4,17.75,18.1,18.35,18.55,,,
2014-09-26,15.35,15.85,16.15,16.85,17.35,17.7,18.05,18.3,18.5,,,
2014-09-29,16.25,16.55,16.75,17.35,17.8,18.15,18.5,18.7,18.95,,,
2014-09-30,16.3,16.65,16.8,17.45,17.9,18.25,18.6,18.8,19.05,,,
2014-10-01,16.9,17.05,17.2,17.8,18.3,18.65,19.0,19.15,19.3,,,
2014-10-02,16.55,16.8,17.05,17.65,18.15,18.5,18.85,19.05,19.25,,,
2014-10-03,15.2,15.8,16.15,16.85,17.35,17.7,18.1,18.35,18.55,,,
2014-10-06,15.75,16.2,16.5,17.15,17.65,18.0,18.4,18.6,18.85,,,
2014-10-07,17.1,17.2,17.35,17.9,18.35,18.65,19.0,19.2,19.35,,,
2014-10-08,15.25,15.7,16.05,16.8,17.3,17.65,18.05,18.25,18.5,,,
2014-10-09,17.2,17.0,17.1,17.6,18.1,18.4,18.75,18.95,19.2,,,
2014-10-10,19.8,18.65,18.45,18.85,19.15,19.45,19.75,19.85,19.95,,,
2014-10-13,22.75,20.85,20.0,20.1,20.25,20.4,20.65,20.7,20.8,,,
2014-10-14,20.9,19.75,19.15,19.35,19.6,19.7,19.95,20.05,20.1,,,
2014-10-15,23.95,22.1,21.05,20.9,20.9,20.9,21.15,21.2,21.25,,,
2014-10-16,22.3,21.05,20.15,20.2,20.35,20.45,20.65,20.65,20.75,,,
2014-10-17,21.0,19.95,19.3,19.4,19.55,19.7,19.95,20.0,20.1,,,
2014-10-20,18.5,18.3,18.35,18.75,19.1,19.3,19.65,19.7,19.8,,,
2014-10-21,16.35,16.95,17.2,17.9,18.35,18.55,18.9,19.05,19.25,,,
2014-10-22,18.1,18.05,18.6,18.9,19.05,19.35,19.5,19.55,,,,
2014-10-23,17.3,17.3,17.95,18.4,18.55,18.9,19.05,19.2,,,,
2014-10-24,16.95,17.05,17.75,18.15,18.35,18.7,18.9,19.0,,,,
2014-10-27,16.95,16.85,17.5,17.95,18.15,18.5,18.7,18.8,18.8,,,
2014-10-28,15.7,15.9,16.65,17.2,17.5,17.85,18.1,18.3,18.55,,,
2014-10-29,16.3,16.3,17.0,17.45,17.7,18.1,18.35,18.5,18.65,,,
2014-10-30,16.15,16.3,17.0,17.55,17.8,18.2,18.45,18.6,18.65,,,
2014-10-31,15.8,16.05,16.8,17.4,17.75,18.15,18.45,18.6,18.75,,,
2014-11-03,15.95,16.25,17.0,17.6,17.9,18.25,18.55,18.7,18.95,,,
2014-11-04,15.85,16.25,17.05,17.65,17.95,18.3,18.6,18.75,19.05,,,
2014-11-05,15.3,15.9,16.75,17.4,17.75,18.1,18.4,18.6,18.85,,,
2014-11-06,14.9,15.45,16.35,17.0,17.35,17.8,18.1,18.35,18.6,,,
2014-11-07,14.8,15.5,16.4,17.0,17.4,17.8,18.15,18.35,18.65,,,
2014-11-10,14.0,14.95,15.85,16.55,16.95,17.4,17.75,18.0,18.35,,,
2014-11-11,14.1,14.85,15.7,16.4,16.8,17.3,17.65,17.85,18.15,,,
2014-11-12,14.4,15.2,15.95,16.6,17.0,17.5,17.85,18.05,18.35,,,
2014-11-13,14.7,15.55,16.25,16.95,17.35,17.85,18.2,18.35,18.65,,,
2014-11-14,14.35,15.3,16.0,16.65,17.1,17.55,17.9,18.15,18.5,,,
2014-11-17,14.35,15.35,16.0,16.65,17.1,17.55,17.95,18.15,18.5,,,
2014-11-18,14.0,15.3,16.0,16.7,17.15,17.6,18.0,18.25,18.6,,,
2014-11-19,15.5,16.25,16.9,17.35,17.8,18.2,18.45,18.75,,,,
2014-11-20,15.15,16.05,16.75,17.2,17.7,18.05,18.35,18.65,,,,
2014-11-21,14.95,16.05,16.8,17.2,17.7,18.05,18.35,18.6,,,,
2014-11-24,14.55,15.85,16.7,17.15,17.7,18.05,18.35,18.6,18.95,,,
2014-11-25,14.45,15.8,16.7,17.2,17.75,18.15,18.4,18.7,18.95,,,
2014-11-26,14.2,15.65,16.55,17.1,17.65,18.05,18.35,18.6,18.9,,,
2014-11-28,14.85,15.95,16.75,17.2,17.75,18.1,18.4,18.7,18.6,,,
2014-12-01,15.6,16.65,17.35,17.75,18.25,18.55,18.8,19.05,19.3,,,
2014-12-02,14.25,15.55,16.45,16.95,17.45,17.85,18.1,18.4,18.6,,,
2014-12-03,14.25,15.65,16.5,16.95,17.5,17.9,18.2,18.5,18.7,,,
2014-12-04,13.95,15.45,16.35,16.85,17.35,17.75,18.05,18.35,18.55,,,
2014-12-05,13.6,15.35,16.3,16.85,17.4,17.75,18.05,18.35,18.55,,,
2014-12-08,14.7,16.15,16.9,17.35,17.85,18.2,18.5,18.8,19.0,,,
2014-12-09,14.9,16.15,16.85,17.25,17.8,18.15,18.45,18.75,18.95,,,
2014-12-10,17.4,17.75,18.1,18.35,18.75,19.0,19.25,19.55,19.75,,,
2014-12-11,19.1,19.15,19.25,19.35,19.65,19.85,20.1,20.3,20.45,,,
2014-12-12,19.6,19.15,19.45,19.55,19.85,20.0,20.2,20.4,20.5,,,
2014-12-15,19.6,18.75,19.15,19.3,19.7,19.9,20.15,20.35,20.45,,,
2014-12-16,23.1,20.1,20.1,20.05,20.25,20.4,20.6,20.85,20.95,,,
2014-12-17,17.65,18.15,18.3,18.7,19.0,19.25,19.55,19.65,,,,
2014-12-18,17.2,17.6,17.8,18.15,18.4,18.65,19.0,19.15,,,,
2014-12-19,16.55,17.15,17.55,17.9,18.15,18.4,18.65,18.85,,,,
2014-12-22,16.425,17.025,17.375,17.775,18.025,18.3,18.625,18.8,19.3,,,
2014-12-23,15.925,16.725,17.275,17.725,18.075,18.375,18.725,18.9,19.15,,,
2014-12-24,16.225,16.925,17.375,17.825,18.225,18.5,18.875,19.05,19.225,,,
2014-12-26,15.825,16.525,17.05,17.575,17.975,18.275,18.675,18.85,19.5,,,
2014-12-29,16.075,16.725,17.125,17.625,18.025,18.325,18.675,18.875,19.175,,,
2014-12-30,16.425,17.025,17.375,17.825,18.175,18.475,18.875,19.025,19.325,,,
2014-12-31,18.025,18.225,18.375,18.625,18.875,19.125,19.475,19.625,19.925,,,
2015-01-02,17.825,18.225,18.475,18.775,19.075,19.325,19.6,19.775,20.1,,,
2015-01-05,19.125,19.2,19.325,19.575,19.775,19.925,20.225,20.325,20.675,,,
2015-01-06,19.875,19.675,19.625,19.825,19.95,20.125,20.4,20.5,20.75,,,
2015-01-07,18.85,18.725,18.825,19.1,19.325,19.525,19.825,19.925,20.15,,,
2015-01-08,17.675,17.775,17.975,18.275,18.525,18.775,19.1,19.3,19.55,,,
2015-01-09,18.625,18.675,18.725,19.1,19.275,19.425,19.7,19.85,20.075,,,
2015-01-12,19.575,19.375,19.275,19.475,19.625,19.75,20.0,20.075,20.325,,,
2015-01-13,20.175,19.725,19.625,19.725,19.825,19.925,20.175,20.25,20.45,,,
2015-01-14,20.575,19.875,19.625,19.725,19.825,19.925,20.175,20.2,20.425,,,
2015-01-15,21.475,20.775,20.375,20.325,20.325,20.375,20.575,20.525,20.725,,,
2015-01-16,20.625,20.125,20.025,20.075,20.175,20.225,20.475,20.425,20.575,,,
2015-01-20,20.175,20.125,20.025,20.125,20.225,20.275,20.475,20.45,20.65,,,
2015-01-21,18.875,19.025,19.325,19.475,19.575,19.825,19.875,20.025,,,,
2015-01-22,17.875,18.125,18.575,18.825,19.075,19.325,19.425,19.625,,,,
2015-01-23,18.375,18.525,18.875,19.125,19.375,19.625,19.775,19.95,,,,
2015-01-26,17.225,17.625,18.175,18.525,18.875,19.175,19.375,19.575,19.8,,,
2015-01-27,17.875,18.075,18.525,18.825,19.125,19.425,19.575,19.775,20.225,,,
2015-01-28,20.475,20.125,20.275,20.425,20.625,20.825,20.925,21.075,21.425,,,
2015-01-29,19.075,18.875,19.175,19.375,19.625,19.875,19.975,20.125,20.225,,,
2015-01-30,21.025,20.25,20.3,20.325,20.475,20.65,20.725,20.825,21.05,,,
2015-02-02,19.975,19.625,19.775,19.875,20.025,20.225,20.325,20.475,21.925,,,
2015-02-03,18.875,19.075,19.375,19.575,19.775,20.025,20.075,20.275,20.975,,,
2015-02-04,19.775,19.825,20.025,20.125,20.275,20.475,20.575,20.675,20.7,,,
2015-02-05,18.675,19.075,19.425,19.65,19.825,20.075,20.125,20.275,20.275,,,
2015-02-06,19.175,19.55,19.8,19.9,20.075,20.225,20.325,20.45,20.75,,,
2015-02-09,19.625,19.925,20.175,20.275,20.425,20.575,20.625,20.75,20.875,,,
2015-02-10,18.575,19.15,19.55,19.775,19.95,20.125,20.225,20.35,20.5,,,
2015-02-11,18.425,19.075,19.475,19.675,19.875,20.075,20.175,20.3,20.425,,,
2015-02-12,16.875,18.225,18.725,19.1,19.375,19.7,19.825,19.975,20.2,,,
2015-02-13,16.5,18.15,18.525,18.875,19.125,19.45,19.625,19.775,19.775,,,
2015-02-17,16.2,18.25,18.725,19.075,19.375,19.625,19.775,19.975,20.15,,,
2015-02-18,17.875,18.6,18.975,19.225,19.575,19.725,19.975,20.125,,,,
2015-02-19,17.625,18.525,18.925,19.275,19.625,19.775,19.975,20.125,,,,
2015-02-20,16.925,17.85,18.425,18.825,19.225,19.375,19.625,19.875,,,,
2015-02-23,17.025,17.975,18.525,18.875,19.275,19.425,19.7,19.875,20.15,,,
2015-02-24,16.125,17.325,17.875,18.275,18.675,18.875,19.175,19.35,19.725,,,
2015-02-25,16.425,17.675,18.125,18.475,18.875,19.025,19.325,19.45,19.575,,,
2015-02-26,16.025,17.475,17.925,18.275,18.625,18.825,19.125,19.3,19.375,,,
2015-02-27,15.825,17.375,17.825,18.175,18.525,18.725,19.025,19.175,19.3,,,
2015-03-02,15.325,16.975,17.425,17.775,18.175,18.375,18.7,18.85,18.925,,,
2015-03-03,15.775,17.325,17.725,17.975,18.375,18.525,18.825,18.975,19.05,,,
2015-03-04,15.725,17.325,17.675,17.925,18.3,18.475,18.725,18.875,18.975,,,
2015-03-05,15.325,17.075,17.475,17.725,18.1,18.325,18.575,18.725,18.8,,,
2015-03-06,16.225,17.775,18.025,18.175,18.425,18.575,18.85,19.0,19.075,,,
2015-03-09,15.825,17.575,17.875,18.075,18.375,18.575,18.875,18.975,19.05,,,
2015-03-10,16.925,18.375,18.55,18.675,18.95,19.075,19.375,19.5,19.55,,,
2015-03-11,17.225,18.525,18.775,18.925,19.175,19.325,19.575,19.7,19.725,,,
2015-03-12,15.875,17.425,17.925,18.225,18.525,18.725,19.025,19.175,19.25,,,
2015-03-13,16.425,17.875,18.275,18.475,18.775,18.975,19.275,19.45,19.7,,,
2015-03-16,16.125,17.475,18.025,18.225,18.525,18.725,19.025,19.175,19.25,,,
2015-03-17,15.625,17.375,17.925,18.225,18.525,18.675,19.025,19.175,19.275,,,
2015-03-18,16.525,17.475,17.775,18.175,18.425,18.725,18.975,19.05,,,,
2015-03-19,16.525,17.675,18.025,18.425,18.625,18.925,19.125,19.175,,,,
2015-03-20,16.175,17.625,18.025,18.425,18.575,18.925,19.15,19.225,,,,
2015-03-23,16.075,17.625,18.025,18.425,18.575,18.875,19.125,19.175,19.175,,,
2015-03-24,15.875,17.575,18.025,18.375,18.575,18.875,19.125,19.2,19.25,,,
2015-03-25,16.575,18.075,18.475,18.775,18.925,19.175,19.425,19.475,19.55,,,
2015-03-26,16.475,17.825,18.275,18.625,18.775,19.075,19.275,19.375,19.45,,,
2015-03-27,16.225,17.725,18.175,18.525,18.775,19.125,19.325,19.4,19.425,,,
2015-03-30,15.775,17.375,17.925,18.425,18.675,18.975,19.275,19.325,19.4,,,
2015-03-31,16.275,17.825,18.325,18.675,18.875,19.175,19.475,19.525,19.6,,,
2015-04-01,16.025,17.675,18.275,18.675,18.925,19.275,19.475,19.6,19.625,,,
2015-04-02,15.625,17.475,18.125,18.625,18.875,19.225,19.525,19.6,19.65,,,
2015-04-03,16.275,17.95,18.55,18.975,19.225,19.525,19.775,19.85,19.825,,,
2015-04-06,15.275,17.125,17.825,18.275,18.525,18.925,19.225,19.375,19.425,,,
2015-04-07,15.275,17.075,17.775,18.225,18.475,18.825,19.175,19.325,19.375,,,
2015-04-08,14.825,16.725,17.575,18.125,18.475,18.825,19.175,19.325,19.35,,,
2015-04-09,14.075,16.175,17.125,17.725,18.125,18.575,18.975,19.125,19.2,,,
2015-04-10,13.425,15.425,16.475,17.175,17.6,18.075,18.475,18.7,18.75,,,
2015-04-13,14.325,16.075,17.025,17.575,17.975,18.375,18.775,18.975,19.025,,,
2015-04-14,13.575,15.625,16.775,17.475,17.925,18.4,18.775,18.975,19.05,,,
2015-04-15,15.325,16.575,17.325,17.775,18.275,18.725,18.925,18.975,,,,
2015-04-16,15.125,16.475,17.325,17.775,18.225,18.625,18.875,18.95,,,,
2015-04-17,15.675,16.875,17.625,18.025,18.525,18.875,19.125,19.2,,,,
2015-04-20,15.175,16.575,17.375,17.775,18.275,18.675,18.925,18.975,18.975,,,
2015-04-21,15.125,16.525,17.325,17.725,18.225,18.675,18.925,19.025,19.35,,,
2015-04-22,14.925,16.325,17.175,17.6,18.125,18.575,18.875,18.975,19.15,,,
2015-04-23,14.725,16.175,17.025,17.475,18.025,18.475,18.725,18.825,19.175,,,
2015-04-24,14.625,16.175,17.025,17.475,18.025,18.475,18.725,18.825,19.175,,,
2015-04-27,15.125,16.475,17.225,17.675,18.225,18.625,18.875,18.975,19.35,,,
2015-04-28,14.475,15.975,16.825,17.325,17.825,18.275,18.525,18.625,19.125,,,
2015-04-29,15.075,16.475,17.275,17.675,18.225,18.625,18.925,18.975,19.175,,,
2015-04-30,15.525,16.625,17.375,17.775,18.325,18.675,18.975,19.05,19.375,,,
2015-05-01,14.475,15.975,16.825,17.275,17.875,18.325,18.625,18.725,19.1,,,
2015-05-04,14.475,15.975,16.775,17.275,17.825,18.325,18.625,18.725,19.175,,,
2015-05-05,15.225,16.525,17.225,17.625,18.125,18.525,18.775,18.9,19.275,,,
2015-05-06,15.675,16.675,17.325,17.725,18.225,18.625,18.875,18.925,19.325,,,
2015-05-07,15.425,16.475,17.125,17.575,18.075,18.525,18.775,18.875,19.3,,,
2015-05-08,14.375,15.95,16.775,17.275,17.825,18.25,18.525,18.65,19.125,,,
2015-05-11,14.925,16.375,17.125,17.575,18.125,18.525,18.825,18.925,19.375,,,
2015-05-12,14.625,16.125,16.975,17.425,17.975,18.425,18.725,18.8,19.25,,,
2015-05-13,14.325,15.925,16.775,17.275,17.825,18.225,18.55,18.625,19.125,,,
2015-05-14,13.725,15.625,16.575,17.125,17.725,18.175,18.525,18.575,19.1,,,
2015-05-15,13.675,15.525,16.425,17.025,17.575,18.075,18.375,18.475,19.0,,,
2015-05-18,13.275,14.975,16.025,16.625,17.225,17.675,18.025,18.15,18.65,,,
2015-05-19,13.125,14.875,15.875,16.475,17.075,17.575,17.925,18.05,18.6,,,
2015-05-20,14.875,15.975,16.55,17.125,17.625,17.975,18.125,18.65,,,,
2015-05-21,14.325,15.525,16.175,16.8,17.325,17.675,17.875,18.475,,,,
2015-05-22,14.425,15.725,16.375,16.975,17.525,17.875,18.075,18.625,,,,
2015-05-26,14.925,15.975,16.525,17.075,17.575,17.925,18.075,18.65,18.9,,,
2015-05-27,14.525,15.675,16.325,16.925,17.425,17.825,17.975,18.575,18.9,,,
2015-05-28,14.475,15.725,16.325,16.975,17.475,17.825,18.025,18.6,18.925,,,
2015-05-29,14.625,15.825,16.425,17.025,17.525,17.875,18.075,18.675,18.95,,,
2015-06-01,14.575,15.775,16.375,16.925,17.475,17.775,17.975,18.55,18.925,,,
2015-06-02,14.875,16.025,16.625,17.225,17.725,18.025,18.225,18.775,19.05,,,
2015-06-03,14.375,15.675,16.325,16.925,17.475,17.875,18.025,18.65,18.975,,,
2015-06-04,14.975,16.075,16.7,17.275,17.775,18.075,18.275,18.875,19.225,,,
2015-06-05,14.725,15.975,16.625,17.275,17.775,18.125,18.325,18.875,19.2,,,
2015-06-08,15.225,16.275,16.875,17.425,17.925,18.275,18.425,19.0,19.325,,,
2015-06-09,14.825,16.05,16.675,17.325,17.875,18.225,18.375,18.925,19.2,,,
2015-06-10,13.875,15.425,16.175,16.825,17.425,17.775,17.975,18.575,18.975,,,
2015-06-11,13.525,15.125,15.925,16.625,17.275,17.675,17.875,18.425,18.775,,,
2015-06-12,14.2,15.375,16.075,16.775,17.425,17.775,17.975,18.575,18.9,,,
2015-06-15,15.475,16.025,16.575,17.175,17.725,18.075,18.275,18.875,19.175,,,
2015-06-16,14.925,15.65,16.325,16.975,17.525,17.925,18.125,18.725,19.05,,,
2015-06-17,15.625,16.375,17.025,17.525,17.925,18.075,18.725,19.075,,,,
2015-06-18,14.975,15.925,16.625,17.225,17.625,17.825,18.475,18.825,,,,
2015-06-19,15.425,16.325,16.925,17.475,17.825,17.975,18.625,18.95,,,,
2015-06-22,14.525,15.575,16.325,16.925,17.325,17.575,18.175,18.5,18.675,,,
2015-06-23,14.075,15.275,16.075,16.725,17.175,17.425,18.075,18.375,18.9,,,
2015-06-24,14.575,15.625,16.375,16.925,17.325,17.525,18.15,18.425,18.725,,,
2015-06-25,14.625,15.625,16.325,16.925,17.275,17.5,18.175,18.425,18.675,,,
2015-06-26,14.525,15.475,16.175,16.725,17.175,17.375,18.025,18.325,18.55,,,
2015-06-29,17.375,17.425,17.675,17.925,18.175,18.225,18.825,19.075,19.25,,,
2015-06-30,17.325,17.375,17.625,17.925,18.125,18.175,18.675,18.925,19.05,,,
2015-07-01,15.925,16.175,16.575,16.925,17.225,17.375,17.975,18.275,18.5,,,
2015-07-02,16.925,17.025,17.3,17.55,17.775,17.825,18.375,18.625,18.675,,,
2015-07-06,17.225,17.375,17.675,17.9,18.075,18.125,18.675,18.875,18.95,,,
2015-07-07,16.325,16.675,17.075,17.425,17.675,17.725,18.325,18.55,18.8,,,
2015-07-08,18.425,18.175,18.25,18.325,18.425,18.425,18.875,19.05,19.175,,,
2015-07-09,18.825,18.675,18.625,18.675,18.725,18.775,19.225,19.3,19.375,,,
2015-07-10,16.775,17.175,17.575,17.875,18.025,18.125,18.675,18.875,18.9,,,
2015-07-13,14.475,15.575,16.225,16.725,17.025,17.175,17.825,18.075,18.3,,,
2015-07-14,14.075,15.575,16.275,16.825,17.125,17.275,17.925,18.175,18.4,,,
2015-07-15,13.975,15.35,16.075,16.625,16.95,17.175,17.775,18.075,18.325,,,
2015-07-16,12.925,14.475,15.425,16.175,16.575,16.825,17.475,17.825,18.025,,,
2015-07-17,12.925,14.425,15.425,16.1,16.575,16.825,17.475,17.8,17.975,,,
2015-07-20,12.525,14.225,15.2,15.925,16.4,16.675,17.375,17.725,17.95,,,
2015-07-21,12.375,14.225,15.225,15.975,16.475,16.775,17.425,17.725,17.925,,,
2015-07-22,14.175,15.325,16.075,16.575,16.85,17.525,17.875,18.025,,,,
2015-07-23,14.275,15.425,16.175,16.625,16.875,17.525,17.925,18.075,,,,
2015-07-24,14.9,15.8,16.475,16.825,17.075,17.675,18.1,18.2,,,,
2015-07-27,15.775,16.325,16.775,17.075,17.25,17.875,18.275,18.425,18.25,,,
2015-07-28,14.375,15.475,16.175,16.575,16.825,17.525,17.925,18.125,18.275,,,
2015-07-29,14.075,15.375,16.175,16.625,16.875,17.525,17.925,18.1,18.175,,,
2015-07-30,13.925,15.325,16.075,16.575,16.825,17.525,17.875,18.1,18.325,,,
2015-07-31,13.975,15.325,16.075,16.55,16.825,17.475,17.875,18.05,18.275,,,
2015-08-03,13.875,15.125,15.875,16.325,16.625,17.275,17.725,17.925,18.325,,,
2015-08-04,14.125,15.225,15.975,16.425,16.725,17.375,17.825,18.025,18.25,,,
2015-08-05,13.925,15.175,15.925,16.425,16.675,17.325,17.725,17.95,18.2,,,
2015-08-06,14.475,15.425,16.075,16.525,16.825,17.425,17.875,18.075,18.375,,,
2015-08-07,14.275,15.225,15.925,16.325,16.625,17.275,17.725,17.925,18.325,,,
2015-08-10,13.575,14.875,15.7,16.175,16.5,17.175,17.625,17.825,18.175,,,
2015-08-11,14.475,15.475,16.125,16.525,16.825,17.475,17.875,18.075,18.45,,,
2015-08-12,14.325,15.275,16.025,16.475,16.725,17.375,17.775,18.025,18.4,,,
2015-08-13,14.175,15.075,15.875,16.375,16.65,17.325,17.725,17.95,18.3,,,
2015-08-14,14.275,15.125,15.825,16.325,16.575,17.2,17.625,17.875,18.2,,,
2015-08-17,13.825,15.025,15.725,16.225,16.55,17.225,17.675,17.9,18.25,,,
2015-08-18,14.275,15.175,16.025,16.475,16.775,17.375,17.825,18.075,18.35,,,
2015-08-19,15.725,16.325,16.725,16.975,17.575,17.975,18.225,18.575,,,,
2015-08-20,17.325,17.325,17.475,17.575,18.125,18.475,18.675,18.975,,,,
2015-08-21,19.9,18.625,18.325,18.275,18.675,19.025,19.175,19.475,,,,
2015-08-24,25.125,22.5,21.225,20.7,20.65,20.575,20.675,20.775,20.5,,,
2015-08-25,25.325,22.55,21.45,20.8,20.8,20.8,20.85,20.9,20.1,,,
2015-08-26,23.725,21.475,20.725,20.075,20.125,20.175,20.225,20.325,20.375,,,
2015-08-27,24.175,21.55,20.75,20.2,20.375,20.425,20.45,20.625,20.625,,,
2015-08-28,24.425,21.875,21.375,21.0,21.2,21.225,21.275,21.475,21.525,,,
2015-08-31,26.425,23.425,22.65,22.125,22.225,22.3,22.275,22.35,22.325,,,
2015-09-01,29.725,25.825,24.675,23.95,23.95,23.975,23.875,23.9,23.9,,,
2015-09-02,25.975,23.875,23.225,22.775,22.925,23.025,22.975,23.05,21.075,,,
2015-09-03,25.625,23.875,23.375,22.95,23.1,23.2,23.175,23.2,23.075,,,
2015-09-04,28.025,25.775,24.8,24.0,23.95,23.875,23.775,23.775,23.625,,,
2015-09-08,24.625,23.575,23.225,22.675,22.8,22.875,22.825,22.875,20.875,,,
2015-09-09,25.825,24.225,23.625,23.025,23.1,23.125,23.075,23.1,22.9,,,
2015-09-10,24.7,23.375,23.025,22.575,22.675,22.775,22.775,22.8,22.6,,,
2015-09-11,23.8,22.925,22.725,22.35,22.525,22.675,22.675,22.775,22.625,,,
2015-09-14,23.725,22.875,22.675,22.375,22.475,22.575,22.575,22.65,22.5,,,
2015-09-15,22.575,20.425,20.65,20.625,20.925,21.175,21.275,21.45,20.375,,,
2015-09-16,18.975,19.25,19.275,19.625,19.925,20.025,20.35,20.425,,,,
2015-09-17,20.425,20.075,19.975,20.225,20.45,20.525,20.775,20.875,,,,
2015-09-18,21.525,20.975,20.8,21.025,21.2,21.275,21.45,21.5,,,,
2015-09-21,19.675,19.825,19.875,20.175,20.425,20.525,20.775,20.875,20.875,,,
2015-09-22,21.775,21.125,20.875,21.075,21.275,21.275,21.525,21.55,21.625,,,
2015-09-23,21.125,20.675,20.525,20.725,20.925,20.95,21.225,21.275,21.225,,,
2015-09-24,21.875,21.175,21.0,21.225,21.375,21.425,21.675,21.725,21.75,,,
2015-09-25,22.325,21.675,21.35,21.575,21.725,21.7,21.925,21.875,22.075,,,
2015-09-28,24.075,22.725,22.175,22.225,22.325,22.275,22.425,22.425,22.475,,,
2015-09-29,23.875,22.675,22.225,22.325,22.475,22.475,22.625,22.65,22.225,,,
2015-09-30,23.025,22.125,21.775,21.975,22.175,22.175,22.425,22.35,22.525,,,
2015-10-01,22.225,21.425,21.25,21.525,21.75,21.825,22.05,22.1,22.1,,,
2015-10-02,21.075,20.475,20.45,20.775,21.075,21.175,21.475,21.575,21.05,,,
2015-10-05,19.875,19.475,19.525,19.925,20.225,20.375,20.725,20.825,20.825,,,
2015-10-06,20.325,19.925,19.925,20.325,20.6,20.725,21.025,21.075,21.075,,,
2015-10-07,19.475,19.175,19.225,19.675,20.025,20.125,20.475,20.625,20.55,,,
2015-10-08,18.425,18.525,18.775,19.275,19.65,19.825,20.175,20.275,20.525,,,
2015-10-09,18.175,18.375,18.725,19.325,19.675,19.875,20.225,20.325,20.575,,,
2015-10-12,16.725,17.175,17.675,18.325,18.8,19.025,19.45,19.6,19.775,,,
2015-10-13,18.275,18.675,18.925,19.475,19.775,19.925,20.225,20.375,20.525,,,
2015-10-14,18.325,18.725,19.125,19.725,20.05,20.2,20.575,20.625,20.825,,,
2015-10-15,16.575,17.175,17.7,18.475,18.925,19.125,19.525,19.7,19.875,,,
2015-10-16,16.1,17.075,17.725,18.525,18.975,19.15,19.575,19.725,19.975,,,
2015-10-19,15.275,15.95,16.775,17.675,18.175,18.425,18.825,19.1,19.4,,,
2015-10-20,16.075,17.025,17.625,18.425,18.875,19.125,19.525,19.725,21.3,,,
2015-10-21,18.225,18.625,19.225,19.575,19.725,20.15,20.325,20.25,,,,
2015-10-22,16.025,16.825,17.7,18.175,18.425,18.85,19.125,19.425,,,,
2015-10-23,16.6,17.225,18.025,18.475,18.725,19.15,19.375,19.525,,,,
2015-10-26,16.925,17.525,18.325,18.8,19.025,19.475,19.725,19.925,19.9,,,
2015-10-27,16.475,17.175,18.0,18.475,18.725,19.125,19.325,19.575,19.2,,,
2015-10-28,15.975,16.825,17.725,18.175,18.425,18.825,19.025,19.325,19.65,,,
2015-10-29,16.175,16.975,17.825,18.375,18.625,19.025,19.175,19.45,20.0,,,
2015-10-30,16.625,17.325,18.175,18.675,18.875,19.275,19.475,19.65,21.675,,,
2015-11-02,15.875,16.625,17.525,18.025,18.325,18.725,18.975,19.2,19.25,,,
2015-11-03,16.125,16.925,17.775,18.275,18.525,18.975,19.175,19.3,19.375,,,
2015-11-04,16.725,17.425,18.175,18.625,18.875,19.225,19.425,19.525,19.675,,,
2015-11-05,16.025,16.825,17.675,18.225,18.525,18.925,19.175,19.35,19.35,,,
2015-11-06,15.675,16.475,17.4,17.975,18.3,18.725,18.975,19.2,19.4,,,
2015-11-09,17.025,17.475,18.075,18.525,18.775,19.175,19.325,19.5,19.575,,,
2015-11-10,16.225,16.925,17.675,18.225,18.525,18.95,19.175,19.375,19.55,,,
2015-11-11,16.775,17.375,17.975,18.475,18.775,19.175,19.425,19.6,20.35,,,
2015-11-12,18.575,18.725,19.125,19.525,19.725,20.075,20.175,20.375,20.55,,,
2015-11-13,20.325,19.875,20.125,20.375,20.525,20.725,20.875,20.975,21.125,,,
2015-11-16,18.075,17.875,18.475,18.875,19.075,19.475,19.65,19.85,20.2,,,
2015-11-17,18.975,18.525,18.775,19.175,19.4,19.8,20.025,20.275,20.575,,,
2015-11-18,17.775,18.325,18.775,18.975,19.4,19.6,19.85,20.1,,,,
2015-11-19,18.175,18.825,19.275,19.475,19.825,20.0,20.225,20.45,,,,
2015-11-20,17.425,18.275,18.875,19.175,19.625,19.825,20.025,20.275,,,,
2015-11-23,17.025,17.825,18.475,18.775,19.275,19.475,19.725,19.975,20.5,,,
2015-11-24,17.425,18.325,18.925,19.225,19.625,19.825,20.075,20.325,21.025,,,
2015-11-25,16.775,17.775,18.525,18.875,19.4,19.65,19.925,20.2,21.1,,,
2015-11-27,17.175,18.025,18.675,18.975,19.475,19.725,20.025,20.25,20.775,,,
2015-11-30,16.975,17.775,18.475,18.775,19.225,19.475,19.725,20.075,20.4,,,
2015-12-01,16.125,17.125,17.875,18.225,18.725,19.025,19.325,19.65,19.975,,,
2015-12-02,16.775,17.575,18.225,18.525,19.025,19.275,19.575,19.875,19.925,,,
2015-12-03,18.325,18.525,19.025,19.225,19.625,19.825,20.05,20.3,20.375,,,
2015-12-04,16.225,17.325,18.025,18.35,18.875,19.125,19.4,19.725,21.8,,,
2015-12-07,16.525,17.525,18.125,18.425,18.925,19.175,19.45,19.825,20.05,,,
2015-12-08,17.775,18.325,18.775,18.975,19.425,19.675,19.925,20.2,20.175,,,
2015-12-09,18.975,19.025,19.275,19.425,19.775,19.95,20.175,20.425,20.425,,,
2015-12-10,19.325,19.125,19.475,19.625,20.025,20.225,20.425,20.7,20.75,,,
2015-12-11,23.65,21.925,21.575,21.425,21.55,21.575,21.725,21.525,21.775,,,
2015-12-14,22.425,20.425,20.45,20.425,20.65,20.825,20.975,21.175,21.3,,,
2015-12-15,20.625,18.875,19.275,19.375,19.675,19.85,20.075,20.325,20.375,,,
2015-12-16,18.125,18.675,18.925,19.325,19.525,19.775,20.125,20.2,,,,
2015-12-17,19.275,19.575,19.725,20.075,20.225,20.45,20.775,20.725,,,,
2015-12-18,20.425,20.575,20.575,20.825,20.925,21.125,21.35,21.35,,,,
2015-12-21,18.825,19.275,19.525,19.875,20.075,20.35,20.625,20.65,21.0,,,
2015-12-22,17.825,18.475,18.825,19.275,19.5,19.775,20.125,20.175,20.375,,,
2015-12-23,17.875,18.575,18.875,19.325,19.575,19.8,20.125,20.15,18.8,,,
2015-12-24,18.225,18.825,19.075,19.475,19.675,19.925,20.25,20.275,18.85,,,
2015-12-28,17.825,18.325,18.575,18.975,19.225,19.425,19.775,19.875,19.825,,,
2015-12-29,17.475,18.075,18.325,18.725,18.975,19.225,19.6,19.7,19.975,,,
2015-12-30,18.35,18.775,18.925,19.275,19.475,19.725,20.075,20.125,19.575,,,
2015-12-31,18.525,18.875,19.025,19.35,19.5,19.75,20.05,20.125,19.95,,,
2016-01-04,19.825,19.525,19.525,19.775,19.925,20.1,20.4,20.425,20.85,,,
2016-01-05,19.425,19.275,19.225,19.475,19.6,19.85,20.175,20.25,20.45,,,
2016-01-06,20.325,19.825,19.675,19.875,19.975,20.125,20.425,20.475,20.725,,,
2016-01-07,23.525,21.775,21.175,21.125,21.075,21.125,21.325,21.325,21.225,,,
2016-01-08,25.275,23.075,22.275,22.1,21.925,21.975,22.2,22.175,22.85,,,
2016-01-11,23.475,21.975,21.575,21.625,21.625,21.775,22.025,22.0,22.35,,,
2016-01-12,22.075,21.075,20.775,20.825,20.825,20.975,21.225,21.275,22.5,,,
2016-01-13,24.725,23.125,22.525,22.375,22.275,22.275,22.45,22.4,22.825,,,
2016-01-14,23.575,22.275,21.875,21.8,21.725,21.825,22.025,21.975,22.375,,,
2016-01-15,26.475,24.35,23.65,23.35,23.075,23.025,23.125,22.975,23.2,,,
2016-01-19,25.85,24.025,23.4,23.125,22.95,22.825,22.95,22.825,23.15,,,
2016-01-20,24.725,23.925,23.575,23.225,23.175,23.2,23.125,23.3,,,,
2016-01-21,25.075,24.075,23.675,23.325,23.225,23.3,23.2,23.325,,,,
2016-01-22,22.725,22.175,22.075,21.875,21.925,22.075,22.125,22.35,,,,
2016-01-25,24.025,23.175,22.9,22.625,22.575,22.675,22.625,22.775,22.5,,,
2016-01-26,22.925,22.225,22.125,21.925,21.95,22.1,22.075,22.3,24.0,,,
2016-01-27,23.775,22.925,22.675,22.475,22.45,22.525,22.475,22.625,22.475,,,
2016-01-28,23.275,22.475,22.325,22.125,22.125,22.275,22.175,22.375,21.45,,,
2016-01-29,21.625,21.325,21.4,21.325,21.325,21.525,21.425,21.725,21.675,,,
2016-02-01,21.525,21.225,21.225,21.125,21.175,21.325,21.325,21.65,21.55,,,
2016-02-02,23.175,22.425,22.225,22.0,21.975,22.075,21.975,22.175,22.375,,,
2016-02-03,22.775,22.175,22.075,21.9,21.875,21.975,21.875,22.1,22.25,,,
2016-02-04,23.075,22.475,22.375,22.175,22.175,22.275,22.175,22.35,22.5,,,
2016-02-05,24.125,23.05,22.825,22.625,22.6,22.7,22.6,22.75,23.15,,,
2016-02-08,25.425,23.975,23.525,23.175,23.05,23.125,22.925,23.1,23.425,,,
2016-02-09,26.125,24.475,23.925,23.575,23.475,23.475,23.275,23.475,23.25,,,
2016-02-10,26.275,24.625,24.1,23.675,23.475,23.525,23.325,23.5,23.5,,,
2016-02-11,28.125,25.775,25.225,24.725,24.475,24.45,24.225,24.325,24.35,,,
2016-02-12,26.875,25.125,24.85,24.525,24.375,24.325,24.125,24.275,24.2,,,
2016-02-16,24.725,23.825,23.875,23.725,23.675,23.725,23.575,23.8,23.825,,,
2016-02-17,22.925,23.075,23.075,23.075,23.175,23.05,23.325,23.325,,,,
2016-02-18,22.775,23.175,23.225,23.175,23.325,23.175,23.375,23.375,,,,
2016-02-19,22.375,22.75,22.825,22.875,23.05,22.95,23.175,23.2,,,,
2016-02-22,21.025,21.625,21.9,22.025,22.3,22.25,22.55,22.6,22.825,,,
2016-02-23,22.175,22.525,22.65,22.675,22.875,22.725,22.975,23.1,22.75,,,
2016-02-24,21.775,22.125,22.3,22.425,22.625,22.525,22.775,22.725,23.225,,,
2016-02-25,20.825,21.425,21.75,21.975,22.275,22.175,22.475,22.55,21.525,,,
2016-02-26,21.475,21.825,22.075,22.275,22.475,22.375,22.675,22.7,21.65,,,
2016-02-29,21.775,22.175,22.375,22.575,22.775,22.625,22.875,22.9,22.5,,,
2016-03-01,19.425,20.325,20.825,21.175,21.525,21.475,21.825,21.875,22.525,,,
2016-03-02,19.275,20.275,20.725,21.075,21.4,21.375,21.7,21.75,21.875,,,
2016-03-03,18.325,19.525,20.075,20.475,20.825,20.875,21.225,21.25,21.475,,,
2016-03-04,18.925,20.025,20.525,20.875,21.175,21.175,21.525,21.5,21.4,,,
2016-03-07,18.575,19.825,20.325,20.675,21.025,21.025,21.375,21.4,20.65,,,
2016-03-08,19.625,20.675,21.025,21.325,21.575,21.55,21.875,21.85,21.8,,,
2016-03-09,19.075,20.125,20.6,20.975,21.3,21.325,21.675,21.675,21.725,,,
2016-03-10,18.95,19.925,20.425,20.825,21.175,21.225,21.575,21.65,21.7,,,
2016-03-11,17.625,19.1,19.75,20.275,20.7,20.775,21.175,21.275,21.275,,,
2016-03-14,17.425,18.825,19.45,19.975,20.425,20.55,20.975,21.075,21.2,,,
2016-03-15,16.9,19.075,19.775,20.325,20.725,20.875,21.275,21.375,21.2,,,
2016-03-16,18.275,19.175,19.825,20.35,20.5,20.925,21.125,21.15,,,,
2016-03-17,17.775,18.825,19.525,20.075,20.275,20.65,20.875,20.875,,,,
2016-03-18,17.725,18.875,19.575,20.125,20.25,20.7,20.85,20.9,,,,
2016-03-21,16.975,18.375,19.175,19.75,19.925,20.4,20.625,20.7,18.875,,,
2016-03-22,16.825,18.375,19.175,19.775,19.925,20.375,20.6,20.7,21.75,,,
2016-03-23,17.725,19.225,19.875,20.425,20.525,20.925,21.1,21.075,20.675,,,
2016-03-24,17.375,19.075,19.825,20.325,20.425,20.775,20.9,21.0,21.1,,,
2016-03-28,17.125,18.775,19.575,20.075,20.225,20.675,20.825,20.875,20.6,,,
2016-03-29,16.075,17.825,18.725,19.375,19.575,20.075,20.3,20.375,20.275,,,
2016-03-30,15.85,17.475,18.375,19.075,19.275,19.775,20.025,20.1,20.125,,,
2016-03-31,15.925,17.625,18.425,19.075,19.275,19.825,20.075,20.125,20.15,,,
2016-04-01,15.425,17.175,18.025,18.725,18.925,19.475,19.775,19.875,19.9,,,
2016-04-04,15.925,17.625,18.425,19.025,19.225,19.775,20.025,20.15,20.025,,,
2016-04-05,16.775,18.425,19.125,19.625,19.775,20.225,20.425,20.5,20.475,,,
2016-04-06,15.625,17.425,18.325,18.975,19.225,19.725,19.975,20.05,20.05,,,
2016-04-07,17.275,18.875,19.575,20.075,20.225,20.675,20.825,20.825,20.725,,,
2016-04-08,16.675,18.525,19.325,19.875,20.075,20.5,20.675,20.675,20.525,,,
2016-04-11,17.075,19.025,19.775,20.325,20.425,20.825,21.025,20.975,20.825,,,
2016-04-12,15.925,18.275,19.225,19.875,20.125,20.575,20.775,20.725,20.5,,,
2016-04-13,14.825,17.475,18.625,19.4,19.675,20.175,20.425,20.45,20.4,,,
2016-04-14,14.675,17.275,18.525,19.325,19.6,20.125,20.375,20.375,20.275,,,
2016-04-15,14.725,17.075,18.475,19.275,19.525,20.075,20.325,20.35,20.225,,,
2016-04-18,13.825,16.225,17.525,18.375,18.725,19.35,19.675,19.825,19.675,,,
2016-04-19,13.25,16.225,17.675,18.525,18.925,19.525,19.875,20.025,19.9,,,
2016-04-20,16.425,17.925,18.775,19.125,19.725,20.025,20.175,20.025,,,,
2016-04-21,16.775,18.475,19.35,19.675,20.225,20.475,20.625,20.425,,,,
2016-04-22,16.175,18.025,18.975,19.375,19.925,20.225,20.375,20.25,,,,
2016-04-25,16.225,18.175,19.125,19.475,20.025,20.325,20.475,20.325,20.75,,,
2016-04-26,15.925,18.025,18.975,19.375,19.925,20.225,20.4,20.3,20.5,,,
2016-04-27,15.475,17.625,18.625,19.025,19.625,19.925,20.1,19.95,20.6,,,
2016-04-28,16.475,18.475,19.375,19.675,20.175,20.45,20.6,20.4,20.775,,,
2016-04-29,16.875,18.975,19.775,20.075,20.525,20.775,20.9,20.725,21.075,,,
2016-05-02,15.775,18.175,19.175,19.575,20.125,20.375,20.525,20.325,20.85,,,
2016-05-03,16.625,18.925,19.825,20.125,20.625,20.875,20.975,20.775,21.125,,,
2016-05-04,16.875,19.075,19.975,20.325,20.825,21.075,21.175,20.95,21.25,,,
2016-05-05,16.725,19.075,19.975,20.325,20.875,21.125,21.275,21.075,21.75,,,
2016-05-06,15.725,18.325,19.475,19.875,20.475,20.8,20.95,20.775,21.475,,,
2016-05-09,15.475,18.025,19.275,19.725,20.325,20.725,20.875,20.7,21.075,,,
2016-05-10,14.525,17.125,18.475,19.05,19.775,20.175,20.375,20.25,20.825,,,
2016-05-11,15.625,17.975,19.175,19.625,20.275,20.675,20.85,20.7,21.15,,,
2016-05-12,15.225,17.475,18.775,19.325,20.025,20.45,20.675,20.5,21.0,,,
2016-05-13,15.875,18.075,19.225,19.675,20.375,20.775,20.975,20.8,21.2,,,
2016-05-16,15.125,17.425,18.625,19.15,19.875,20.325,20.525,20.4,21.025,,,
2016-05-17,15.425,18.0,19.325,19.775,20.475,20.875,21.075,20.9,21.275,,,
2016-05-18,18.075,19.425,19.875,20.575,21.025,21.175,21.075,21.8,,,,
2016-05-19,17.975,19.325,19.825,20.525,20.975,21.125,21.125,21.85,,,,
2016-05-20,17.325,18.95,19.575,20.325,20.825,20.975,20.95,21.7,,,,
2016-05-23,17.575,19.075,19.6,20.225,20.675,20.775,20.75,21.55,21.0,,,
2016-05-24,16.475,18.225,18.825,19.625,20.125,20.25,20.225,21.0,24.0,,,
2016-05-25,16.175,18.025,18.675,19.525,19.975,20.125,20.075,20.875,20.975,,,
2016-05-26,15.825,17.825,18.525,19.375,19.825,19.975,19.925,20.775,20.725,,,
2016-05-27,15.375,17.625,18.375,19.225,19.675,19.825,19.775,20.575,20.65,,,
2016-05-31,15.275,17.475,18.275,19.075,19.6,19.725,19.725,20.55,20.925,,,
2016-06-01,15.275,17.525,18.275,19.075,19.625,19.775,19.725,20.55,20.875,,,
2016-06-02,14.825,17.175,18.075,18.925,19.475,19.675,19.675,20.5,20.65,,,
2016-06-03,14.725,17.125,18.075,18.925,19.475,19.625,19.575,20.45,20.7,,,
2016-06-06,14.475,16.875,17.975,18.925,19.475,19.675,19.625,20.5,20.7,,,
2016-06-07,14.725,16.875,18.075,19.0,19.575,19.725,19.725,20.6,20.725,,,
2016-06-08,14.975,16.875,18.125,19.075,19.675,19.875,19.825,20.75,20.775,,,
2016-06-09,15.475,17.175,18.425,19.425,20.075,20.225,20.175,21.025,21.0,,,
2016-06-10,17.525,18.425,19.325,20.15,20.725,20.8,20.675,21.525,21.725,,,
2016-06-13,21.325,21.225,21.225,21.675,22.025,22.025,21.825,22.65,22.325,,,
2016-06-14,20.575,20.875,20.95,21.375,21.725,21.725,21.525,22.35,22.225,,,
2016-06-15,20.575,20.725,21.175,21.475,21.475,21.225,22.125,22.15,,,,
2016-06-16,20.025,20.425,20.875,21.125,21.125,20.975,21.825,21.85,,,,
2016-06-17,20.075,20.475,20.925,21.225,21.225,21.025,21.875,21.875,,,,
2016-06-20,18.475,19.275,19.925,20.325,20.425,20.3,21.175,21.225,21.3,,,
2016-06-21,18.675,19.325,19.925,20.275,20.375,20.275,21.225,21.2,21.3,,,
2016-06-22,19.425,19.675,20.025,20.25,20.25,20.075,21.025,21.025,21.3,,,
2016-06-23,16.675,17.625,18.425,18.975,19.225,19.275,20.35,20.325,21.4,,,
2016-06-24,22.65,22.125,22.025,22.0,21.9,21.6,22.475,22.325,22.75,,,
2016-06-27,23.65,23.025,22.95,22.9,22.825,22.425,23.225,22.925,22.775,,,
2016-06-28,18.875,19.375,20.05,20.525,20.725,20.625,21.575,21.675,21.625,,,
2016-06-29,17.475,18.55,19.375,19.925,20.15,20.075,21.075,21.2,21.425,,,
2016-06-30,16.975,18.325,19.25,19.775,20.05,20.025,21.025,21.075,20.55,,,
2016-07-01,16.775,18.25,19.325,19.925,20.2,20.175,21.1,21.175,21.325,,,
2016-07-05,16.825,18.325,19.375,19.975,20.225,20.125,21.075,21.175,21.525,,,
2016-07-06,16.175,17.825,19.025,19.725,20.025,20.075,21.025,21.1,20.8,,,
2016-07-07,15.925,17.675,18.925,19.625,20.0,20.025,20.975,21.1,20.725,,,
2016-07-08,14.775,16.775,18.275,19.15,19.525,19.575,20.525,20.675,20.8,,,
2016-07-11,14.625,16.725,18.175,19.025,19.475,19.525,20.475,20.6,20.575,,,
2016-07-12,14.275,16.225,17.775,18.725,19.125,19.225,20.225,20.375,20.55,,,
2016-07-13,14.175,16.225,17.675,18.625,19.075,19.175,20.125,20.25,20.525,,,
2016-07-14,14.025,16.125,17.575,18.525,18.975,19.075,20.075,20.175,19.9,,,
2016-07-15,13.825,16.325,17.775,18.725,19.175,19.275,20.225,20.325,20.475,,,
2016-07-18,13.075,15.725,17.275,18.425,18.875,18.975,19.925,20.125,20.25,,,
2016-07-19,12.225,15.675,17.35,18.525,18.95,19.025,20.0,20.225,20.275,,,
2016-07-20,15.475,17.225,18.475,18.825,18.925,19.875,20.125,20.225,,,,
2016-07-21,15.825,17.775,19.0,19.275,19.325,20.25,20.45,20.475,,,,
2016-07-22,15.375,17.525,18.775,19.025,19.075,20.025,20.175,20.225,,,,
2016-07-25,15.325,17.575,18.825,19.125,19.175,20.125,20.325,20.325,20.325,,,
2016-07-26,15.175,17.475,18.775,19.025,19.125,20.075,20.275,20.3,22.425,,,
2016-07-27,14.775,17.275,18.675,18.875,19.025,19.95,20.175,20.2,20.275,,,
2016-07-28,14.375,16.925,18.375,18.625,18.725,19.7,19.925,20.025,20.325,,,
2016-07-29,13.825,16.425,18.025,18.225,18.375,19.35,19.575,19.75,20.425,,,
2016-08-01,13.625,16.225,17.875,18.125,18.275,19.275,19.525,19.7,20.25,,,
2016-08-02,14.225,16.625,18.275,18.575,18.675,19.625,19.875,19.975,20.175,,,
2016-08-03,13.825,16.275,18.0,18.375,18.475,19.525,19.775,19.95,20.025,,,
2016-08-04,13.425,15.875,17.725,18.225,18.375,19.425,19.725,19.9,19.9,,,
2016-08-05,12.875,15.325,17.275,17.975,18.175,19.175,19.475,19.725,19.95,,,
2016-08-08,12.475,15.125,17.0,17.725,17.925,19.0,19.325,19.55,19.95,,,
2016-08-09,12.375,14.875,16.675,17.475,17.675,18.725,19.1,19.35,19.675,,,
2016-08-10,12.875,15.175,16.825,17.625,17.875,18.925,19.225,19.475,19.65,,,
2016-08-11,12.625,15.075,16.775,17.625,17.925,18.975,19.325,19.575,19.575,,,
2016-08-12,12.325,14.975,16.725,17.625,17.975,19.025,19.375,19.6,19.85,,,
2016-08-15,12.225,14.825,16.525,17.525,17.925,19.025,19.375,19.6,19.9,,,
2016-08-16,12.825,15.325,16.975,17.875,18.225,19.3,19.625,19.85,20.1,,,
2016-08-17,14.825,16.675,17.675,18.075,19.175,19.475,19.75,20.075,,,,
2016-08-18,14.575,16.575,17.625,18.075,19.175,19.525,19.8,20.2,,,,
2016-08-19,14.675,16.675,17.725,18.175,19.3,19.625,19.875,20.3,,,,
2016-08-22,14.725,16.775,17.8,18.225,19.325,19.675,19.925,20.325,20.025,,,
2016-08-23,14.675,16.875,17.925,18.325,19.425,19.725,19.975,20.375,20.5,,,
2016-08-24,15.125,17.125,18.075,18.425,19.525,19.825,20.125,20.475,21.0,,,
2016-08-25,14.975,16.925,17.875,18.275,19.375,19.675,19.975,20.375,20.5,,,
2016-08-26,15.125,17.025,18.025,18.425,19.525,19.775,20.075,20.525,20.825,,,
2016-08-29,14.675,16.825,17.875,18.275,19.425,19.675,20.0,20.475,20.575,,,
2016-08-30,14.525,16.775,17.825,18.225,19.375,19.675,19.975,20.45,20.6,,,
2016-08-31,14.575,16.725,17.775,18.175,19.325,19.625,19.975,20.475,20.675,,,
2016-09-01,14.575,16.675,17.725,18.125,19.325,19.675,20.025,20.55,20.675,,,
2016-09-02,13.925,16.375,17.575,18.075,19.225,19.575,19.9,20.45,20.6,,,
2016-09-06,13.375,15.875,17.175,17.725,18.925,19.275,19.675,20.275,20.25,,,
2016-09-07,13.225,15.775,17.125,17.675,18.875,19.275,19.675,20.25,20.375,,,
2016-09-08,13.375,15.925,17.275,17.825,19.025,19.425,19.825,20.35,20.4,,,
2016-09-09,16.475,17.875,18.8,19.075,20.15,20.425,20.65,21.225,21.3,,,
2016-09-12,15.325,16.925,17.975,18.475,19.625,19.975,20.325,20.8,20.875,,,
2016-09-13,17.775,18.325,18.825,18.975,20.075,20.375,20.625,21.2,21.35,,,
2016-09-14,18.375,18.875,19.275,19.425,20.475,20.725,20.975,21.4,21.55,,,
2016-09-15,17.075,18.225,18.825,19.075,20.125,20.4,20.675,21.125,21.2,,,
2016-09-16,16.025,17.525,18.275,18.725,19.825,20.125,20.425,20.925,21.05,,,
2016-09-19,15.675,17.125,18.025,18.525,19.625,19.925,20.225,20.65,20.825,,,
2016-09-20,15.875,17.425,18.225,18.725,19.775,20.075,20.325,20.75,21.0,,,
2016-09-21,16.075,17.475,18.125,19.275,19.625,19.975,20.425,20.425,,,,
2016-09-22,15.325,16.875,17.625,18.875,19.275,19.575,20.025,20.1,,,,
2016-09-23,15.575,17.075,17.725,18.925,19.35,19.675,20.175,20.225,,,,
2016-09-26,16.275,17.375,17.925,19.025,19.475,19.775,20.3,20.425,20.45,,,
2016-09-27,15.525,16.875,17.475,18.625,19.1,19.475,19.975,20.1,20.25,,,
2016-09-28,15.225,16.725,17.3,18.5,18.975,19.35,19.925,20.0,20.2,,,
2016-09-29,15.925,17.025,17.475,18.7,19.125,19.475,19.975,20.125,20.3,,,
2016-09-30,15.775,16.95,17.45,18.5,19.05,19.4,19.975,20.05,20.3,,,
2016-10-03,15.475,16.775,17.225,18.375,18.875,19.275,19.8,19.95,20.3,,,
2016-10-04,15.325,16.625,17.025,18.175,18.625,19.025,19.575,19.75,19.975,,,
2016-10-05,15.125,16.675,17.175,18.325,18.775,19.175,19.725,19.875,20.025,,,
2016-10-06,14.975,16.525,17.075,18.275,18.725,19.125,19.625,19.775,19.975,,,
2016-10-07,15.325,16.725,17.275,18.425,18.85,19.175,19.7,19.85,20.125,,,
2016-10-10,14.675,16.325,16.925,18.125,18.575,18.925,19.45,19.65,19.9,,,
2016-10-11,15.825,16.975,17.425,18.525,18.925,19.225,19.725,19.9,20.05,,,
2016-10-12,16.325,17.225,17.625,18.725,19.075,19.425,19.925,20.075,20.05,,,
2016-10-13,17.025,17.525,17.825,18.925,19.3,19.575,20.075,20.2,20.35,,,
2016-10-14,16.625,17.325,17.625,18.775,19.175,19.475,20.0,20.15,20.225,,,
2016-10-17,16.525,17.125,17.425,18.575,19.025,19.325,19.825,20.025,20.175,,,
2016-10-18,15.675,16.625,17.125,18.375,18.875,19.225,19.725,19.925,20.075,,,
2016-10-19,16.075,16.825,18.125,18.6,19.0,19.525,19.775,19.9,,,,
2016-10-20,15.775,16.675,18.025,18.575,19.025,19.525,19.825,20.0,,,,
2016-10-21,15.575,16.525,17.875,18.425,18.875,19.425,19.675,19.875,,,,
2016-10-24,14.925,16.075,17.475,18.025,18.525,19.075,19.375,19.575,19.925,,,
2016-10-25,15.225,16.225,17.575,18.075,18.525,19.05,19.375,19.525,19.725,,,
2016-10-26,15.625,16.475,17.825,18.275,18.675,19.225,19.525,19.675,19.95,,,
2016-10-27,16.075,16.875,18.175,18.625,18.975,19.475,19.675,19.825,20.0,,,
2016-10-28,16.625,17.1,18.325,18.725,19.025,19.475,19.725,19.825,20.175,,,
2016-10-31,17.225,17.425,18.475,18.775,19.025,19.475,19.675,19.825,20.175,,,
2016-11-01,17.825,17.875,18.875,19.125,19.325,19.725,19.925,20.025,20.35,,,
2016-11-02,18.525,18.225,19.125,19.275,19.45,19.825,20.025,20.125,20.45,,,
2016-11-03,19.775,19.025,19.775,19.925,20.025,20.325,20.475,20.575,20.75,,,
2016-11-04,19.325,18.975,19.725,19.875,19.925,20.225,20.325,20.425,20.6,,,
2016-11-07,16.025,16.575,17.675,18.125,18.4,18.85,19.025,19.275,19.65,,,
2016-11-08,15.975,16.575,17.725,18.175,18.525,18.975,19.225,19.375,19.65,,,
2016-11-09,14.875,15.725,17.025,17.575,18.0,18.5,18.825,19.0,19.475,,,
2016-11-10,15.325,16.275,17.375,17.925,18.375,18.875,19.125,19.375,19.8,,,
2016-11-11,14.925,16.125,17.325,17.925,18.325,18.825,19.125,19.3,19.85,,,
2016-11-14,14.475,15.975,17.275,17.925,18.375,18.925,19.175,19.425,19.875,,,
2016-11-15,13.2,15.275,16.925,17.725,18.325,18.925,19.275,19.525,19.925,,,
2016-11-16,15.575,17.075,17.825,18.375,18.925,19.275,19.525,19.975,,,,
2016-11-17,15.025,16.675,17.475,18.075,18.675,19.025,19.325,19.8,,,,
2016-11-18,14.975,16.675,17.5,18.075,18.725,19.075,19.375,19.875,,,,
2016-11-21,14.475,16.275,17.175,17.825,18.5,18.875,19.225,19.725,19.725,,,
2016-11-22,14.425,16.275,17.175,17.825,18.525,18.925,19.225,19.75,19.775,,,
2016-11-23,14.425,16.375,17.325,17.975,18.625,18.975,19.325,19.825,19.8,,,
2016-11-25,14.325,16.175,17.175,17.875,18.525,18.925,19.3,19.8,19.875,,,
2016-11-28,14.425,16.275,17.275,17.975,18.625,19.025,19.325,19.85,19.95,,,
2016-11-29,14.275,16.225,17.225,17.925,18.625,19.025,19.375,19.85,19.925,,,
2016-11-30,14.525,16.275,17.275,17.975,18.625,19.025,19.275,19.775,19.825,,,
2016-12-01,15.025,16.675,17.575,18.175,18.825,19.175,19.425,19.925,20.1,,,
2016-12-02,15.075,16.775,17.675,18.325,18.925,19.275,19.525,20.0,20.025,,,
2016-12-05,13.525,15.675,16.875,17.725,18.425,18.825,19.125,19.625,19.875,,,
2016-12-06,13.125,15.375,16.625,17.525,18.275,18.675,18.95,19.475,19.625,,,
2016-12-07,13.325,15.475,16.625,17.55,18.3,18.725,19.025,19.575,19.675,,,
2016-12-08,13.425,15.525,16.725,17.625,18.375,18.775,19.125,19.65,19.7,,,
2016-12-09,13.025,15.225,16.425,17.425,18.225,18.625,18.975,19.5,19.65,,,
2016-12-12,13.425,15.575,16.725,17.625,18.425,18.825,19.175,19.7,19.8,,,
2016-12-13,13.275,15.475,16.725,17.675,18.475,18.825,19.175,19.675,19.775,,,
2016-12-14,13.425,15.325,16.525,17.475,18.275,18.675,18.975,19.525,19.7,,,
2016-12-15,13.025,15.075,16.425,17.475,18.275,18.675,19.025,19.525,19.65,,,
2016-12-16,12.725,14.975,16.375,17.425,18.275,18.675,19.025,19.55,19.65,,,
2016-12-19,12.125,14.475,15.975,17.125,18.025,18.425,18.825,19.35,19.5,,,
2016-12-20,11.575,14.225,15.775,16.975,17.925,18.375,18.75,19.25,19.45,,,
2016-12-21,14.025,15.675,16.925,17.825,18.325,18.725,19.275,19.4,,,,
2016-12-22,14.275,15.975,17.225,18.125,18.575,18.925,19.45,19.525,,,,
2016-12-23,14.275,16.025,17.275,18.125,18.575,18.925,19.45,19.625,,,,
2016-12-27,13.975,15.8,17.075,17.975,18.425,18.775,19.275,19.45,19.45,,,
2016-12-28,14.625,16.225,17.325,18.175,18.625,18.925,19.475,19.55,19.775,,,
2016-12-29,14.825,16.375,17.425,18.275,18.725,19.025,19.575,19.675,19.925,,,
2016-12-30,15.125,16.575,17.6,18.425,18.825,19.075,19.65,19.75,20.0,,,
2017-01-03,13.775,15.575,16.825,17.775,18.275,18.625,19.175,19.3,19.7,,,
2017-01-04,13.175,14.975,16.275,17.275,17.825,18.225,18.875,19.025,19.225,,,
2017-01-05,13.025,14.825,16.175,17.175,17.725,18.175,18.775,18.975,19.4,,,
2017-01-06,12.875,14.675,16.025,17.025,17.575,18.025,18.675,18.85,19.3,,,
2017-01-09,12.925,14.525,15.875,16.925,17.475,17.925,18.575,18.775,19.125,,,
2017-01-10,12.875,14.475,15.775,16.875,17.425,17.925,18.575,18.75,19.175,,,
2017-01-11,12.525,14.225,15.625,16.725,17.325,17.825,18.425,18.675,19.15,,,
2017-01-12,12.475,14.325,15.725,16.875,17.525,17.975,18.625,18.825,19.325,,,
2017-01-13,12.175,14.225,15.725,16.975,17.65,18.125,18.775,18.975,19.4,,,
2017-01-17,12.175,14.175,15.725,17.025,17.725,18.225,18.875,19.05,19.55,,,
2017-01-18,14.175,15.625,16.825,17.525,18.125,18.825,19.025,19.55,,,,
2017-01-19,14.225,15.575,16.725,17.375,17.925,18.675,18.925,19.45,,,,
2017-01-20,13.825,15.225,16.375,17.125,17.725,18.525,18.825,19.35,,,,
2017-01-23,13.575,14.975,16.125,16.875,17.525,18.325,18.625,19.225,19.55,,,
2017-01-24,13.025,14.375,15.525,16.325,17.025,17.825,18.175,18.75,19.05,,,
2017-01-25,12.725,14.175,15.325,16.125,16.775,17.575,17.925,18.525,18.8,,,
2017-01-26,12.675,14.125,15.425,16.175,16.825,17.625,17.925,18.575,18.8,,,
2017-01-27,12.525,14.125,15.425,16.275,16.925,17.675,18.025,18.65,18.925,,,
2017-01-30,12.875,14.325,15.575,16.325,16.975,17.725,18.075,18.725,19.025,,,
2017-01-31,12.925,14.325,15.525,16.275,16.875,17.625,17.975,18.625,19.025,,,
2017-02-01,12.675,13.975,15.225,16.025,16.675,17.425,17.775,18.425,18.675,,,
2017-02-02,12.925,14.175,15.425,16.225,16.825,17.575,17.875,18.5,18.775,,,
2017-02-03,12.475,13.925,15.225,16.025,16.675,17.375,17.675,18.325,18.65,,,
2017-02-06,12.475,13.975,15.275,16.075,16.725,17.425,17.725,18.375,18.625,,,
2017-02-07,12.575,13.975,15.325,16.125,16.775,17.475,17.775,18.425,18.65,,,
2017-02-08,12.575,13.975,15.425,16.225,16.875,17.575,17.875,18.525,18.75,,,
2017-02-09,12.025,13.675,15.275,16.075,16.725,17.375,17.7,18.325,18.6,,,
2017-02-10,11.725,13.375,15.125,16.025,16.725,17.375,17.625,18.3,18.55,,,
2017-02-13,11.425,13.075,14.8,15.65,16.425,17.125,17.425,18.075,18.4,,,
2017-02-14,11.175,12.3,14.025,14.975,15.775,16.525,16.875,17.575,17.85,,,
2017-02-15,12.875,14.025,14.775,15.475,16.25,16.6,17.3,17.675,,,,
2017-02-16,12.975,14.175,14.925,15.675,16.425,16.775,17.475,17.75,,,,
2017-02-17,13.125,14.35,15.15,15.775,16.525,16.875,17.575,17.825,,,,
2017-02-21,13.175,14.525,15.275,15.975,16.675,17.025,17.675,17.95,18.2,,,
2017-02-22,13.225,14.625,15.425,16.075,16.775,17.075,17.775,18.0,18.2,,,
2017-02-23,13.525,15.225,15.925,16.525,17.125,17.425,17.975,18.15,18.35,,,
2017-02-24,13.325,15.25,16.075,16.675,17.275,17.525,18.075,18.225,18.45,,,
2017-02-27,13.275,15.125,15.825,16.325,16.925,17.225,17.775,17.975,18.175,,,
2017-02-28,13.525,15.325,15.925,16.425,17.025,17.225,17.775,17.95,18.2,,,
2017-03-01,13.275,15.075,15.775,16.325,16.925,17.175,17.725,17.9,18.075,,,
2017-03-02,13.275,15.025,15.875,16.425,17.025,17.275,17.825,18.025,18.225,,,
2017-03-03,12.825,14.575,15.425,16.075,16.725,16.975,17.575,17.85,18.025,,,
2017-03-06,12.675,14.425,15.325,15.975,16.625,16.875,17.425,17.7,17.95,,,
2017-03-07,12.625,14.475,15.375,16.025,16.625,16.925,17.525,17.75,17.975,,,
2017-03-08,12.675,14.425,15.325,15.975,16.625,16.875,17.5,17.75,17.925,,,
2017-03-09,12.775,14.425,15.275,15.925,16.575,16.875,17.475,17.75,17.95,,,
2017-03-10,12.525,14.2,15.125,15.775,16.425,16.725,17.375,17.675,17.925,,,
2017-03-13,12.125,13.875,14.875,15.65,16.325,16.675,17.275,17.6,17.85,,,
2017-03-14,12.625,14.075,15.025,15.775,16.475,16.825,17.475,17.725,17.95,,,
2017-03-15,12.275,13.725,14.725,15.525,16.275,16.625,17.225,17.55,17.825,,,
2017-03-16,11.925,13.275,14.325,15.225,16.025,16.375,17.05,17.375,17.625,,,
2017-03-17,11.775,13.275,14.225,15.075,15.875,16.275,16.925,17.3,17.55,,,
2017-03-20,11.625,13.175,14.125,14.975,15.775,16.225,16.925,17.275,17.55,,,
2017-03-21,12.175,13.775,14.575,15.375,16.125,16.525,17.175,17.525,17.825,,,
2017-03-22,13.925,14.575,15.275,16.025,16.475,17.225,17.625,17.825,,,,
2017-03-23,14.275,14.775,15.475,16.225,16.675,17.375,17.725,17.95,,,,
2017-03-24,13.925,14.4,15.125,15.925,16.35,17.075,17.425,17.7,,,,
2017-03-27,13.575,14.075,14.725,15.525,16.025,16.825,17.225,17.45,17.5,,,
2017-03-28,12.925,13.55,14.375,15.225,15.725,16.525,16.925,17.25,17.5,,,
2017-03-29,12.925,13.525,14.225,15.075,15.575,16.375,16.825,17.125,17.275,,,
2017-03-30,12.825,13.375,14.175,15.025,15.475,16.275,16.725,17.0,17.15,,,
2017-03-31,13.275,13.575,14.25,15.025,15.475,16.275,16.725,17.05,17.2,,,
2017-04-03,13.475,13.575,14.275,15.075,15.575,16.325,16.725,17.05,17.15,,,
2017-04-04,13.225,13.375,14.125,14.925,15.375,16.125,16.475,16.8,16.9,,,
2017-04-05,13.875,13.875,14.525,15.275,15.675,16.425,16.725,17.025,16.9,,,
2017-04-06,13.575,13.525,14.175,14.975,15.375,16.075,16.475,16.775,16.85,,,
2017-04-07,14.025,13.875,14.525,15.225,15.6,16.3,16.675,16.975,17.0,,,
2017-04-10,15.025,14.325,14.775,15.425,15.775,16.475,16.825,17.1,17.175,,,
2017-04-11,15.975,14.525,14.875,15.525,15.875,16.525,16.875,17.125,17.2,,,
2017-04-12,16.275,14.925,15.025,15.575,15.875,16.575,16.875,17.175,17.225,,,
2017-04-13,16.325,15.225,15.275,15.825,16.1,16.75,17.075,17.3,17.275,,,
2017-04-17,15.075,14.325,14.575,15.225,15.575,16.275,16.575,16.9,17.0,,,
2017-04-18,14.725,14.325,14.525,15.175,15.475,16.225,16.575,16.875,16.925,,,
2017-04-19,14.575,14.525,15.125,15.425,16.175,16.575,16.875,16.925,,,,
2017-04-20,14.325,14.325,14.975,15.375,16.175,16.575,16.875,16.9,,,,
2017-04-21,14.325,14.225,14.825,15.175,15.925,16.35,16.725,16.75,,,,
2017-04-24,12.675,13.325,14.175,14.725,15.575,16.025,16.375,16.475,17.0,,,
2017-04-25,12.475,13.125,13.975,14.425,15.225,15.675,16.025,16.15,16.75,,,
2017-04-26,12.375,13.175,14.075,14.525,15.325,15.725,16.075,16.225,16.875,,,
2017-04-27,12.375,13.125,14.075,14.575,15.375,15.8,16.125,16.25,16.925,,,
2017-04-28,12.275,13.125,14.0,14.475,15.275,15.7,16.075,16.2,16.925,,,
2017-05-01,11.825,12.625,13.575,14.125,14.925,15.325,15.725,15.85,16.7,,,
2017-05-02,11.825,12.825,13.725,14.225,15.025,15.425,15.775,15.925,16.65,,,
2017-05-03,12.075,12.975,13.875,14.325,15.125,15.525,15.875,16.05,16.75,,,
2017-05-04,11.725,12.675,13.575,14.125,14.925,15.375,15.775,15.95,16.7,,,
2017-05-05,11.775,12.675,13.675,14.225,15.075,15.525,15.925,16.1,16.9,,,
2017-05-08,11.425,12.475,13.675,14.325,15.175,15.625,16.025,16.2,16.95,,,
2017-05-09,11.425,12.475,13.675,14.325,15.175,15.625,16.025,16.2,16.975,,,
2017-05-10,11.525,12.475,13.675,14.425,15.275,15.725,16.125,16.3,17.075,,,
2017-05-11,11.425,12.625,13.675,14.375,15.275,15.725,16.125,16.3,17.05,,,
2017-05-12,11.225,12.425,13.625,14.425,15.325,15.825,16.225,16.375,17.175,,,
2017-05-15,10.825,12.175,13.325,14.175,15.175,15.725,16.125,16.35,17.15,,,
2017-05-16,11.075,12.075,13.225,14.125,15.175,15.725,16.175,16.4,17.225,,,
2017-05-17,14.225,14.625,14.975,15.775,16.3,16.725,16.925,17.7,,,,
2017-05-18,14.275,14.575,15.025,15.875,16.375,16.725,16.875,17.65,,,,
2017-05-19,12.725,13.475,14.175,15.225,15.775,16.225,16.425,17.225,,,,
2017-05-22,12.225,13.175,13.925,14.975,15.575,16.025,16.225,17.1,17.55,,,
2017-05-23,12.325,13.325,14.125,15.175,15.775,16.175,16.375,17.175,17.425,,,
2017-05-24,11.975,12.975,13.925,15.075,15.725,16.175,16.375,17.225,17.4,,,
2017-05-25,12.025,13.025,13.925,15.075,15.725,16.175,16.425,17.3,17.5,,,
2017-05-26,11.925,12.925,13.775,14.95,15.625,16.125,16.375,17.275,17.475,,,
2017-05-30,11.825,12.725,13.575,14.725,15.375,15.875,16.125,17.05,17.375,,,
2017-05-31,11.825,12.675,13.525,14.675,15.375,15.925,16.125,17.05,17.375,,,
2017-06-01,11.625,12.425,13.325,14.525,15.275,15.775,16.05,17.025,17.325,,,
2017-06-02,11.625,12.525,13.425,14.575,15.35,15.825,16.075,17.0,17.325,,,
2017-06-05,11.775,12.625,13.425,14.625,15.375,15.825,16.025,17.0,17.25,,,
2017-06-06,11.975,12.825,13.625,14.775,15.475,15.925,16.175,17.175,17.375,,,
2017-06-07,11.875,12.725,13.525,14.725,15.475,15.925,16.175,17.175,17.425,,,
2017-06-08,11.625,12.525,13.325,14.525,15.275,15.775,16.025,17.025,17.325,,,
2017-06-09,11.725,12.575,13.325,14.5,15.225,15.75,16.025,17.025,17.375,,,
2017-06-12,11.875,12.675,13.425,14.525,15.275,15.775,16.025,17.025,17.375,,,
2017-06-13,11.425,12.275,13.125,14.325,15.125,15.575,15.875,16.875,17.225,,,
2017-06-14,11.475,12.275,13.025,14.225,15.025,15.525,15.825,16.875,17.2,,,
2017-06-15,11.525,12.425,13.125,14.375,15.125,15.575,15.875,16.925,17.275,,,
2017-06-16,11.325,12.325,12.975,14.175,14.925,15.425,15.725,16.775,17.15,,,
2017-06-19,10.875,12.125,12.725,13.95,14.775,15.325,15.625,16.65,17.025,,,
2017-06-20,11.125,12.075,12.725,13.875,14.675,15.225,15.525,16.525,16.95,,,
2017-06-21,12.175,12.825,13.825,14.575,15.175,15.525,16.575,16.95,,,,
2017-06-22,11.975,12.725,13.775,14.575,15.175,15.475,16.575,16.95,,,,
2017-06-23,11.875,12.625,13.675,14.5,15.1,15.425,16.525,16.875,,,,
2017-06-26,11.625,12.375,13.425,14.225,14.825,15.175,16.275,16.675,16.675,,,
2017-06-27,12.025,12.675,13.65,14.375,14.875,15.175,16.225,16.675,17.125,,,
2017-06-28,11.675,12.475,13.525,14.275,14.825,15.125,16.175,16.65,17.0,,,
2017-06-29,12.025,12.625,13.625,14.375,14.875,15.125,16.225,16.675,17.15,,,
2017-06-30,12.325,12.675,13.675,14.425,14.925,15.175,16.225,16.7,17.2,,,
2017-07-03,12.575,12.975,13.925,14.575,15.075,15.325,16.4,16.85,17.3,,,
2017-07-05,12.325,12.925,13.875,14.575,15.075,15.275,16.325,16.775,17.25,,,
2017-07-06,13.025,13.425,14.275,14.875,15.325,15.475,16.575,16.95,17.4,,,
2017-07-07,12.575,13.075,14.075,14.775,15.275,15.475,16.525,16.925,17.4,,,
2017-07-10,12.225,12.825,13.775,14.475,14.975,15.175,16.275,16.675,17.15,,,
2017-07-11,12.125,12.675,13.575,14.325,14.825,15.025,16.125,16.575,17.1,,,
2017-07-12,11.525,12.425,13.4,14.125,14.625,14.825,15.925,16.4,17.0,,,
2017-07-13,11.075,12.375,13.325,14.025,14.575,14.775,15.875,16.325,16.85,,,
2017-07-14,10.575,12.025,12.975,13.7,14.225,14.425,15.55,16.025,16.575,,,
2017-07-17,10.275,11.925,12.925,13.675,14.175,14.425,15.525,16.05,16.6,,,
2017-07-18,10.125,11.775,12.925,13.725,14.225,14.475,15.625,16.075,16.675,,,
2017-07-19,11.525,12.725,13.525,14.125,14.475,15.625,16.075,16.625,,,,
2017-07-20,11.475,12.725,13.475,14.075,14.425,15.575,16.025,16.625,,,,
2017-07-21,11.375,12.675,13.475,14.025,14.375,15.5,15.925,16.55,,,,
2017-07-24,11.325,12.525,13.3,13.875,14.2,15.325,15.725,16.35,16.825,,,
2017-07-25,11.175,12.575,13.375,13.925,14.175,15.325,15.675,16.275,16.7,,,
2017-07-26,11.275,12.625,13.425,13.925,14.125,15.225,15.575,16.175,16.625,,,
2017-07-27,11.425,12.625,13.325,13.825,14.025,15.1,15.425,16.05,16.525,,,
2017-07-28,11.375,12.625,13.375,13.825,14.025,15.125,15.425,16.025,16.45,,,
2017-07-31,11.275,12.475,13.175,13.675,13.875,15.025,15.375,16.075,16.425,,,
2017-08-01,11.225,12.425,13.075,13.525,13.725,14.825,15.175,15.825,16.225,,,
2017-08-02,11.275,12.625,13.275,13.725,13.875,14.975,15.325,15.9,16.3,,,
2017-08-03,11.325,12.725,13.475,13.875,14.025,15.125,15.425,15.975,16.375,,,
2017-08-04,11.275,12.775,13.525,13.975,14.175,15.25,15.6,16.125,16.475,,,
2017-08-07,11.125,12.575,13.375,13.875,14.075,15.175,15.525,16.075,16.425,,,
2017-08-08,11.525,12.925,13.675,14.175,14.375,15.475,15.775,16.275,16.7,,,
2017-08-09,11.725,13.075,13.775,14.325,14.525,15.575,15.875,16.375,16.7,,,
2017-08-10,15.525,15.175,15.225,15.425,15.475,16.5,16.675,17.125,17.45,,,
2017-08-11,15.425,15.275,15.525,15.725,15.725,16.725,16.925,17.325,17.625,,,
2017-08-14,12.45,13.175,13.825,14.325,14.525,15.575,15.825,16.35,16.7,,,
2017-08-15,12.325,13.175,13.975,14.425,14.625,15.675,15.925,16.375,16.725,,,
2017-08-16,13.075,13.775,14.225,14.425,15.525,15.825,16.275,16.625,,,,
2017-08-17,14.925,15.025,15.225,15.175,16.125,16.375,16.825,17.2,,,,
2017-08-18,14.975,15.125,15.375,15.325,16.275,16.525,16.925,17.25,,,,
2017-08-21,14.125,14.625,14.975,14.975,15.975,16.225,16.675,17.05,17.5,,,
2017-08-22,12.975,13.675,14.225,14.375,15.425,15.675,16.175,16.575,16.875,,,
2017-08-23,13.625,14.225,14.625,14.775,15.775,16.025,16.425,16.75,16.95,,,
2017-08-24,13.425,14.125,14.525,14.675,15.725,15.975,16.425,16.8,17.025,,,
2017-08-25,13.075,14.025,14.425,14.6,15.65,15.95,16.4,16.75,17.0,,,
2017-08-28,13.025,13.925,14.325,14.525,15.575,15.875,16.325,16.7,16.95,,,
2017-08-29,13.175,14.025,14.425,14.575,15.675,15.975,16.425,16.8,16.975,,,
2017-08-30,13.175,14.075,14.475,14.625,15.725,16.025,16.475,16.85,17.1,,,
2017-08-31,12.625,13.725,14.175,14.425,15.525,15.825,16.325,16.7,16.975,,,
2017-09-01,12.625,13.775,14.25,14.425,15.525,15.825,16.325,16.725,16.95,,,
2017-09-05,13.175,14.025,14.475,14.575,15.625,15.925,16.325,16.725,17.0,,,
2017-09-06,13.175,14.175,14.725,14.925,15.925,16.225,16.625,16.975,17.2,,,
2017-09-07,12.825,14.075,14.675,14.925,15.975,16.175,16.625,16.95,17.15,,,
2017-09-08,13.275,14.325,14.875,15.075,16.125,16.325,16.725,17.075,17.275,,,
2017-09-11,12.075,13.675,14.375,14.775,15.825,16.025,16.475,16.825,17.1,,,
2017-09-12,11.875,13.375,14.125,14.525,15.575,15.825,16.275,16.675,16.95,,,
2017-09-13,11.525,12.925,13.725,14.225,15.325,15.625,16.075,16.525,16.775,,,
2017-09-14,11.475,13.025,13.775,14.275,15.375,15.725,16.175,16.575,16.85,,,
2017-09-15,11.125,12.925,13.65,14.175,15.325,15.65,16.125,16.55,16.825,,,
2017-09-18,10.675,12.425,13.225,13.775,14.975,15.325,15.825,16.275,16.65,,,
2017-09-19,10.825,12.425,13.275,13.925,15.125,15.475,15.975,16.4,16.725,,,
2017-09-20,12.275,13.175,13.775,14.975,15.325,15.825,16.275,16.625,,,,
2017-09-21,12.325,13.275,13.825,15.025,15.375,15.925,16.375,16.725,,,,
2017-09-22,12.425,13.425,13.975,15.175,15.575,16.075,16.525,16.825,,,,
2017-09-25,12.375,13.375,13.925,15.125,15.475,16.025,16.475,16.8,17.175,,,
2017-09-26,12.275,13.275,13.775,14.975,15.375,15.925,16.425,16.725,17.0,,,
2017-09-27,12.175,13.275,13.775,14.975,15.375,15.925,16.425,16.75,17.025,,,
2017-09-28,11.925,13.125,13.675,14.875,15.325,15.875,16.375,16.725,17.0,,,
2017-09-29,11.675,13.025,13.575,14.775,15.225,15.8,16.275,16.625,16.975,,,
2017-10-02,11.375,12.675,13.275,14.525,14.925,15.525,16.025,16.4,16.775,,,
2017-10-03,11.375,12.775,13.275,14.475,14.875,15.475,15.975,16.35,16.7,,,
2017-10-04,11.325,12.775,13.275,14.475,14.875,15.475,15.975,16.35,16.675,,,
2017-10-05,10.825,12.475,13.025,14.225,14.675,15.275,15.775,16.2,16.5,,,
2017-10-06,10.825,12.525,13.125,14.325,14.725,15.325,15.825,16.225,16.55,,,
2017-10-09,11.125,12.625,13.225,14.425,14.875,15.475,15.95,16.35,16.7,,,
2017-10-10,10.925,12.325,13.025,14.275,14.725,15.325,15.825,16.225,16.575,,,
2017-10-11,10.775,12.175,12.875,14.075,14.625,15.275,15.775,16.175,16.525,,,
2017-10-12,10.575,12.075,12.775,14.075,14.625,15.275,15.775,16.225,16.55,,,
2017-10-13,10.275,11.875,12.575,13.875,14.425,15.025,15.575,16.05,16.4,,,
2017-10-16,10.275,11.675,12.375,13.625,14.225,14.875,15.425,15.9,16.275,,,
2017-10-17,10.375,11.725,12.375,13.625,14.225,14.825,15.425,15.85,16.2,,,
2017-10-18,11.575,12.325,13.525,14.225,14.875,15.475,15.925,16.275,,,,
2017-10-19,11.475,12.225,13.375,14.075,14.725,15.325,15.825,16.175,,,,
2017-10-20,11.325,12.125,13.275,14.0,14.625,15.225,15.675,16.075,,,,
2017-10-23,11.775,12.525,13.625,14.275,14.875,15.425,15.875,16.25,16.25,,,
2017-10-24,11.925,12.525,13.575,14.225,14.875,15.475,15.925,16.3,16.575,,,
2017-10-25,12.025,12.575,13.675,14.275,14.925,15.475,15.925,16.325,16.75,,,
2017-10-26,12.075,12.675,13.725,14.325,14.975,15.525,15.95,16.4,16.85,,,
2017-10-27,11.425,12.225,13.325,13.925,14.575,15.175,15.625,16.1,16.55,,,
2017-10-30,11.575,12.325,13.375,13.975,14.575,15.175,15.625,16.075,16.45,,,
2017-10-31,11.275,12.175,13.225,13.825,14.475,15.075,15.525,15.975,16.4,,,
2017-11-01,11.375,12.275,13.325,13.925,14.575,15.125,15.625,16.025,16.475,,,
2017-11-02,11.125,12.275,13.425,14.025,14.675,15.225,15.675,16.1,16.55,,,
2017-11-03,10.975,12.325,13.475,14.125,14.725,15.275,15.725,16.175,16.65,,,
2017-11-06,10.725,12.175,13.375,14.025,14.675,15.275,15.725,16.175,16.675,,,
2017-11-07,10.875,12.275,13.475,14.15,14.825,15.375,15.875,16.3,16.8,,,
2017-11-08,10.875,12.275,13.475,14.2,14.875,15.475,15.925,16.35,16.825,,,
2017-11-09,11.125,12.325,13.525,14.275,14.975,15.525,15.975,16.375,16.875,,,
2017-11-10,11.6,12.575,13.825,14.575,15.225,15.725,16.175,16.575,17.1,,,
2017-11-13,11.625,12.775,13.925,14.725,15.375,15.925,16.375,16.725,17.175,,,
2017-11-14,12.05,12.675,14.0,14.825,15.475,16.075,16.525,16.925,17.4,,,
2017-11-15,13.175,14.325,15.075,15.725,16.275,16.775,17.125,17.6,,,,
2017-11-16,12.675,13.975,14.775,15.425,15.975,16.475,16.875,17.35,,,,
2017-11-17,12.625,13.875,14.7,15.325,15.925,16.375,16.775,17.3,,,,
2017-11-20,12.075,13.425,14.225,14.975,15.575,16.075,16.475,17.0,17.275,,,
2017-11-21,11.625,12.975,13.875,14.675,15.275,15.825,16.225,16.775,17.225,,,
2017-11-22,11.475,12.875,13.825,14.575,15.175,15.675,16.125,16.7,17.0,,,
2017-11-24,11.425,12.825,13.75,14.525,15.125,15.625,16.025,16.625,16.95,,,
2017-11-27,11.325,12.875,13.775,14.575,15.225,15.725,16.125,16.75,17.025,,,
2017-11-28,11.275,12.725,13.675,14.475,15.125,15.625,16.025,16.625,16.975,,,
2017-11-29,11.475,12.925,13.925,14.725,15.325,15.825,16.225,16.775,17.15,,,
2017-11-30,11.675,13.025,13.925,14.675,15.275,15.825,16.175,16.725,16.95,,,
2017-12-01,11.875,13.275,14.125,14.875,15.475,15.925,16.325,16.85,17.025,,,
2017-12-04,11.925,13.225,14.075,14.825,15.425,15.875,16.225,16.775,16.95,,,
2017-12-05,11.875,13.175,13.975,14.725,15.275,15.775,16.125,16.7,16.9,,,
2017-12-06,11.725,13.075,13.925,14.675,15.225,15.725,16.075,16.625,16.75,,,
2017-12-07,11.175,12.675,13.575,14.375,14.925,15.425,15.825,16.425,16.725,,,
2017-12-08,10.875,12.325,13.325,14.275,14.825,15.35,15.775,16.35,16.625,,,
2017-12-11,10.325,11.975,13.025,14.075,14.725,15.225,15.675,16.25,16.525,,,
2017-12-12,10.375,11.975,13.025,14.075,14.775,15.275,15.725,16.3,16.55,,,
2017-12-13,10.525,11.975,12.925,13.925,14.625,15.175,15.625,16.25,16.5,,,
2017-12-14,10.375,11.875,12.875,13.925,14.575,15.175,15.625,16.225,16.475,,,
2017-12-15,9.925,11.475,12.475,13.575,14.325,14.925,15.375,16.0,16.225,,,
2017-12-18,9.875,11.325,12.25,13.325,14.075,14.625,15.125,15.8,16.1,,,
2017-12-19,10.075,11.325,12.225,13.275,13.975,14.625,15.125,15.825,16.15,,,
2017-12-20,11.425,12.325,13.275,14.025,14.625,15.175,15.875,16.2,,,,
2017-12-21,11.225,12.225,13.125,13.825,14.475,15.025,15.725,16.1,,,,
2017-12-22,11.425,12.325,13.175,13.825,14.425,15.0,15.675,16.075,,,,
2017-12-26,11.325,12.325,13.1,13.775,14.325,14.875,15.575,15.95,16.425,,,
2017-12-27,11.325,12.325,13.075,13.725,14.275,14.775,15.425,15.825,16.275,,,
2017-12-28,11.225,12.275,13.075,13.725,14.275,14.775,15.425,15.85,16.25,,,
2017-12-29,11.475,12.475,13.225,13.875,14.375,14.825,15.425,15.8,16.2,,,
2018-01-02,10.875,11.975,12.825,13.525,14.025,14.525,15.125,15.575,16.1,,,
2018-01-03,10.675,11.825,12.625,13.325,13.825,14.325,14.925,15.35,15.925,,,
2018-01-04,10.575,11.825,12.675,13.375,13.925,14.375,14.975,15.375,15.925,,,
2018-01-05,10.475,11.725,12.575,13.275,13.825,14.25,14.825,15.225,15.8,,,
2018-01-08,10.475,11.675,12.475,13.225,13.775,14.225,14.825,15.2,15.75,,,
2018-01-09,10.675,11.775,12.525,13.225,13.725,14.225,14.775,15.175,15.775,,,
2018-01-10,10.575,11.575,12.375,13.075,13.575,14.075,14.675,15.075,15.7,,,
2018-01-11,10.475,11.575,12.325,12.975,13.475,13.975,14.525,14.95,15.525,,,
2018-01-12,10.575,11.675,12.375,12.975,13.475,13.925,14.525,14.9,15.45,,,
2018-01-16,11.775,12.075,12.725,13.325,13.825,14.325,14.925,15.325,15.85,,,
2018-01-17,12.125,12.575,13.175,13.725,14.225,14.825,15.175,15.7,,,,
2018-01-18,12.075,12.775,13.325,13.825,14.275,14.875,15.175,15.65,,,,
2018-01-19,11.925,12.525,13.175,13.725,14.225,14.825,15.125,15.65,,,,
2018-01-22,11.825,12.475,13.125,13.625,14.075,14.675,15.025,15.525,15.85,,,
2018-01-23,11.975,12.725,13.375,13.875,14.325,14.875,15.175,15.7,15.975,,,
2018-01-24,12.225,12.925,13.575,14.125,14.525,15.075,15.275,15.75,16.1,,,
2018-01-25,12.425,13.025,13.725,14.275,14.675,15.175,15.325,15.775,16.125,,,
2018-01-26,12.325,13.075,13.725,14.225,14.575,15.075,15.275,15.7,16.05,,,
2018-01-29,13.525,13.825,14.275,14.675,14.925,15.425,15.575,16.0,16.275,,,
2018-01-30,13.975,14.075,14.475,14.875,15.125,15.575,15.725,16.125,16.4,,,
2018-01-31,13.475,13.675,14.175,14.575,14.875,15.325,15.475,15.875,16.225,,,
2018-02-01,13.275,13.425,13.925,14.375,14.725,15.225,15.375,15.775,16.1,,,
2018-02-02,15.625,14.975,15.075,15.275,15.425,15.825,15.925,16.225,16.45,,,
2018-02-05,33.225,27.975,24.725,20.95,19.375,19.425,20.425,18.925,18.975,,,
2018-02-06,23.875,21.025,20.0,19.225,18.85,18.75,18.15,18.9,18.65,,,
2018-02-07,23.425,19.875,19.35,18.725,18.05,18.025,18.175,18.05,18.175,,,
2018-02-08,28.1,21.65,20.475,19.85,19.1,19.05,18.75,18.875,18.9,,,
2018-02-09,27.175,20.425,19.025,18.525,17.775,17.825,17.7,18.025,18.2,,,
2018-02-12,25.825,19.825,18.9,18.475,18.025,18.075,17.925,18.15,18.375,,,
2018-02-13,25.225,19.825,18.975,18.6,18.175,18.275,18.125,18.325,18.65,,,
2018-02-14,17.875,17.775,17.825,17.625,17.825,17.725,17.925,18.075,,,,
2018-02-15,17.525,17.325,17.325,17.175,17.375,17.375,17.55,17.675,,,,
2018-02-16,17.775,17.375,17.375,17.225,17.425,17.375,17.575,17.65,,,,
2018-02-20,18.375,17.825,17.725,17.475,17.625,17.525,17.675,17.775,17.775,,,
2018-02-21,18.575,18.075,17.975,17.775,17.925,17.75,17.875,17.925,18.175,,,
2018-02-22,18.075,17.625,17.575,17.4,17.55,17.425,17.575,17.675,17.65,,,
2018-02-23,16.775,16.9,16.925,16.825,16.975,16.875,17.125,17.325,17.3,,,
2018-02-26,16.175,16.175,16.35,16.375,16.6,16.575,16.825,17.05,17.025,,,
2018-02-27,17.525,17.175,17.125,16.975,17.175,17.075,17.325,17.55,17.6,,,
2018-02-28,18.575,17.875,17.675,17.475,17.6,17.5,17.7,17.825,17.8,,,
2018-03-01,19.975,18.675,18.375,18.125,18.275,18.125,18.225,18.3,18.2,,,
2018-03-02,19.025,18.275,18.125,17.925,18.125,17.975,18.175,18.275,18.05,,,
2018-03-05,18.275,17.825,17.75,17.6,17.75,17.6,17.8,17.95,17.825,,,
2018-03-06,18.325,17.975,17.975,17.825,17.975,17.825,18.025,18.2,18.0,,,
2018-03-07,17.875,17.775,17.825,17.8,17.975,17.875,18.1,18.275,18.125,,,
2018-03-08,17.225,17.275,17.525,17.575,17.825,17.75,17.95,18.125,17.95,,,
2018-03-09,15.775,16.225,16.675,16.825,17.125,17.125,17.375,17.6,17.725,,,
2018-03-12,16.175,16.575,16.975,17.075,17.325,17.325,17.575,17.825,17.7,,,
2018-03-13,16.775,16.925,17.225,17.275,17.525,17.525,17.8,18.075,17.9,,,
2018-03-14,17.375,17.275,17.525,17.525,17.775,17.775,18.025,18.275,18.1,,,
2018-03-15,16.775,16.725,17.125,17.275,17.525,17.5,17.775,18.05,17.8,,,
2018-03-16,16.275,16.475,16.825,16.975,17.275,17.275,17.625,17.925,17.8,,,
2018-03-19,18.175,17.475,17.475,17.375,17.575,17.525,17.825,18.15,17.975,,,
2018-03-20,18.375,17.375,17.475,17.475,17.725,17.675,17.975,18.275,18.075,,,
2018-03-21,17.325,17.325,17.375,17.65,17.675,17.925,18.175,18.05,,,,
2018-03-22,19.375,18.425,18.025,18.175,18.125,18.325,18.575,18.475,,,,
2018-03-23,20.425,19.325,18.775,18.875,18.7,18.85,19.075,18.875,,,,
2018-03-26,19.325,18.625,18.275,18.425,18.325,18.475,18.7,18.55,18.5,,,
2018-03-27,20.425,19.525,19.025,19.175,19.025,19.175,19.35,19.15,19.025,,,
2018-03-28,21.025,19.875,19.375,19.525,19.4,19.525,19.775,19.575,19.425,,,
2018-03-29,19.775,19.225,18.825,19.0,18.875,19.025,19.3,19.1,18.9,,,
2018-04-02,21.425,20.025,19.375,19.525,19.375,19.425,19.625,19.45,19.225,,,
2018-04-03,20.475,19.675,19.175,19.325,19.125,19.275,19.45,19.25,19.05,,,
2018-04-04,19.975,19.225,18.875,19.025,18.925,19.075,19.325,19.125,18.95,,,
2018-04-05,19.075,18.675,18.525,18.775,18.675,18.875,19.175,18.975,18.85,,,
2018-04-06,20.625,19.525,19.225,19.425,19.275,19.425,19.675,19.425,19.25,,,
2018-04-09,20.825,19.825,19.375,19.525,19.35,19.525,19.775,19.525,19.25,,,
2018-04-10,20.175,19.425,19.075,19.275,19.125,19.325,19.625,19.425,19.25,,,
2018-04-11,20.075,19.475,19.275,19.475,19.375,19.575,19.825,19.625,19.5,,,
2018-04-12,18.825,18.725,18.675,18.925,18.825,19.025,19.325,19.2,19.1,,,
2018-04-13,17.925,18.125,18.275,18.525,18.525,18.725,19.075,18.95,18.825,,,
2018-04-16,16.825,17.275,17.575,17.975,18.075,18.375,18.75,18.675,18.575,,,
2018-04-17,15.325,16.375,16.875,17.375,17.625,17.975,18.375,18.325,18.225,,,
2018-04-18,16.425,16.675,17.125,17.325,17.7,18.125,18.125,18.05,,,,
2018-04-19,16.575,16.825,17.225,17.375,17.725,18.175,18.125,18.075,,,,
2018-04-20,17.025,17.075,17.425,17.575,17.875,18.275,18.225,18.2,,,,
2018-04-23,16.825,17.025,17.325,17.475,17.775,18.225,18.225,18.15,18.45,,,
2018-04-24,17.675,17.475,17.625,17.625,17.875,18.275,18.2,18.175,18.725,,,
2018-04-25,17.725,17.675,17.825,17.875,18.125,18.55,18.475,18.375,18.7,,,
2018-04-26,16.875,17.025,17.325,17.425,17.725,18.125,18.025,17.95,18.575,,,
2018-04-27,16.425,16.825,17.225,17.375,17.675,18.075,18.025,18.0,18.275,,,
2018-04-30,16.625,16.925,17.275,17.425,17.725,18.125,18.075,18.05,18.25,,,
2018-05-01,16.275,16.475,16.875,17.025,17.375,17.8,17.75,17.7,17.975,,,
2018-05-02,16.625,16.775,17.125,17.275,17.6,18.025,17.975,17.95,18.15,,,
2018-05-03,16.525,16.525,16.925,17.1,17.425,17.875,17.825,17.8,18.075,,,
2018-05-04,15.875,16.375,16.775,16.925,17.275,17.675,17.65,17.65,17.9,,,
2018-05-07,15.725,16.325,16.775,16.975,17.275,17.725,17.7,17.7,17.925,,,
2018-05-08,15.775,16.225,16.675,16.875,17.225,17.675,17.675,17.65,18.05,,,
2018-05-09,14.825,15.625,16.175,16.525,16.875,17.325,17.375,17.425,17.875,,,
2018-05-10,14.175,15.075,15.625,16.025,16.425,16.875,16.975,17.05,17.5,,,
2018-05-11,13.675,14.7,15.25,15.675,16.125,16.675,16.775,16.85,17.325,,,
2018-05-14,13.375,14.475,14.975,15.375,15.875,16.425,16.575,16.65,17.15,,,
2018-05-15,14.875,15.325,15.775,16.075,16.475,16.975,17.075,17.125,17.6,,,
2018-05-16,14.675,15.325,15.775,16.175,16.675,16.775,16.825,17.35,,,,
2018-05-17,14.375,15.075,15.575,16.025,16.525,16.675,16.725,17.3,,,,
2018-05-18,14.525,15.325,15.725,16.175,16.7,16.825,16.825,17.4,,,,
2018-05-21,14.075,14.775,15.275,15.725,16.275,16.425,16.475,17.075,17.425,,,
2018-05-22,14.225,14.975,15.425,15.925,16.475,16.625,16.675,17.25,17.45,,,
2018-05-23,13.875,14.725,15.175,15.725,16.275,16.425,16.475,17.05,17.3,,,
2018-05-24,13.825,14.6,15.125,15.675,16.275,16.425,16.525,17.05,17.35,,,
2018-05-25,14.125,14.825,15.275,15.825,16.375,16.525,16.625,17.15,17.375,,,
2018-05-29,15.925,16.125,16.125,16.375,16.725,16.8,16.825,17.35,17.575,,,
2018-05-30,15.175,15.675,16.025,16.425,16.875,16.925,16.95,17.45,17.625,,,
2018-05-31,15.425,15.875,16.225,16.575,17.025,17.075,17.075,17.55,17.65,,,
2018-06-01,14.425,15.175,15.575,16.025,16.575,16.675,16.675,17.2,17.375,,,
2018-06-04,13.925,14.675,15.125,15.625,16.175,16.325,16.4,16.925,17.05,,,
2018-06-05,13.625,14.525,14.975,15.475,16.0,16.125,16.175,16.75,16.925,,,
2018-06-06,13.075,14.075,14.625,15.175,15.725,15.875,15.925,16.525,16.7,,,
2018-06-07,13.175,14.175,14.75,15.275,15.825,15.95,16.025,16.6,16.725,,,
2018-06-08,13.325,14.225,14.775,15.325,15.825,15.975,16.025,16.625,16.825,,,
2018-06-11,12.875,13.975,14.675,15.225,15.8,15.925,15.975,16.575,16.775,,,
2018-06-12,12.775,13.925,14.625,15.275,15.825,15.925,15.975,16.6,16.8,,,
2018-06-13,13.225,14.175,14.825,15.425,15.975,16.075,16.175,16.75,16.875,,,
2018-06-14,12.675,13.675,14.425,15.1,15.675,15.875,15.975,16.55,16.75,,,
2018-06-15,12.575,13.725,14.35,14.975,15.625,15.85,15.975,16.575,16.75,,,
2018-06-18,12.675,13.675,14.225,14.825,15.475,15.725,15.875,16.5,16.675,,,
2018-06-19,13.575,14.225,14.775,15.275,15.825,16.025,16.175,16.8,16.95,,,
2018-06-20,13.925,14.625,15.225,15.775,15.975,16.125,16.725,16.925,,,,
2018-06-21,14.875,15.275,15.7,16.175,16.325,16.425,17.025,17.2,,,,
2018-06-22,14.425,15.075,15.525,16.025,16.2,16.325,16.925,17.15,,,,
2018-06-25,16.325,16.275,16.475,16.825,16.825,16.825,17.4,17.6,17.575,,,
2018-06-26,15.875,16.125,16.45,16.825,16.825,16.825,17.425,17.6,17.55,,,
2018-06-27,16.925,16.875,17.075,17.375,17.325,17.275,17.825,17.975,17.875,,,
2018-06-28,16.525,16.575,16.825,17.175,17.1,17.025,17.575,17.675,17.75,,,
2018-06-29,16.025,16.375,16.725,17.075,17.075,17.025,17.525,17.65,17.85,,,
2018-07-02,16.025,16.325,16.675,17.075,17.125,17.075,17.575,17.7,17.95,,,
2018-07-03,16.375,16.725,16.975,17.325,17.325,17.3,17.8,17.9,18.05,,,
2018-07-05,15.475,16.075,16.475,16.975,17.025,17.025,17.525,17.625,17.8,,,
2018-07-06,14.575,15.525,16.075,16.575,16.675,16.675,17.175,17.325,17.5,,,
2018-07-09,13.775,14.625,15.225,15.825,15.975,15.975,16.525,16.75,16.975,,,
2018-07-10,13.425,14.425,14.975,15.625,15.775,15.825,16.4,16.625,16.875,,,
2018-07-11,14.175,14.875,15.375,15.925,16.075,16.1,16.675,16.85,17.075,,,
2018-07-12,13.325,14.475,14.975,15.625,15.775,15.8,16.35,16.575,16.825,,,
2018-07-13,12.975,14.225,14.875,15.475,15.675,15.725,16.275,16.475,16.75,,,
2018-07-16,12.975,14.275,14.875,15.525,15.725,15.775,16.35,16.55,16.85,,,
2018-07-17,12.125,13.975,14.775,15.525,15.775,15.825,16.425,16.625,16.95,,,
2018-07-18,13.925,14.875,15.575,15.875,15.925,16.475,16.725,17.025,,,,
2018-07-19,14.175,15.025,15.725,15.925,15.975,16.525,16.775,17.075,,,,
2018-07-20,14.275,15.175,15.825,16.05,16.125,16.675,16.875,17.2,,,,
2018-07-23,14.075,15.025,15.675,15.975,15.975,16.575,16.775,17.15,17.25,,,
2018-07-24,14.075,14.975,15.675,15.925,15.95,16.5,16.725,17.05,17.1,,,
2018-07-25,13.825,14.875,15.625,15.875,15.9,16.425,16.625,17.0,17.075,,,
2018-07-26,13.85,14.925,15.65,15.925,15.925,16.475,16.65,16.975,17.0,,,
2018-07-27,14.325,15.175,15.875,16.075,16.075,16.625,16.75,17.05,17.125,,,
2018-07-30,14.875,15.625,16.175,16.325,16.325,16.825,16.975,17.25,17.3,,,
2018-07-31,14.075,15.025,15.725,15.925,15.95,16.475,16.675,17.025,17.1,,,
2018-08-01,14.275,15.125,15.825,15.975,16.025,16.525,16.725,17.05,17.1,,,
2018-08-02,13.925,14.975,15.675,15.875,15.925,16.475,16.675,17.0,17.05,,,
2018-08-03,13.525,14.8,15.575,15.825,15.85,16.325,16.525,16.9,16.975,,,
2018-08-06,13.025,14.375,15.225,15.525,15.625,16.125,16.325,16.725,16.8,,,
2018-08-07,12.725,14.025,14.875,15.225,15.375,15.875,16.075,16.475,16.625,,,
2018-08-08,12.575,13.975,14.875,15.225,15.375,15.875,16.075,16.475,16.55,,,
2018-08-09,12.675,14.125,14.975,15.275,15.45,15.975,16.175,16.525,16.65,,,
2018-08-10,13.775,14.775,15.475,15.675,15.775,16.25,16.425,16.75,16.725,,,
2018-08-13,14.875,15.475,15.975,16.075,16.175,16.625,16.775,17.125,17.2,,,
2018-08-14,13.725,14.725,15.375,15.625,15.775,16.275,16.425,16.8,16.925,,,
2018-08-15,14.875,15.225,15.675,15.875,15.975,16.475,16.575,16.925,17.05,,,
2018-08-16,13.725,14.775,15.375,15.625,15.775,16.275,16.425,16.8,16.875,,,
2018-08-17,13.075,14.325,15.025,15.375,15.575,16.075,16.225,16.6,16.75,,,
2018-08-20,12.775,14.175,14.875,15.225,15.425,15.925,16.125,16.5,16.625,,,
2018-08-21,12.875,14.625,15.175,15.475,15.65,16.125,16.325,16.7,16.85,,,
2018-08-22,14.175,15.075,15.425,15.575,16.075,16.225,16.575,16.75,,,,
2018-08-23,14.225,15.175,15.525,15.675,16.15,16.275,16.675,16.8,,,,
2018-08-24,14.125,15.175,15.475,15.625,16.125,16.275,16.625,16.775,,,,
2018-08-27,14.125,15.225,15.525,15.675,16.125,16.275,16.625,16.725,16.875,,,
2018-08-28,14.075,15.275,15.625,15.775,16.225,16.375,16.675,16.825,16.95,,,
2018-08-29,13.925,15.225,15.625,15.775,16.225,16.375,16.7,16.85,16.95,,,
2018-08-30,14.525,15.675,15.975,16.075,16.525,16.675,16.925,17.075,17.2,,,
2018-08-31,14.025,15.175,15.575,15.775,16.225,16.425,16.675,16.85,16.95,,,
2018-09-04,14.225,15.225,15.625,15.775,16.275,16.425,16.675,16.825,17.05,,,
2018-09-05,14.575,15.525,15.875,16.025,16.475,16.625,16.875,17.0,17.175,,,
2018-09-06,15.175,16.025,16.275,16.375,16.775,16.925,17.125,17.225,17.3,,,
2018-09-07,15.375,16.225,16.425,16.475,16.875,17.025,17.25,17.35,17.375,,,
2018-09-10,14.775,15.675,15.975,16.075,16.575,16.775,17.025,17.15,17.3,,,
2018-09-11,14.225,15.125,15.525,15.675,16.225,16.425,16.675,16.825,17.025,,,
2018-09-12,14.025,15.025,15.375,15.525,16.075,16.325,16.625,16.775,16.975,,,
2018-09-13,13.375,14.625,15.075,15.225,15.775,16.025,16.375,16.575,16.775,,,
2018-09-14,12.875,14.375,14.875,15.075,15.6,15.875,16.275,16.45,16.65,,,
2018-09-17,13.575,14.975,15.275,15.375,15.875,16.125,16.475,16.625,16.8,,,
2018-09-18,12.725,14.675,15.175,15.375,15.875,16.125,16.475,16.625,16.8,,,
2018-09-19,14.275,15.125,15.275,15.825,16.025,16.375,16.525,16.725,,,,
2018-09-20,14.025,14.925,15.175,15.675,15.925,16.275,16.425,16.675,,,,
2018-09-21,14.125,15.075,15.325,15.825,16.075,16.425,16.575,16.825,,,,
2018-09-24,14.025,14.925,15.175,15.625,15.875,16.275,16.425,16.7,17.025,,,
2018-09-25,14.075,14.975,15.225,15.725,15.975,16.275,16.475,16.725,16.9,,,
2018-09-26,14.425,15.275,15.475,15.925,16.175,16.475,16.625,16.875,16.95,,,
2018-09-27,14.125,15.025,15.3,15.775,16.025,16.375,16.525,16.8,16.875,,,
2018-09-28,13.975,14.975,15.225,15.725,15.925,16.275,16.425,16.7,17.025,,,
2018-10-01,13.925,14.875,15.125,15.675,15.925,16.275,16.425,16.7,16.875,,,
2018-10-02,13.975,14.925,15.225,15.775,16.025,16.375,16.525,16.775,16.85,,,
2018-10-03,13.775,14.725,15.075,15.65,15.95,16.275,16.425,16.7,16.825,,,
2018-10-04,14.875,15.225,15.425,15.925,16.175,16.475,16.625,16.875,17.05,,,
2018-10-05,15.225,15.475,15.575,16.075,16.325,16.625,16.775,17.0,17.3,,,
2018-10-08,15.675,15.725,15.825,16.275,16.525,16.775,16.925,17.175,17.325,,,
2018-10-09,15.975,15.925,15.925,16.375,16.525,16.825,16.975,17.175,17.35,,,
2018-10-10,20.125,18.525,17.775,17.925,18.025,18.225,18.325,18.55,18.7,,,
2018-10-11,21.175,18.525,17.925,18.125,18.175,18.325,18.375,18.525,18.625,,,
2018-10-12,19.925,18.125,17.575,17.775,17.825,18.025,18.075,18.25,18.4,,,
2018-10-15,20.125,18.525,18.025,18.275,18.325,18.525,18.575,18.675,18.75,,,
2018-10-16,17.675,17.275,17.175,17.625,17.725,17.925,18.0,18.125,18.25,,,
2018-10-17,17.125,17.175,17.575,17.675,17.875,17.975,18.125,18.25,,,,
2018-10-18,18.425,18.075,18.275,18.225,18.325,18.275,18.375,18.55,,,,
2018-10-19,18.425,18.175,18.425,18.325,18.425,18.325,18.425,18.525,,,,
2018-10-22,18.625,18.225,18.475,18.425,18.475,18.375,18.425,18.5,18.825,,,
2018-10-23,18.825,18.425,18.575,18.475,18.525,18.425,18.475,18.525,20.5,,,
2018-10-24,20.625,19.625,19.575,19.375,19.325,19.125,19.125,19.175,19.375,,,
2018-10-25,20.925,19.825,19.775,19.575,19.525,19.375,19.325,19.325,20.425,,,
2018-10-26,21.075,20.075,20.025,19.775,19.675,19.475,19.475,19.45,19.45,,,
2018-10-29,21.525,20.575,20.475,20.225,20.075,19.825,19.775,19.7,19.5,,,
2018-10-30,20.925,20.225,20.325,20.075,19.925,19.7,19.625,19.6,19.15,,,
2018-10-31,20.275,19.775,19.925,19.775,19.675,19.475,19.425,19.4,18.975,,,
2018-11-01,19.275,19.025,19.275,19.225,19.175,19.075,19.025,19.05,18.925,,,
2018-11-02,19.575,19.075,19.275,19.225,19.225,19.1,19.05,19.075,18.975,,,
2018-11-05,19.425,18.825,19.025,18.975,18.975,18.875,18.875,18.925,19.0,,,
2018-11-06,18.625,18.225,18.425,18.475,18.525,18.425,18.425,18.5,18.6,,,
2018-11-07,16.825,17.125,17.675,17.775,17.875,17.8,17.875,18.075,18.225,,,
2018-11-08,16.975,17.175,17.625,17.775,17.875,17.85,17.925,18.075,18.25,,,
2018-11-09,17.475,17.675,18.075,18.175,18.225,18.125,18.175,18.325,18.5,,,
2018-11-12,19.575,18.725,18.925,18.875,18.875,18.725,18.675,18.8,18.95,,,
2018-11-13,19.425,18.925,19.175,19.125,19.025,18.875,18.825,18.925,19.05,,,
2018-11-14,20.175,19.425,19.675,19.575,19.475,19.225,19.15,19.2,19.25,,,
2018-11-15,19.375,19.125,19.475,19.475,19.375,19.125,19.075,19.125,19.2,,,
2018-11-16,18.275,18.325,18.725,18.825,18.825,18.675,18.625,18.75,18.9,,,
2018-11-19,19.925,19.375,19.625,19.575,19.475,19.275,19.225,19.225,19.3,,,
2018-11-20,22.175,20.425,20.525,20.425,20.275,19.975,19.9,19.85,19.9,,,
2018-11-21,20.125,20.375,20.325,20.175,19.925,19.875,19.825,19.875,,,,
2018-11-23,20.475,20.525,20.425,20.275,20.025,19.975,20.0,20.0,,,,
2018-11-26,18.925,19.375,19.5,19.475,19.275,19.275,19.325,19.4,19.4,,,
2018-11-27,18.775,19.125,19.225,19.275,19.125,19.125,19.175,19.325,19.175,,,
2018-11-28,18.225,18.575,18.725,18.825,18.725,18.775,18.825,19.0,19.05,,,
2018-11-29,18.375,18.825,18.925,18.975,18.875,18.875,18.925,19.15,19.25,,,
2018-11-30,17.675,18.175,18.375,18.575,18.475,18.525,18.575,18.8,18.95,,,
2018-12-03,16.775,17.375,17.675,17.925,17.875,17.975,18.075,18.3,18.175,,,
2018-12-04,19.425,19.275,19.125,19.175,18.975,18.975,18.975,19.1,18.9,,,
2018-12-05,19.025,19.05,18.975,19.025,18.9,18.9,18.925,19.1,19.225,,,
2018-12-06,19.925,19.475,19.225,19.275,19.075,19.025,19.025,19.225,19.575,,,
2018-12-07,21.425,20.675,20.175,20.075,19.775,19.625,19.625,19.8,19.925,,,
2018-12-10,21.325,20.525,20.175,19.975,19.675,19.575,19.575,19.75,19.85,,,
2018-12-11,21.275,20.475,20.275,20.125,19.775,19.675,19.625,19.825,19.875,,,
2018-12-12,21.075,20.425,20.275,20.125,19.775,19.725,19.675,19.825,19.875,,,
2018-12-13,20.725,20.225,20.175,20.075,19.825,19.725,19.725,19.925,19.9,,,
2018-12-14,21.725,20.875,20.575,20.425,20.075,19.975,19.925,20.1,20.125,,,
2018-12-17,23.475,21.675,21.225,20.975,20.575,20.425,20.325,20.525,20.55,,,
2018-12-18,24.675,21.975,21.625,21.325,20.875,20.675,20.575,20.775,20.775,,,
2018-12-19,22.325,21.925,21.575,21.075,20.875,20.775,20.975,20.975,,,,
2018-12-20,22.725,22.075,21.625,21.125,20.875,20.775,20.975,21.025,,,,
2018-12-21,24.3,22.925,22.125,21.425,21.125,21.025,21.2,21.2,,,,
2018-12-24,25.9,23.325,22.175,21.425,21.125,21.1,21.35,21.2,21.2,,,
2018-12-26,24.675,22.625,21.625,20.925,20.675,20.625,20.8,20.8,22.1,,,
2018-12-27,25.025,22.925,21.975,21.225,20.925,20.825,20.975,21.0,23.525,,,
2018-12-28,25.325,22.975,22.025,21.325,20.975,20.825,20.95,20.925,20.375,,,
2018-12-31,24.175,22.275,21.575,20.975,20.75,20.55,20.675,20.675,19.9,,,
2019-01-02,23.125,21.875,21.375,20.875,20.625,20.475,20.625,20.6,20.5,,,
2019-01-03,24.375,22.775,22.125,21.525,21.225,20.975,21.075,21.0,21.85,,,
2019-01-04,21.925,21.225,20.875,20.475,20.275,20.175,20.275,20.3,20.425,,,
2019-01-07,21.425,20.925,20.675,20.325,20.175,20.025,20.175,20.225,20.375,,,
2019-01-08,20.625,20.625,20.475,20.125,19.975,19.825,19.875,19.975,20.15,,,
2019-01-09,20.125,20.275,20.225,20.0,19.875,19.775,19.875,19.925,20.1,,,
2019-01-10,19.875,20.025,20.125,19.925,19.8,19.725,19.825,19.9,20.1,,,
2019-01-11,19.025,19.475,19.725,19.625,19.575,19.5,19.6,19.7,19.95,,,
2019-01-14,19.225,19.475,19.625,19.525,19.475,19.375,19.55,19.675,19.95,,,
2019-01-15,18.825,18.825,19.025,19.075,19.075,19.025,19.175,19.375,19.625,,,
2019-01-16,19.025,19.075,19.075,19.075,19.025,19.175,19.375,19.65,,,,
2019-01-17,18.525,18.775,18.775,18.875,18.875,19.075,19.225,19.525,,,,
2019-01-18,18.325,18.625,18.575,18.675,18.675,18.875,19.075,19.375,,,,
2019-01-22,20.175,19.725,19.325,19.275,19.175,19.325,19.425,19.675,19.675,,,
2019-01-23,19.725,19.575,19.275,19.275,19.175,19.325,19.4,19.625,19.625,,,
2019-01-24,19.175,19.225,18.975,18.925,18.925,19.075,19.175,19.45,19.45,,,
2019-01-25,18.275,18.525,18.425,18.575,18.575,18.725,18.825,19.15,20.125,,,
2019-01-28,19.125,19.125,18.925,18.925,18.925,19.075,19.15,19.425,19.5,,,
2019-01-29,18.925,18.875,18.675,18.675,18.675,18.825,18.925,19.25,19.025,,,
2019-01-30,17.975,18.375,18.425,18.525,18.525,18.675,18.775,19.05,19.075,,,
2019-01-31,17.125,17.775,17.925,18.125,18.125,18.325,18.425,18.725,17.425,,,
2019-02-01,17.025,17.525,17.675,17.925,18.025,18.225,18.325,18.65,18.875,,,
2019-02-04,16.525,17.075,17.275,17.525,17.625,17.925,18.075,18.375,18.6,,,
2019-02-05,16.525,16.975,17.075,17.375,17.475,17.725,17.875,18.175,18.35,,,
2019-02-06,16.375,16.825,16.975,17.275,17.325,17.575,17.725,18.0,18.175,,,
2019-02-07,17.175,17.375,17.325,17.575,17.625,17.875,18.025,18.275,18.475,,,
2019-02-08,16.625,17.075,17.175,17.475,17.575,17.775,17.925,18.175,18.4,,,
2019-02-11,16.225,16.975,17.075,17.425,17.525,17.75,17.925,18.2,18.425,,,
2019-02-12,15.625,16.725,16.875,17.275,17.425,17.675,17.825,18.1,18.325,,,
2019-02-13,16.675,16.825,17.075,17.225,17.475,17.625,17.925,18.225,,,,
2019-02-14,16.925,17.125,17.375,17.475,17.675,17.825,18.075,18.325,,,,
2019-02-15,16.325,16.625,16.975,17.125,17.375,17.525,17.825,18.125,,,,
2019-02-19,16.325,16.625,16.925,17.075,17.325,17.525,17.8,18.075,18.075,,,
2019-02-20,15.575,16.225,16.675,16.875,17.15,17.325,17.6,17.9,18.1,,,
2019-02-21,15.875,16.475,16.775,16.925,17.125,17.275,17.575,17.9,18.075,,,
2019-02-22,15.175,15.925,16.375,16.625,16.825,16.975,17.25,17.5,17.725,,,
2019-02-25,15.575,16.125,16.425,16.525,16.775,16.925,17.2,17.45,17.65,,,
2019-02-26,15.725,16.375,16.675,16.775,16.975,17.125,17.35,17.55,17.575,,,
2019-02-27,15.675,16.325,16.675,16.725,16.875,16.975,17.125,17.3,17.45,,,
2019-02-28,15.575,16.225,16.65,16.75,16.825,16.875,17.075,17.225,17.35,,,
2019-03-01,14.825,15.625,16.125,16.4,16.625,16.675,16.825,16.95,16.875,,,
2019-03-04,15.275,15.875,16.325,16.525,16.725,16.775,16.925,17.05,17.3,,,
2019-03-05,15.475,16.075,16.425,16.625,16.825,16.875,16.925,17.075,17.1,,,
2019-03-06,16.075,16.475,16.825,16.925,17.125,17.125,17.225,17.325,17.15,,,
2019-03-07,16.725,16.875,17.125,17.275,17.425,17.425,17.525,17.6,17.6,,,
2019-03-08,16.675,16.975,17.225,17.35,17.5,17.5,17.575,17.625,17.6,,,
2019-03-11,15.025,15.925,16.375,16.675,16.925,16.975,17.125,17.225,17.275,,,
2019-03-12,14.475,15.675,16.175,16.475,16.775,16.875,17.05,17.125,17.125,,,
2019-03-13,14.075,15.475,15.975,16.275,16.575,16.725,16.925,17.05,17.1,,,
2019-03-14,13.925,15.325,15.875,16.275,16.575,16.775,16.975,17.075,17.15,,,
2019-03-15,13.475,14.875,15.575,16.025,16.375,16.575,16.825,16.95,17.025,,,
2019-03-18,12.925,15.025,15.725,16.125,16.55,16.825,17.025,17.125,17.15,,,
2019-03-19,15.125,15.925,16.275,16.575,16.775,17.0,17.1,17.15,,,,
2019-03-20,15.325,16.125,16.425,16.725,16.875,17.075,17.175,17.225,,,,
2019-03-21,15.075,15.925,16.225,16.525,16.675,16.825,16.975,17.0,,,,
2019-03-22,16.725,17.125,17.175,17.275,17.275,17.375,17.4,17.425,,,,
2019-03-25,16.825,17.225,17.375,17.475,17.475,17.525,17.575,17.55,17.55,,,
2019-03-26,15.925,16.675,16.925,17.175,17.275,17.375,17.425,17.45,17.3,,,
2019-03-27,16.225,16.975,17.275,17.475,17.525,17.675,17.675,17.7,17.45,,,
2019-03-28,15.625,16.625,16.975,17.275,17.375,17.475,17.525,17.55,17.375,,,
2019-03-29,15.225,16.325,16.675,16.925,17.025,17.175,17.25,17.25,17.075,,,
2019-04-01,14.875,15.975,16.325,16.675,16.825,16.975,17.075,17.175,17.15,,,
2019-04-02,14.875,16.075,16.475,16.775,16.925,17.125,17.175,17.225,17.075,,,
2019-04-03,14.875,16.025,16.325,16.575,16.725,16.925,17.0,17.075,17.1,,,
2019-04-04,14.775,15.925,16.325,16.625,16.775,16.925,17.025,17.125,17.0,,,
2019-04-05,14.325,15.675,16.075,16.425,16.575,16.825,16.975,17.05,16.925,,,
2019-04-08,14.475,15.675,16.025,16.325,16.475,16.7,16.825,16.925,16.8,,,
2019-04-09,15.075,16.225,16.525,16.825,16.875,17.075,17.125,17.175,17.05,,,
2019-04-10,14.425,15.775,16.175,16.625,16.775,16.95,17.025,17.1,16.9,,,
2019-04-11,13.825,15.525,16.025,16.425,16.625,16.825,16.9,16.975,16.85,,,
2019-04-12,12.775,14.775,15.575,16.175,16.575,16.875,17.025,17.075,16.9,,,
2019-04-15,12.575,14.675,15.475,16.125,16.525,16.825,17.0,17.075,16.9,,,
2019-04-16,12.575,14.625,15.575,16.225,16.625,16.925,17.075,17.175,17.0,,,
2019-04-17,14.625,15.625,16.225,16.575,16.875,17.05,17.15,16.925,,,,
2019-04-18,14.425,15.575,16.2,16.575,16.85,17.025,17.1,16.95,,,,
2019-04-22,14.175,15.375,16.025,16.375,16.675,16.875,16.975,16.85,16.85,,,
2019-04-23,14.125,15.325,16.025,16.375,16.675,16.875,17.025,16.9,17.325,,,
2019-04-24,14.575,15.625,16.125,16.425,16.675,16.825,16.875,16.775,17.175,,,
2019-04-25,14.825,15.975,16.475,16.675,16.875,17.025,17.075,16.925,17.175,,,
2019-04-26,14.325,15.525,16.125,16.425,16.725,16.875,17.0,16.85,17.175,,,
2019-04-29,14.525,15.725,16.225,16.525,16.825,16.975,17.075,16.925,17.3,,,
2019-04-30,14.425,15.775,16.325,16.575,16.825,17.025,17.075,16.95,17.4,,,
2019-05-01,15.225,16.325,16.775,16.975,17.225,17.375,17.425,17.25,17.525,,,
2019-05-02,15.175,16.225,16.725,16.975,17.225,17.325,17.375,17.25,17.7,,,
2019-05-03,14.275,15.575,16.225,16.575,16.875,17.05,17.125,16.975,17.45,,,
2019-05-06,15.525,16.325,16.725,16.875,17.125,17.25,17.325,17.2,18.05,,,
2019-05-07,17.875,17.725,17.775,17.725,17.925,17.875,17.85,17.65,18.075,,,
2019-05-08,18.175,17.925,17.775,17.625,17.725,17.775,17.7,17.475,17.85,,,
2019-05-09,17.975,17.875,17.775,17.675,17.725,17.775,17.725,17.525,18.0,,,
2019-05-10,16.125,16.825,17.025,17.1,17.275,17.325,17.35,17.225,17.725,,,
2019-05-13,19.525,18.975,18.675,18.425,18.425,18.375,18.225,17.95,18.425,,,
2019-05-14,18.125,18.075,17.925,17.725,17.725,17.725,17.675,17.425,17.9,,,
2019-05-15,16.925,17.375,17.475,17.425,17.525,17.525,17.475,17.225,17.75,,,
2019-05-16,15.725,16.775,17.125,17.225,17.375,17.4,17.375,17.175,17.65,,,
2019-05-17,15.875,17.025,17.225,17.275,17.375,17.425,17.425,17.2,17.65,,,
2019-05-20,16.125,17.175,17.425,17.475,17.575,17.625,17.625,17.35,17.825,,,
2019-05-21,15.025,16.275,16.725,16.975,17.225,17.3,17.325,17.1,17.625,,,
2019-05-22,16.225,16.875,17.075,17.225,17.325,17.375,17.2,17.725,,,,
2019-05-23,17.325,17.625,17.675,17.725,17.775,17.775,17.525,18.05,,,,
2019-05-24,16.725,17.325,17.425,17.625,17.675,17.725,17.45,17.975,,,,
2019-05-28,17.375,17.725,17.725,17.875,17.875,17.875,17.625,18.125,18.125,,,
2019-05-29,17.775,18.025,18.025,18.075,18.075,18.025,17.775,18.3,18.0,,,
2019-05-30,17.425,17.825,17.775,17.875,17.925,17.875,17.6,18.125,18.125,,,
2019-05-31,18.175,18.375,18.325,18.325,18.275,18.225,17.875,18.375,18.25,,,
2019-06-03,18.275,18.325,18.225,18.275,18.275,18.175,17.9,18.375,18.075,,,
2019-06-04,17.225,17.675,17.675,17.725,17.725,17.675,17.375,17.85,18.025,,,
2019-06-05,16.625,17.325,17.425,17.575,17.625,17.575,17.25,17.8,18.075,,,
2019-06-06,16.475,17.125,17.225,17.425,17.425,17.425,17.125,17.7,17.875,,,
2019-06-07,16.725,17.225,17.325,17.525,17.575,17.55,17.275,17.8,17.975,,,
2019-06-10,16.375,17.025,17.125,17.325,17.425,17.375,17.125,17.65,17.825,,,
2019-06-11,16.475,17.125,17.275,17.475,17.475,17.475,17.225,17.725,17.75,,,
2019-06-12,16.325,17.025,17.225,17.475,17.575,17.55,17.275,17.775,17.85,,,
2019-06-13,16.125,17.025,17.225,17.475,17.525,17.5,17.225,17.725,17.825,,,
2019-06-14,15.775,16.775,17.025,17.325,17.425,17.425,17.175,17.7,17.9,,,
2019-06-17,15.275,16.625,16.875,17.125,17.275,17.275,17.025,17.575,17.7,,,
2019-06-18,15.075,16.625,16.875,17.225,17.325,17.325,17.075,17.575,17.675,,,
2019-06-19,15.875,16.575,16.975,17.175,17.225,17.025,17.525,17.6,,,,
2019-06-20,16.125,16.725,16.975,17.075,17.075,16.875,17.4,17.5,,,,
2019-06-21,16.525,17.125,17.375,17.475,17.425,17.175,17.675,17.825,,,,
2019-06-24,16.275,16.975,17.225,17.325,17.325,17.075,17.575,17.7,17.7,,,
2019-06-25,16.675,17.325,17.575,17.675,17.625,17.35,17.825,17.95,18.075,,,
2019-06-26,16.525,17.275,17.525,17.575,17.575,17.275,17.775,17.9,17.8,,,
2019-06-27,16.075,16.975,17.275,17.375,17.375,17.125,17.625,17.775,17.575,,,
2019-06-28,15.525,16.575,16.925,17.075,17.075,16.825,17.325,17.5,17.7,,,
2019-07-01,14.925,16.125,16.575,16.775,16.85,16.625,17.175,17.4,17.7,,,
2019-07-02,14.225,15.575,16.125,16.475,16.625,16.425,16.975,17.2,17.4,,,
2019-07-03,14.025,15.525,16.075,16.375,16.55,16.375,16.925,17.1,17.4,,,
2019-07-05,14.325,15.675,16.125,16.425,16.55,16.375,16.925,17.125,17.3,,,
2019-07-08,14.875,16.025,16.425,16.675,16.775,16.575,17.075,17.25,17.35,,,
2019-07-09,14.825,16.075,16.525,16.775,16.875,16.675,17.175,17.35,17.375,,,
2019-07-10,14.025,15.575,16.125,16.525,16.675,16.525,17.075,17.225,17.275,,,
2019-07-11,13.625,15.425,16.075,16.425,16.575,16.425,16.925,17.15,17.25,,,
2019-07-12,13.125,15.225,16.025,16.375,16.525,16.375,16.925,17.15,17.25,,,
2019-07-15,12.875,15.225,16.025,16.425,16.625,16.45,16.975,17.2,17.25,,,
2019-07-16,12.775,15.325,16.175,16.625,16.775,16.675,17.225,17.375,17.425,,,
2019-07-17,15.725,16.575,16.875,17.025,16.875,17.425,17.625,17.575,,,,
2019-07-18,15.325,16.375,16.725,16.875,16.725,17.275,17.475,17.45,,,,
2019-07-19,15.875,16.725,16.975,16.975,16.825,17.375,17.575,17.575,,,,
2019-07-22,15.175,16.375,16.775,16.925,16.775,17.325,17.5,17.525,17.525,,,
2019-07-23,14.775,16.125,16.525,16.625,16.475,17.05,17.275,17.275,17.275,,,
2019-07-24,14.375,15.825,16.225,16.375,16.225,16.775,17.025,17.05,17.45,,,
2019-07-25,14.675,16.125,16.525,16.625,16.475,17.075,17.275,17.275,17.375,,,
2019-07-26,14.375,15.825,16.275,16.475,16.375,16.925,17.125,17.125,17.35,,,
2019-07-29,14.475,15.925,16.275,16.425,16.275,16.875,17.075,17.125,17.15,,,
2019-07-30,15.075,16.425,16.725,16.775,16.625,17.175,17.325,17.35,17.325,,,
2019-07-31,16.075,17.175,17.375,17.325,17.075,17.575,17.725,17.675,17.425,,,
2019-08-01,17.475,17.775,17.725,17.525,17.275,17.775,17.95,17.95,17.8,,,
2019-08-02,17.475,17.675,17.675,17.475,17.225,17.725,17.875,17.875,17.9,,,
2019-08-05,21.625,20.225,19.575,18.925,18.375,18.7,18.75,18.55,18.15,,,
2019-08-06,19.675,19.425,18.925,18.525,18.05,18.475,18.5,18.375,17.975,,,
2019-08-07,19.375,19.125,18.775,18.375,17.925,18.325,18.35,18.3,18.325,,,
2019-08-08,17.725,18.075,17.925,17.675,17.325,17.725,17.825,17.775,17.95,,,
2019-08-09,18.475,18.575,18.325,18.025,17.6,18.0,18.025,17.95,18.1,,,
2019-08-12,20.775,19.975,19.475,18.925,18.375,18.725,18.725,18.6,18.725,,,
2019-08-13,18.125,18.475,18.35,18.125,17.675,18.075,18.075,18.025,18.175,,,
2019-08-14,21.425,20.425,19.825,19.325,18.775,19.075,19.075,18.975,19.075,,,
2019-08-15,21.175,20.475,19.875,19.325,18.775,19.075,19.025,18.875,18.925,,,
2019-08-16,18.775,19.325,19.175,18.875,18.325,18.675,18.625,18.5,18.625,,,
2019-08-19,16.825,18.075,18.275,18.125,17.775,18.175,18.175,18.125,18.225,,,
2019-08-20,17.225,18.475,18.675,18.575,18.225,18.575,18.625,18.55,18.725,,,
2019-08-21,17.375,18.025,18.125,17.875,18.275,18.325,18.3,18.425,,,,
2019-08-22,17.875,18.325,18.275,17.975,18.425,18.525,18.425,18.55,,,,
2019-08-23,19.675,19.475,19.275,18.875,19.325,19.35,19.225,19.3,,,,
2019-08-26,19.425,19.425,19.075,18.725,19.175,19.225,19.125,19.25,19.25,,,
2019-08-27,20.125,20.075,19.675,19.225,19.575,19.625,19.425,19.5,19.5,,,
2019-08-28,19.375,19.625,19.325,18.925,19.325,19.375,19.175,19.275,19.4,,,
2019-08-29,18.475,19.025,18.925,18.525,18.925,19.025,18.875,18.925,18.8,,,
2019-08-30,18.825,19.175,19.125,18.675,19.1,19.2,18.975,19.075,19.0,,,
2019-09-03,19.525,19.525,19.425,19.025,19.475,19.525,19.35,19.375,19.35,,,
2019-09-04,18.075,18.675,18.675,18.4,18.875,18.975,18.825,18.925,18.975,,,
2019-09-05,17.275,18.225,18.375,18.175,18.675,18.725,18.6,18.7,18.65,,,
2019-09-06,16.525,17.725,18.075,17.875,18.425,18.525,18.425,18.475,18.5,,,
2019-09-09,16.425,17.675,17.975,17.775,18.375,18.525,18.425,18.55,18.55,,,
2019-09-10,16.225,17.675,18.025,17.875,18.475,18.625,18.575,18.65,18.625,,,
2019-09-11,15.725,17.325,17.825,17.725,18.325,18.525,18.425,18.525,18.475,,,
2019-09-12,14.975,17.025,17.625,17.575,18.175,18.375,18.375,18.475,18.4,,,
2019-09-13,14.475,16.875,17.575,17.625,18.175,18.375,18.375,18.475,18.45,,,
2019-09-16,14.625,17.275,17.925,17.925,18.475,18.675,18.625,18.725,18.625,,,
2019-09-17,14.525,17.075,17.925,18.025,18.575,18.775,18.775,18.9,18.8,,,
2019-09-18,16.375,17.575,17.725,18.325,18.525,18.575,18.75,18.7,,,,
2019-09-19,16.225,17.575,17.725,18.325,18.525,18.575,18.725,18.65,,,,
2019-09-20,17.225,18.375,18.375,18.875,19.075,19.075,19.225,19.2,,,,
2019-09-23,16.725,18.025,18.075,18.675,18.875,18.925,19.125,19.05,19.075,,,
2019-09-24,17.875,18.675,18.575,19.125,19.275,19.25,19.425,19.475,19.375,,,
2019-09-25,17.225,18.375,18.325,18.875,19.125,19.075,19.275,19.3,19.475,,,
2019-09-26,17.425,18.575,18.525,19.0,19.2,19.175,19.275,19.2,18.675,,,
2019-09-27,18.025,19.025,18.8,19.225,19.425,19.425,19.5,19.425,19.3,,,
2019-09-30,17.125,18.275,18.325,18.825,19.075,19.075,19.225,19.2,19.2,,,
2019-10-01,18.575,19.325,19.025,19.475,19.625,19.625,19.725,19.625,19.575,,,
2019-10-02,20.075,20.175,19.825,20.175,20.275,20.125,20.125,19.975,20.0,,,
2019-10-03,18.975,19.375,19.225,19.675,19.875,19.775,19.85,19.75,19.875,,,
2019-10-04,17.625,18.675,18.625,19.175,19.375,19.375,19.475,19.45,19.525,,,
2019-10-07,17.975,18.775,18.675,19.225,19.475,19.425,19.55,19.475,19.5,,,
2019-10-08,20.075,19.975,19.725,20.125,20.275,20.125,20.175,20.05,20.05,,,
2019-10-09,18.575,19.275,19.175,19.775,19.975,19.875,19.925,19.825,19.9,,,
2019-10-10,17.625,18.825,18.825,19.425,19.625,19.525,19.625,19.525,19.55,,,
2019-10-11,15.825,18.075,18.425,19.025,19.325,19.225,19.35,19.25,19.35,,,
2019-10-14,14.525,17.325,17.875,18.675,18.975,18.975,19.125,19.05,19.125,,,
2019-10-15,13.625,16.875,17.525,18.375,18.775,18.8,18.975,18.975,19.05,,,
2019-10-16,16.725,17.475,18.375,18.725,18.775,18.875,18.875,18.95,,,,
2019-10-17,16.575,17.425,18.275,18.575,18.575,18.725,18.725,18.85,,,,
2019-10-18,16.675,17.525,18.425,18.775,18.825,18.975,19.025,19.125,,,,
2019-10-21,16.075,17.225,18.125,18.475,18.525,18.675,18.725,18.85,18.975,,,
2019-10-22,16.475,17.575,18.375,18.725,18.725,18.925,18.925,19.0,19.0,,,
2019-10-23,16.175,17.325,18.125,18.525,18.525,18.725,18.775,18.85,18.975,,,
2019-10-24,16.025,17.275,18.125,18.525,18.575,18.775,18.825,18.95,19.025,,,
2019-10-25,15.425,16.925,17.825,18.225,18.325,18.575,18.65,18.75,18.9,,,
2019-10-28,15.625,17.025,18.025,18.375,18.425,18.625,18.675,18.775,18.925,,,
2019-10-29,15.475,17.025,18.025,18.425,18.475,18.675,18.725,18.85,18.875,,,
2019-10-30,14.975,16.475,17.625,18.125,18.225,18.475,18.475,18.6,18.8,,,
2019-10-31,15.275,16.725,17.875,18.325,18.375,18.575,18.6,18.675,18.825,,,
2019-11-01,14.575,16.175,17.325,18.025,18.125,18.325,18.375,18.5,18.7,,,
2019-11-04,14.725,16.225,17.325,17.975,18.075,18.275,18.325,18.4,18.5,,,
2019-11-05,15.025,16.575,17.625,18.225,18.325,18.525,18.525,18.625,18.6,,,
2019-11-06,14.775,16.325,17.575,18.225,18.375,18.575,18.625,18.7,18.8,,,
2019-11-07,14.625,16.175,17.425,18.125,18.275,18.525,18.575,18.7,18.75,,,
2019-11-08,14.275,16.025,17.325,18.075,18.225,18.5,18.575,18.7,18.85,,,
2019-11-11,14.075,15.825,17.125,17.875,18.075,18.375,18.475,18.6,18.7,,,
2019-11-12,13.875,15.825,17.175,17.925,18.175,18.425,18.525,18.625,18.775,,,
2019-11-13,13.975,15.825,17.175,17.925,18.125,18.425,18.525,18.625,18.725,,,
2019-11-14,13.725,15.625,16.975,17.775,17.975,18.325,18.425,18.55,18.65,,,
2019-11-15,12.975,15.125,16.575,17.525,17.825,18.125,18.25,18.4,18.5,,,
2019-11-18,12.675,15.025,16.475,17.425,17.725,18.075,18.225,18.35,18.45,,,
2019-11-19,13.075,15.225,16.575,17.525,17.875,18.225,18.375,18.475,18.55,,,
2019-11-20,15.175,16.825,17.775,18.075,18.425,18.575,18.675,18.8,,,,
2019-11-21,15.325,17.025,17.975,18.275,18.625,18.775,18.875,18.975,,,,
2019-11-22,14.775,16.725,17.775,18.075,18.425,18.625,18.75,18.9,,,,
2019-11-25,14.075,16.225,17.425,17.725,18.075,18.325,18.425,18.625,18.75,,,
2019-11-26,13.875,16.075,17.275,17.575,17.975,18.175,18.325,18.525,18.55,,,
2019-11-27,13.825,16.125,17.325,17.575,18.025,18.225,18.325,18.55,18.55,,,
2019-11-29,14.125,16.375,17.675,17.875,18.225,18.375,18.5,18.65,18.625,,,
2019-12-02,15.225,17.075,18.225,18.275,18.725,18.825,18.925,19.05,19.05,,,
2019-12-03,16.225,17.575,18.575,18.525,18.875,19.025,19.125,19.325,19.375,,,
2019-12-04,15.325,16.975,18.125,18.225,18.625,18.8,18.875,19.125,19.175,,,
2019-12-05,15.025,16.775,17.925,18.075,18.525,18.675,18.775,19.0,19.125,,,
2019-12-06,14.425,16.375,17.525,17.675,18.225,18.425,18.525,18.8,18.85,,,
2019-12-09,15.625,17.125,18.075,18.075,18.575,18.675,18.775,18.975,19.075,19.2,20.275,19.125
2019-12-10,15.275,16.875,17.925,18.025,18.525,18.575,18.675,18.925,19.05,19.175,19.675,19.45
2019-12-11,14.775,16.575,17.625,17.825,18.325,18.375,18.525,18.775,18.85,19.375,19.6,19.475
2019-12-12,13.625,15.925,17.125,17.375,17.925,18.025,18.2,18.475,18.6,19.1,19.475,19.125
2019-12-13,12.575,15.175,16.625,16.975,17.575,17.625,17.825,18.125,18.25,18.75,19.225,18.975
2019-12-16,12.225,14.825,16.425,16.775,17.325,17.425,17.625,17.975,18.075,18.55,19.075,18.675
2019-12-17,12.475,14.875,16.425,16.875,17.475,17.625,17.925,18.15,18.225,18.65,19.3,18.825
2019-12-18,14.825,16.425,16.825,17.425,17.575,17.875,18.125,18.25,18.575,19.35,18.75,
2019-12-19,14.625,16.275,16.625,17.225,17.375,17.725,17.975,18.125,18.475,19.575,18.75,
2019-12-20,14.775,16.425,16.725,17.275,17.425,17.7,17.975,18.15,18.425,19.55,18.75,
2019-12-23,14.775,16.575,16.775,17.275,17.425,17.725,18.025,18.125,18.45,19.575,18.75,
2019-12-24,14.525,16.475,16.725,17.225,17.375,17.725,18.025,18.15,18.475,19.6,18.725,
2019-12-26,14.525,16.575,16.775,17.225,17.375,17.675,17.975,18.05,18.4,19.575,18.7,
2019-12-27,15.125,17.025,17.175,17.625,17.775,18.025,18.225,18.275,18.55,19.925,18.75,
2019-12-30,15.525,17.375,17.525,17.9,18.025,18.325,18.475,18.525,18.65,19.875,18.95,
2019-12-31,14.625,16.625,16.925,17.425,17.575,17.875,18.125,18.175,18.5,19.75,18.8,
2020-01-02,14.075,16.125,16.525,17.025,17.175,17.475,17.725,17.825,18.225,19.85,18.675,
2020-01-03,15.025,16.725,16.875,17.325,17.475,17.775,18.025,18.075,18.375,19.925,18.775,
2020-01-06,14.875,16.675,16.875,17.275,17.425,17.725,17.975,18.075,18.3,20.0,18.7,
2020-01-07,14.675,16.525,16.825,17.225,17.375,17.625,17.825,17.9,18.25,20.025,18.85,
2020-01-08,14.175,16.125,16.425,16.925,17.075,17.375,17.625,17.75,18.1,19.975,18.575,
2020-01-09,13.625,15.775,16.125,16.675,16.875,17.175,17.425,17.525,17.975,20.075,18.525,
2020-01-10,13.575,15.725,16.075,16.575,16.825,17.125,17.375,17.525,17.95,20.05,18.55,
2020-01-13,13.175,15.375,15.775,16.375,16.625,16.975,17.225,17.375,17.7,19.85,18.325,
2020-01-14,13.075,15.225,15.675,16.3,16.575,16.975,17.25,17.375,17.675,19.85,18.175,
2020-01-15,12.925,15.175,15.575,16.175,16.425,16.825,17.125,17.275,17.6,19.85,18.1,
2020-01-16,12.575,14.925,15.375,15.975,16.225,16.625,16.975,17.125,17.475,19.825,17.975,
2020-01-17,12.525,14.925,15.375,16.025,16.325,16.725,17.025,17.175,17.475,19.925,17.825,
2020-01-21,12.925,15.075,15.525,16.025,16.25,16.675,17.0,17.175,17.5,19.95,17.8,
2020-01-22,15.175,15.725,16.275,16.525,16.875,17.125,17.325,17.575,19.9,17.725,,
2020-01-23,15.025,15.675,16.275,16.475,16.825,17.075,17.225,17.5,19.7,17.8,,
2020-01-24,16.025,16.225,16.675,16.725,17.125,17.325,17.475,17.725,19.925,17.9,,
2020-01-27,17.775,17.325,17.525,17.425,17.775,17.975,18.075,18.125,20.125,18.15,,
2020-01-28,16.675,16.825,17.075,16.975,17.275,17.525,17.625,17.8,19.975,18.075,,
2020-01-29,16.675,16.775,17.075,17.025,17.375,17.575,17.675,17.875,20.0,18.15,,
2020-01-30,16.075,16.425,16.725,16.725,17.075,17.325,17.375,17.6,19.725,17.95,,
2020-01-31,18.225,17.725,17.825,17.575,17.85,17.975,17.975,18.125,20.175,18.2,,
2020-02-03,17.975,17.425,17.475,17.275,17.525,17.725,17.725,17.9,20.075,18.15,,
2020-02-04,16.525,16.525,16.775,16.675,16.925,17.125,17.175,17.35,19.925,17.975,,
2020-02-05,15.725,16.125,16.525,16.525,16.875,17.125,17.175,17.4,19.825,17.925,,
2020-02-06,15.575,15.975,16.375,16.4,16.775,17.025,17.1,17.375,19.825,17.825,,
2020-02-07,16.025,16.225,16.725,16.675,17.025,17.225,17.25,17.45,19.825,17.925,,
2020-02-10,15.625,15.975,16.475,16.525,16.875,17.075,17.125,17.325,19.625,17.8,,
2020-02-11,15.625,15.925,16.475,16.575,16.925,17.125,17.175,17.375,19.725,17.925,,
2020-02-12,14.475,15.325,16.125,16.275,16.675,16.925,16.975,17.15,19.575,17.85,,
2020-02-13,14.825,15.575,16.325,16.475,16.825,17.025,17.075,17.275,19.675,17.9,,
2020-02-14,14.425,15.425,16.125,16.325,16.725,16.975,16.975,17.225,19.625,17.85,,
2020-02-18,14.875,15.825,16.525,16.675,17.025,17.225,17.275,17.425,19.9,17.975,,
2020-02-19,15.375,16.325,16.525,16.925,17.125,17.225,17.375,19.875,17.975,,,
2020-02-20,16.075,16.825,16.825,17.175,17.325,17.375,17.575,20.125,18.125,,,
2020-02-21,16.925,17.325,17.175,17.375,17.525,17.575,17.775,20.6,18.475,,,
2020-02-24,20.075,19.375,18.425,18.375,18.375,18.325,18.45,21.325,19.15,,,
2020-02-25,22.225,20.875,19.575,19.275,19.075,18.975,19.075,22.025,19.75,,,
2020-02-26,22.325,20.975,19.725,19.425,19.175,19.075,19.225,22.2,19.825,,,
2020-02-27,26.275,23.525,21.775,20.925,20.275,19.85,19.8,22.75,20.425,,,
2020-02-28,26.325,23.025,21.275,20.375,19.825,19.625,19.625,22.55,20.475,,,
2020-03-02,26.275,23.325,21.275,20.325,19.825,19.625,19.825,22.625,20.35,,,
2020-03-03,29.175,25.525,22.825,21.575,20.7,20.475,20.5,22.9,20.625,,,
2020-03-04,27.425,24.625,22.375,21.375,20.625,20.375,20.275,22.225,20.225,,,
2020-03-05,31.875,27.525,24.675,23.225,22.275,21.925,21.625,23.45,21.45,,,
2020-03-06,35.775,30.325,26.275,24.675,23.825,23.375,23.1,24.825,22.875,,,
2020-03-09,44.375,36.225,30.075,27.775,26.575,25.925,25.5,26.45,24.775,,,
2020-03-10,41.825,34.775,29.525,27.225,25.975,25.275,24.775,25.6,23.85,,,
2020-03-11,46.35,38.575,32.225,29.275,27.85,26.825,25.9,26.65,25.15,,,
2020-03-12,58.3,45.825,36.575,33.025,30.925,29.475,28.525,28.575,26.825,,,
2020-03-13,53.425,43.9,34.525,30.65,28.475,27.075,26.525,26.7,25.65,,,
2020-03-16,72.625,59.15,44.875,38.95,34.975,32.175,30.875,30.675,28.8,,,
2020-03-17,68.825,61.425,48.7,42.075,36.7,32.85,31.225,31.2,30.0,,,
2020-03-18,70.475,59.925,51.5,44.3,37.475,34.6,34.125,32.225,,,,
2020-03-19,66.3,58.975,50.4,42.975,37.0,33.725,34.05,32.575,,,,
2020-03-20,61.525,56.625,49.725,42.075,36.425,32.975,33.125,31.45,,,,
2020-03-23,49.45,45.325,40.35,34.475,30.7,28.575,29.575,28.525,30.35,,,
2020-03-24,48.25,40.15,35.7,30.9,27.75,26.8,27.0,25.825,28.5,,,
2020-03-25,51.275,44.525,39.25,34.8,31.675,30.7,30.65,29.2,26.05,,,
2020-03-26,45.875,39.65,35.525,32.325,29.825,28.65,28.875,27.85,29.45,,,
2020-03-27,53.425,44.825,39.45,35.35,32.25,30.85,30.65,29.325,32.025,,,
2020-03-30,49.775,42.75,38.175,34.3,31.425,29.925,29.775,28.6,31.25,,,
2020-03-31,46.775,40.925,37.225,33.925,31.675,30.1,29.925,28.7,30.075,,,
2020-04-01,51.325,44.625,40.375,36.775,34.375,32.525,31.95,30.75,32.65,,,
2020-04-02,47.175,42.025,38.35,35.425,33.425,31.675,31.225,30.1,31.325,,,
2020-04-03,44.925,40.9,37.925,35.025,33.075,31.5,31.275,29.975,32.075,,,
2020-04-06,41.775,37.925,35.875,33.475,31.725,30.325,30.275,28.925,29.0,,,
2020-04-07,44.025,39.675,36.675,34.1,32.525,31.65,31.375,29.9,28.3,,,
2020-04-08,42.375,38.3,36.075,33.55,31.975,31.1,30.925,29.325,26.975,,,
2020-04-09,41.275,36.925,34.65,32.525,31.15,30.375,30.325,28.775,28.675,,,
2020-04-13,40.575,36.125,33.825,32.1,30.8,30.05,30.125,28.575,27.925,,,
2020-04-14,37.875,32.975,32.05,31.025,29.925,29.35,29.875,28.35,27.65,,,
2020-04-15,36.575,34.575,33.075,31.575,30.85,31.325,29.6,28.55,,,,
2020-04-16,36.525,34.425,33.075,31.85,31.125,31.725,29.9,28.775,,,,
2020-04-17,34.575,33.075,31.925,30.875,30.4,31.25,29.55,28.5,,,,
2020-04-20,39.075,36.225,34.425,32.875,32.25,33.025,31.2,29.7,29.525,,,
2020-04-21,41.775,38.675,36.425,34.425,33.575,33.975,31.825,30.625,30.0,,,
2020-04-22,39.625,37.375,35.425,33.825,33.225,33.675,31.575,30.45,30.225,,,
2020-04-23,39.725,37.725,35.675,33.975,33.175,33.725,31.6,30.325,30.225,,,
2020-04-24,36.775,35.575,34.175,32.875,32.025,32.475,30.225,29.0,30.175,,,
2020-04-27,33.875,33.475,32.575,31.475,30.775,31.375,29.275,28.075,30.175,,,
2020-04-28,34.175,33.825,32.775,31.775,31.075,31.675,29.45,28.1,30.2,,,
2020-04-29,31.925,31.775,31.125,30.575,30.025,30.775,28.55,27.375,31.2,,,
2020-04-30,33.975,33.225,32.075,31.325,30.775,31.5,29.325,28.025,28.25,,,
2020-05-01,37.35,35.975,34.225,33.375,33.025,33.625,31.275,30.0,30.25,,,
2020-05-04,35.675,34.975,33.725,33.075,32.7,33.35,31.075,29.9,30.05,,,
2020-05-05,34.025,33.775,32.825,32.125,31.975,32.65,30.4,29.275,30.025,,,
2020-05-06,34.775,34.575,33.575,32.675,32.425,33.125,30.825,29.575,28.575,,,
2020-05-07,32.125,32.625,32.075,31.375,31.075,31.925,29.775,28.675,28.725,,,
2020-05-08,29.325,30.725,30.575,30.15,30.075,31.075,28.95,27.85,27.9,,,
2020-05-11,27.825,29.025,29.425,29.275,29.375,30.55,28.425,27.45,26.85,,,
2020-05-12,33.075,32.925,32.325,31.7,31.65,32.725,30.475,29.3,27.175,,,
2020-05-13,35.075,34.925,33.825,32.675,32.6,33.775,31.425,30.1,29.65,,,
2020-05-14,32.375,32.925,32.625,32.05,32.125,33.15,30.825,29.65,30.75,,,
2020-05-15,32.125,32.725,32.575,32.075,32.375,33.325,31.3,30.05,29.125,,,
2020-05-18,28.925,30.1,30.4,30.225,30.525,31.575,29.625,28.625,28.875,,,
2020-05-19,30.75,32.075,31.775,31.275,31.575,32.625,30.75,29.6,29.85,,,
2020-05-20,29.775,30.575,30.325,30.575,31.775,29.925,28.925,28.925,,,,
2020-05-21,31.025,31.625,31.225,31.475,32.625,30.625,29.525,29.55,,,,
2020-05-22,30.375,31.075,30.8,31.1,32.35,30.375,29.175,29.15,,,,
2020-05-26,29.625,30.475,30.175,30.425,31.975,30.0,28.775,28.75,28.525,,,
2020-05-27,29.075,30.075,29.825,30.125,31.675,29.725,28.425,28.45,28.1,,,
2020-05-28,30.325,31.125,30.675,30.775,32.325,30.225,28.875,28.75,27.9,,,
2020-05-29,28.825,30.175,30.025,30.225,31.925,29.825,28.35,28.3,28.5,,,
2020-06-01,29.525,30.775,30.475,30.525,32.175,30.075,28.575,28.525,28.525,,,
2020-06-02,28.225,30.025,29.875,30.025,31.875,29.825,28.325,28.25,28.2,,,
2020-06-03,27.0,29.075,29.025,29.325,31.125,29.1,27.575,27.575,27.95,,,
2020-06-04,26.725,28.725,28.675,29.075,30.975,28.95,27.4,27.375,27.25,,,
2020-06-05,25.325,27.175,27.225,27.675,29.675,27.675,26.325,26.45,26.55,,,
2020-06-08,26.025,27.925,27.925,28.325,30.375,28.225,26.775,26.725,26.35,,,
2020-06-09,27.625,29.575,29.1,29.275,31.075,29.075,27.675,27.55,27.0,,,
2020-06-10,27.475,29.025,28.8,28.925,30.725,28.675,27.275,27.25,27.0,,,
2020-06-11,40.625,39.675,36.775,35.075,35.825,33.3,31.675,31.35,29.75,,,
2020-06-12,35.075,34.825,33.675,32.875,34.025,31.7,30.3,30.1,30.75,,,
2020-06-15,33.9,34.075,33.125,32.575,33.575,31.225,29.725,29.65,29.525,,,
2020-06-16,33.1,33.625,33.225,32.85,33.475,31.175,29.6,29.425,29.275,,,
2020-06-17,33.625,33.275,32.675,33.625,31.525,29.875,29.775,29.4,,,,
2020-06-18,33.575,33.375,32.925,33.8,31.625,30.025,29.925,29.625,,,,
2020-06-19,35.275,34.725,34.225,35.125,32.675,31.075,31.0,30.55,,,,
2020-06-22,31.625,31.675,31.725,33.175,30.925,29.425,29.675,29.5,31.0,,,
2020-06-23,31.925,31.925,31.725,33.075,30.725,29.275,29.475,29.15,31.125,,,
2020-06-24,33.575,33.475,33.225,34.475,32.125,30.675,31.125,30.725,31.375,,,
2020-06-25,32.175,32.325,32.325,33.575,31.125,29.625,30.175,30.0,31.55,,,
2020-06-26,34.525,34.475,34.225,35.325,32.775,31.175,31.575,31.1,31.575,,,
2020-06-29,32.325,32.825,32.775,34.025,31.5,30.025,30.55,30.375,31.975,,,
2020-06-30,30.875,31.825,31.775,33.175,30.575,29.075,29.425,29.425,32.6,,,
2020-07-01,29.825,30.825,30.925,32.775,30.275,28.725,28.925,29.075,31.325,,,
2020-07-02,29.075,30.075,30.225,32.425,29.95,28.525,28.725,28.7,29.4,,,
2020-07-06,29.25,30.2,30.275,32.475,30.025,28.575,28.725,28.55,29.625,,,
2020-07-07,30.575,31.125,31.025,33.175,30.775,29.225,29.35,29.125,29.125,,,
2020-07-08,29.525,30.425,30.525,32.575,30.225,28.675,28.825,28.625,29.275,,,
2020-07-09,30.225,31.225,31.4,33.2,30.775,29.175,29.325,29.1,29.1,,,
2020-07-10,28.775,30.325,30.875,32.775,30.525,28.8,28.975,28.675,28.675,,,
2020-07-13,31.825,32.975,33.225,34.875,32.425,30.625,30.65,30.225,28.05,,,
2020-07-14,29.625,31.275,31.675,33.525,31.325,29.525,29.525,29.05,28.325,,,
2020-07-15,28.325,30.375,31.175,33.125,31.025,29.275,29.325,28.875,27.6,,,
2020-07-16,28.125,30.275,31.075,33.125,30.975,29.25,29.375,28.85,26.65,,,
2020-07-17,26.425,28.975,30.175,32.425,30.475,28.95,29.0,28.5,28.025,,,
2020-07-20,24.725,27.525,28.975,31.275,29.275,27.825,28.025,27.575,27.675,,,
2020-07-21,24.775,27.825,29.325,31.475,29.425,28.025,28.275,27.825,27.875,,,
2020-07-22,27.25,29.125,31.25,29.2,27.875,28.175,27.825,27.55,,,,
2020-07-23,28.775,30.275,32.175,29.975,28.45,28.725,28.4,28.075,,,,
2020-07-24,28.725,30.525,32.525,30.375,28.675,29.075,28.675,28.525,,,,
2020-07-27,27.525,29.925,32.125,29.975,28.425,28.825,28.475,28.375,28.3,,,
2020-07-28,27.525,29.875,32.225,30.075,28.525,28.975,28.575,28.275,28.5,,,
2020-07-29,26.775,29.475,31.925,29.825,28.375,28.825,28.375,28.1,28.55,,,
2020-07-30,27.175,29.825,32.175,30.025,28.575,29.075,28.65,28.55,28.825,,,
2020-07-31,26.825,29.625,32.125,30.025,28.575,28.975,28.475,28.4,28.95,,,
2020-08-03,26.775,29.375,31.85,29.875,28.55,28.975,28.475,28.35,29.125,,,
2020-08-04,25.875,28.425,30.975,29.125,28.025,28.475,28.075,27.95,29.425,,,
2020-08-05,25.325,28.125,30.775,29.025,27.975,28.375,27.975,27.775,29.825,,,
2020-08-06,24.875,27.875,30.425,28.85,27.875,28.275,27.875,27.65,27.5,,,
2020-08-07,24.625,27.825,30.525,28.975,27.975,28.425,28.025,27.775,26.85,,,
2020-08-10,23.775,27.125,30.025,28.575,27.625,28.075,27.725,27.45,27.475,,,
2020-08-11,24.925,28.175,30.975,29.275,28.225,28.625,28.225,27.975,27.0,,,
2020-08-12,23.275,26.875,30.025,28.525,27.675,28.075,27.725,27.45,27.6,,,
2020-08-13,23.225,26.825,30.025,28.575,27.825,28.275,27.925,27.675,27.325,,,
2020-08-14,23.275,26.975,30.05,28.775,28.3,28.675,28.325,27.95,27.575,,,
2020-08-17,21.775,25.825,29.125,28.125,27.375,27.875,27.775,27.4,26.15,,,
2020-08-18,21.775,25.475,28.825,28.225,27.475,27.775,27.675,27.375,25.4,,,
2020-08-19,26.225,29.375,28.675,27.9,28.125,28.125,27.8,25.35,,,,
2020-08-20,25.875,29.225,28.575,27.825,27.975,27.975,27.625,27.375,,,,
2020-08-21,25.925,29.575,28.875,28.175,28.525,28.7,28.375,27.825,,,,
2020-08-24,25.825,29.575,28.9,28.2,28.525,28.65,28.225,27.95,27.5,,,
2020-08-25,25.475,29.475,28.825,28.075,28.375,28.475,28.075,27.85,27.875,,,
2020-08-26,26.075,30.375,29.625,28.525,28.65,28.625,28.075,27.725,27.2,,,
2020-08-27,27.025,31.325,30.225,28.825,28.675,28.575,27.9,27.8,26.775,,,
2020-08-28,26.95,31.675,30.45,28.925,28.725,28.675,27.875,27.3,26.825,,,
2020-08-31,27.875,33.225,31.625,29.675,29.35,29.125,28.225,27.5,26.55,,,
2020-09-01,28.325,33.525,31.875,29.875,29.625,29.325,28.275,27.55,27.0,,,
2020-09-02,28.875,35.325,33.625,30.775,30.425,29.975,28.525,27.85,26.775,,,
2020-09-03,33.875,39.025,35.15,31.575,30.875,30.15,28.7,27.9,27.275,,,
2020-09-04,29.65,36.175,33.8,30.925,29.925,28.975,27.925,27.175,27.15,,,
2020-09-08,30.225,34.625,31.825,29.4,28.675,28.25,27.775,27.3,26.95,,,
2020-09-09,28.375,33.225,31.325,29.325,28.575,28.1,27.65,27.025,26.175,,,
2020-09-10,28.775,32.675,30.875,29.075,28.35,28.025,27.575,26.95,26.575,,,
2020-09-11,26.325,31.875,30.575,29.425,28.45,28.175,27.75,27.0,26.15,,,
2020-09-14,25.725,31.375,30.15,29.025,28.225,28.025,27.75,27.075,26.225,,,
2020-09-15,25.375,30.425,30.325,29.425,28.575,28.125,27.8,27.2,26.3,,,
2020-09-16,30.525,30.775,29.975,29.3,28.55,28.15,27.625,27.05,,,,
2020-09-17,29.825,30.575,30.15,29.675,29.025,28.675,28.125,27.425,,,,
2020-09-18,30.075,30.675,30.025,29.775,29.3,28.975,28.35,27.75,,,,
2020-09-21,31.225,31.675,30.95,30.275,29.525,29.175,28.65,28.025,27.75,,,
2020-09-22,31.375,32.175,31.225,30.575,29.875,29.575,29.025,28.5,27.95,,,
2020-09-23,32.475,33.325,31.875,31.075,30.375,29.975,29.4,28.975,27.975,,,
2020-09-24,32.225,33.675,32.025,31.025,30.25,29.75,29.175,28.75,28.425,,,
2020-09-25,31.225,32.925,31.325,30.325,29.65,29.225,28.7,28.325,27.95,,,
2020-09-28,30.825,32.975,30.95,29.925,29.375,29.025,28.425,28.05,26.95,,,
2020-09-29,29.775,32.075,30.475,29.625,29.1,28.625,28.075,27.65,26.4,,,
2020-09-30,30.375,32.875,30.925,29.875,29.4,28.925,28.375,27.775,27.775,,,
2020-10-01,30.675,32.475,31.075,30.15,29.675,29.125,28.575,28.025,27.7,,,
2020-10-02,32.075,33.175,31.675,30.575,30.075,29.525,28.925,28.425,27.475,,,
2020-10-05,30.825,32.225,30.775,29.85,29.375,28.925,28.375,27.95,27.55,,,
2020-10-06,31.225,32.225,30.825,29.975,29.45,29.025,28.425,28.0,26.025,,,
2020-10-07,30.025,31.725,30.225,29.725,29.225,28.825,28.3,27.85,26.375,,,
2020-10-08,28.125,30.425,29.275,28.925,28.725,28.325,27.875,27.475,27.475,,,
2020-10-09,26.875,29.025,28.025,27.95,27.925,27.625,27.275,26.825,26.825,,,
2020-10-12,26.325,28.575,27.675,27.625,27.575,27.325,27.0,26.65,26.75,,,
2020-10-13,26.775,28.575,27.725,27.525,27.575,27.375,27.075,26.7,26.725,,,
2020-10-14,27.075,28.2,27.5,27.4,27.475,27.225,27.0,26.675,26.525,,,
2020-10-15,27.575,28.875,27.95,27.7,27.575,27.325,27.125,26.775,26.5,,,
2020-10-16,27.875,29.025,28.325,27.975,27.925,27.625,27.425,27.05,26.6,,,
2020-10-19,29.175,30.225,29.175,28.575,28.4,27.975,27.825,27.525,26.65,,,
2020-10-20,29.275,29.975,29.35,28.7,28.375,27.925,27.675,27.525,26.725,,,
2020-10-21,29.225,28.825,28.225,27.875,27.525,27.425,27.125,26.875,,,,
2020-10-22,28.825,28.525,27.925,27.625,27.325,27.225,26.975,26.575,,,,
2020-10-23,28.775,28.625,27.925,27.625,27.425,27.35,27.075,26.625,,,,
2020-10-26,31.325,30.375,29.275,28.825,28.525,28.275,27.95,27.4,26.725,,,
2020-10-27,31.325,30.925,29.625,28.9,28.475,28.275,27.925,27.225,27.225,,,
2020-10-28,36.0,34.725,32.375,30.775,30.125,29.675,29.05,28.4,27.425,,,
2020-10-29,33.125,32.575,30.775,29.525,28.975,28.675,28.2,27.55,27.2,,,
2020-10-30,34.1,34.075,31.825,30.175,29.325,29.15,28.725,27.95,22.95,,,
2020-11-02,33.375,33.175,30.825,29.175,28.525,28.475,28.175,27.625,25.725,,,
2020-11-03,31.425,31.575,29.625,28.325,27.825,27.875,27.55,27.075,27.3,,,
2020-11-04,28.375,29.175,28.425,27.475,27.175,27.425,27.05,26.625,26.625,,,
2020-11-05,27.775,28.775,28.525,27.675,27.275,27.425,26.975,26.725,26.725,,,
2020-11-06,25.475,27.175,27.7,27.3,26.825,26.875,26.425,26.175,26.925,,,
2020-11-09,25.575,26.275,26.275,25.675,25.45,25.425,25.2,24.975,24.45,,,
2020-11-10,24.675,25.425,25.875,25.625,25.525,25.475,25.4,25.15,24.3,,,
2020-11-11,23.825,24.975,25.425,25.475,25.425,25.475,25.475,25.375,24.525,,,
2020-11-12,25.875,26.575,26.675,26.275,26.075,26.125,26.075,25.85,25.975,,,
2020-11-13,23.325,25.075,25.725,25.675,25.525,25.525,25.425,25.325,25.0,,,
2020-11-16,22.925,24.525,25.525,25.575,25.525,25.65,25.675,25.525,24.65,,,
2020-11-17,22.975,24.025,25.225,25.375,25.375,25.425,25.425,25.525,25.4,,,
2020-11-18,24.875,26.175,26.225,26.125,26.125,26.175,26.275,25.15,,,,
2020-11-19,24.475,25.925,26.075,25.925,25.975,25.975,25.925,26.2,,,,
2020-11-20,24.375,25.825,25.975,25.925,26.025,26.075,26.1,26.15,,,,
2020-11-23,24.1,25.725,25.875,25.725,25.825,25.875,25.85,26.0,26.0,,,
2020-11-24,23.6,25.625,25.825,25.7,25.725,25.875,25.875,25.95,25.75,,,
2020-11-25,22.625,24.825,25.325,25.275,25.275,25.425,25.425,25.65,25.75,,,
2020-11-27,22.825,25.025,25.375,25.325,25.4,25.5,25.475,25.5,25.7,,,
2020-11-30,22.375,24.575,25.025,25.075,25.275,25.375,25.3,25.625,25.95,,,
2020-12-01,22.825,24.425,24.975,25.125,25.45,25.475,25.325,25.375,25.975,,,
2020-12-02,22.675,24.325,24.825,24.975,25.35,25.375,25.225,25.625,26.225,,,
2020-12-03,22.975,24.475,25.025,25.175,25.475,25.475,25.375,25.75,26.025,,,
2020-12-04,22.475,24.225,24.875,24.975,25.325,25.375,25.325,25.5,26.125,,,
2020-12-07,22.475,24.325,25.075,25.125,25.475,25.55,25.45,25.4,26.125,,,
2020-12-08,21.375,23.625,24.575,24.725,25.15,25.325,25.275,25.275,25.25,,,
2020-12-09,22.525,24.375,25.275,25.375,25.7,25.775,25.775,25.8,25.375,,,
2020-12-10,22.525,24.675,25.425,25.575,25.825,25.925,25.875,26.0,25.2,,,
2020-12-11,23.625,25.575,26.075,26.075,26.575,26.475,26.375,26.4,25.325,,,
2020-12-14,24.275,26.125,26.625,26.525,26.675,26.625,26.625,26.65,26.65,,,
2020-12-15,22.875,24.975,25.925,26.175,26.375,26.375,26.375,26.45,26.7,,,
2020-12-16,24.1,25.575,25.875,26.075,25.975,25.925,26.125,26.25,,,,
2020-12-17,23.825,25.425,25.725,25.925,25.875,25.875,26.025,26.025,,,,
2020-12-18,24.175,25.725,26.025,26.175,26.175,26.225,26.325,25.925,,,,
2020-12-21,26.325,27.125,26.825,26.675,26.575,26.475,26.55,26.825,26.825,,,
2020-12-22,25.775,26.925,26.825,26.825,26.675,26.725,26.775,26.575,26.575,,,
2020-12-23,24.625,26.175,26.125,26.125,26.075,26.075,26.175,26.0,26.0,,,
2020-12-24,23.825,25.625,25.725,25.8,25.825,25.9,26.05,25.925,25.925,,,
2020-12-28,23.675,25.575,25.675,25.775,25.775,25.775,25.825,25.825,25.825,,,
2020-12-29,24.625,26.425,26.425,26.475,26.375,26.425,26.425,26.05,26.05,,,
2020-12-30,23.675,25.625,25.875,25.925,25.875,25.85,25.9,26.1,26.1,,,
2020-12-31,23.675,25.575,25.775,25.95,25.925,25.925,26.0,26.05,26.05,,,
2021-01-04,26.275,27.125,26.875,26.825,26.675,26.525,26.625,26.525,26.525,,,
2021-01-05,25.325,26.425,26.425,26.425,26.225,26.025,26.15,26.05,26.05,,,
2021-01-06,25.125,26.275,26.275,26.225,25.975,25.775,25.9,25.825,25.75,,,
2021-01-07,23.225,24.975,25.525,25.725,25.625,25.575,25.625,25.5,25.75,,,
2021-01-08,22.775,24.825,25.275,25.575,25.575,25.525,25.625,25.4,25.4,,,
2021-01-11,24.475,26.175,26.475,26.575,26.5,26.425,26.5,26.25,25.2,,,
2021-01-12,23.325,25.425,25.875,26.225,26.175,26.175,26.275,26.075,26.05,,,
2021-01-13,22.675,25.075,25.725,26.0,26.0,25.975,26.125,25.875,26.55,,,
2021-01-14,23.175,25.325,26.025,26.475,26.525,26.475,26.6,26.3,26.55,,,
2021-01-15,23.775,25.975,26.625,26.925,26.875,26.875,27.05,26.8,26.75,,,
2021-01-19,23.225,25.225,26.375,26.875,26.875,26.725,26.925,26.7,27.15,,,
2021-01-20,24.775,26.275,26.675,26.775,26.775,26.875,26.625,26.5,,,,
2021-01-21,24.525,26.225,26.825,26.975,27.025,27.175,27.025,26.675,,,,
2021-01-22,24.875,26.525,26.975,27.075,27.075,27.275,27.15,26.55,,,,
2021-01-25,25.9535,27.4004,27.7088,27.6674,27.6188,27.7455,27.5313,27.575,27.575,,,
2021-01-26,25.4095,27.2267,27.7319,27.7888,27.7059,27.7972,27.6313,27.55,27.55,,,
2021-01-27,31.5342,31.2313,30.6007,29.9922,29.575,29.45,29.35,29.05,29.05,,,
2021-01-28,30.3946,30.7199,30.1062,29.4496,29.0798,28.9864,28.675,28.2,28.2,,,
2021-01-29,32.3859,32.4205,31.4337,30.5068,30.1729,30.0,29.6417,29.075,29.1,,,
2021-02-01,30.3302,31.0263,30.7407,30.1151,29.6632,29.4833,29.1441,28.9,29.75,,,
2021-02-02,27.5781,28.7376,29.3378,28.9762,28.7083,28.7617,28.45,28.3,29.75,,,
2021-02-03,25.7794,27.6514,28.5214,28.2887,28.1661,28.2583,28.0,28.125,29.75,,,
2021-02-04,24.2274,26.7436,27.8937,28.05,27.9918,28.098,27.8667,27.9,29.75,,,
2021-02-05,24.0993,26.65,27.844,28.0456,28.0979,28.2,27.95,27.9,27.475,,,
2021-02-08,23.8379,26.5484,27.8415,28.1,28.2517,28.3,28.05,27.975,27.975,,,
2021-02-09,23.7021,26.6863,28.1452,28.5,28.5965,28.5931,28.3,28.15,28.15,,,
2021-02-10,23.7413,27.2855,28.85,29.2004,29.2408,29.0713,28.7521,28.6,28.475,,,
2021-02-11,22.71,26.692,28.6917,29.0421,29.1016,29.05,28.74,28.55,28.55,,,
2021-02-12,21.3594,25.8785,28.1491,28.75,29.0946,29.0844,28.8,28.725,28.725,,,
2021-02-16,21.2418,26.1251,28.4757,29.0977,29.4008,29.4021,29.1989,29.15,28.625,,,
2021-02-17,25.6,28.5503,29.1871,29.4521,29.5221,29.3094,29.2875,29.3,,,,
2021-02-18,25.8017,28.65,29.3,29.5825,29.7415,29.5,29.4125,29.125,,,,
2021-02-19,24.7988,27.8902,28.8174,29.3,29.6,29.4059,29.4,29.2,,,,
2021-02-22,25.9031,28.6508,29.4003,29.85,30.15,29.9,29.8,29.65,29.4,,,
2021-02-23,24.748,27.8272,28.7976,29.3,29.65,29.4,29.3,29.225,29.025,,,
2021-02-24,23.7595,26.7495,27.9,28.3886,28.8711,28.6717,28.6688,28.525,28.05,,,
2021-02-25,28.215,29.6522,29.8758,29.886,29.8056,29.3875,29.3118,29.2,29.025,,,
2021-02-26,26.7444,28.2329,28.8544,29.1549,29.3,28.952,28.9556,28.825,28.4,,,
2021-03-01,24.6158,26.9033,27.7221,28.1036,28.4,28.1227,28.1786,28.125,27.55,,,
2021-03-02,24.765,27.0329,28.0698,28.5484,28.9,28.6557,28.725,28.525,28.65,,,
2021-03-03,26.1275,27.9008,28.65,28.9505,29.2,28.9438,28.95,28.775,28.0,,,
2021-03-04,27.521,28.9361,29.45,29.5554,29.7003,29.387,29.45,29.225,28.825,,,
2021-03-05,25.0507,27.2112,28.0018,28.3466,28.596,28.3517,28.4,28.225,27.75,,,
2021-03-08,25.3667,27.6657,28.5,28.803,29.05,28.7611,28.8,28.55,27.775,,,
2021-03-09,23.9726,26.7188,27.8977,28.3688,28.8416,28.6432,28.7227,28.525,28.1,,,
2021-03-10,23.5048,26.4616,27.7994,28.2118,28.5648,28.4014,28.5042,28.35,27.8,,,
2021-03-11,22.8882,25.8013,27.1932,27.7066,28.1978,28.06,28.2,28.1,27.625,,,
2021-03-12,21.9778,25.4109,27.1016,27.7586,28.3,28.15,28.3,28.25,27.675,,,
2021-03-15,20.1006,23.9781,26.0626,26.9892,27.7283,27.7529,27.96,27.85,27.625,,,
2021-03-16,19.9204,24.047,25.9996,26.8014,27.55,27.6,27.85,27.75,27.15,,,
2021-03-17,23.0025,25.0195,25.9829,26.7974,26.9151,27.2,27.125,26.85,,,,
2021-03-18,24.3001,25.8014,26.4461,27.0,27.0517,27.2667,27.2,26.925,,,,
2021-03-19,23.315,25.2669,26.2145,27.05,27.2,27.4875,27.45,26.8444,,,,
2021-03-22,21.731,23.9449,24.9015,25.85,26.0807,26.4925,26.5,26.225,25.625,,,
2021-03-23,22.833,24.7467,25.566,26.2,26.25,26.5513,26.525,26.2,25.65,,,
2021-03-24,22.9775,24.7612,25.5075,26.1517,26.2587,26.5905,26.6265,26.3,25.6,,,
2021-03-25,22.3056,24.2012,25.05,25.7045,25.8618,26.2,26.2512,25.925,25.35,,,
2021-03-26,21.3859,23.3135,24.3578,25.1614,25.3603,25.7081,25.775,25.4,24.95,,,
2021-03-29,22.0032,23.6502,24.4815,25.1,25.233,25.625,25.7,25.45,25.0,,,
2021-03-30,21.0321,22.8076,23.7132,24.3811,24.55,24.95,25.0313,24.85,24.5,,,
2021-03-31,20.734,22.6758,23.6467,24.3,24.4511,24.8519,25.0083,24.8,24.3,,,
2021-04-01,20.0824,22.0336,23.131,23.8539,24.03,24.4783,24.5734,24.4,24.2,,,
2021-04-05,19.5423,21.4914,22.6,23.35,23.5548,24.05,24.2,24.075,23.775,,,
2021-04-06,19.561,21.4864,22.5422,23.2518,23.47,23.95,24.1,24.0,23.775,,,
2021-04-07,18.986,21.0655,22.2964,23.1,23.3,23.8,23.9529,23.75,23.45,,,
2021-04-08,18.4887,20.805,22.1601,23.05,23.35,23.8,23.95,23.75,23.4,,,
2021-04-09,18.1505,20.8262,22.231,23.1646,23.4213,23.9,24.05,23.85,23.5,,,
2021-04-12,18.0039,20.5653,22.05,23.0074,23.3006,23.7818,23.95,23.775,23.45,,,
2021-04-13,17.6781,20.4734,22.1149,23.1873,23.5435,24.024,24.1982,24.0,23.525,,,
2021-04-14,18.0989,20.9333,22.3656,23.4063,23.75,24.25,24.4,24.2,23.65,,,
2021-04-15,17.1523,20.2942,21.9987,23.1557,23.55,24.05,24.252,24.0,23.5,,,
2021-04-16,17.0019,19.955,21.6011,22.85,23.3444,23.95,24.25,24.05,23.55,,,
2021-04-19,17.657,20.7006,22.2629,23.4524,23.8498,24.3864,24.5516,24.3,23.85,,,
2021-04-20,18.6526,21.0528,22.7044,23.9038,24.2719,24.8,24.9,24.7,24.2,,,
2021-04-21,19.9955,21.82,23.1962,23.7005,24.2929,24.5,24.3,23.825,,,,
2021-04-22,21.1658,22.8048,23.9968,24.4389,24.95,25.092,24.9,24.375,,,,
2021-04-23,20.4318,22.191,23.4861,24.05,24.65,24.8323,24.7,24.275,,,,
2021-04-26,20.2051,22.1001,23.3951,23.9507,24.55,24.8,24.6,24.125,24.25,,,
2021-04-27,19.7093,21.6953,23.0464,23.5529,24.1939,24.4,24.2451,23.775,24.675,,,
2021-04-28,19.6632,21.7018,23.0909,23.6549,24.2525,24.425,24.25,23.75,24.45,,,
2021-04-29,19.5684,21.598,22.9996,23.55,24.175,24.3984,24.2303,23.725,24.425,,,
2021-04-30,20.438,22.2391,23.5,23.976,24.55,24.7,24.4988,23.975,24.6,,,
2021-05-03,19.7324,21.5522,22.9266,23.4848,24.0744,24.331,24.1824,23.75,24.55,,,
2021-05-04,20.5493,22.2357,23.3978,23.9,24.45,24.6429,24.45,24.0,24.725,,,
2021-05-05,19.9784,21.6758,23.0,23.5,24.0996,24.3,24.15,23.775,24.65,,,
2021-05-06,19.6892,21.6227,22.9619,23.5,24.0727,24.25,24.125,23.725,24.475,,,
2021-05-07,18.2917,20.5424,22.208,22.9005,23.6,23.8511,23.725,23.35,24.225,,,
2021-05-10,19.4819,21.3487,22.7989,23.3922,24.0006,24.2467,24.1,23.65,24.375,,,
2021-05-11,21.2388,22.8487,23.9744,24.35,24.9,24.9984,24.8,24.275,24.975,,,
2021-05-12,25.9725,26.4334,26.5468,26.5172,26.7112,26.554,26.155,25.6,26.125,,,
2021-05-13,22.6932,24.0809,24.725,24.8911,25.2113,25.2174,25.04,24.5,25.475,,,
2021-05-14,19.1312,21.3668,22.8053,23.3341,23.8138,24.0424,23.8489,23.5,24.425,,,
2021-05-17,19.9063,22.1144,23.4371,23.8924,24.4148,24.6318,24.5075,24.25,25.0,,,
2021-05-18,21.1438,22.3794,23.8776,24.5043,24.9853,25.18,25.03,24.7,25.25,,,
2021-05-19,23.3861,24.3801,24.8198,25.25,25.358,25.1674,24.8,25.6,,,,
2021-05-20,22.1031,23.6346,24.158,24.6491,24.8009,24.7077,24.45,25.025,,,,
2021-05-21,21.8453,23.28,23.8282,24.3574,24.65,24.6,24.35,24.95,,,,
2021-05-24,20.7569,22.4758,23.1084,23.7,24.0,24.0047,23.775,24.55,24.525,,,
2021-05-25,20.7012,22.6499,23.3,23.8974,24.2,24.2,24.05,24.675,24.45,,,
2021-05-26,19.6232,21.6727,22.5426,23.2715,23.65,23.7,23.5032,24.25,24.25,,,
2021-05-27,18.5669,20.6488,21.7339,22.58,23.0852,23.2259,23.1183,23.9,23.9,,,
2021-05-28,19.1343,20.8509,21.8251,22.6626,23.2661,23.4,23.3053,24.0,23.825,,,
2021-06-01,19.5551,21.3709,22.1717,22.8556,23.3414,23.45,23.4475,24.2,24.1,,,
2021-06-02,18.9248,21.0457,22.0909,22.9165,23.45,23.5964,23.5778,24.25,24.45,,,
2021-06-03,19.2865,21.3869,22.4021,23.15,23.6694,23.8026,23.8,24.45,24.55,,,
2021-06-04,18.1246,20.3389,21.5327,22.4,23.0293,23.2259,23.2012,23.975,24.175,,,
2021-06-07,17.6359,20.0021,21.3053,22.2506,22.85,23.0854,23.1133,23.825,24.1,,,
2021-06-08,17.9012,20.2319,21.4,22.25,22.8491,23.0034,23.0539,23.8,24.05,,,
2021-06-09,18.3797,20.4981,21.7487,22.5785,23.1288,23.2021,23.2714,24.075,24.3,,,
2021-06-10,16.9031,19.443,20.7203,21.6078,22.1541,22.3579,22.45,23.25,23.6,,,
2021-06-11,16.5505,18.8501,20.3388,21.3936,21.9937,22.1669,22.2444,23.1,23.275,,,
2021-06-14,16.4514,19.0759,20.5,21.4883,22.1011,22.2504,22.35,23.4,23.525,,,
2021-06-15,17.1014,19.5645,20.8654,21.802,22.309,22.4088,22.4235,23.5052,23.7,,,
2021-06-16,19.623,21.0498,21.9897,22.4775,22.5843,22.55,23.74,23.9,,,,
2021-06-17,19.5146,20.9062,21.8074,22.3196,22.3854,22.4,23.55,23.675,,,,
2021-06-18,21.339,22.2601,22.9158,23.182,23.2239,23.1698,24.2667,24.275,,,,
2021-06-21,19.9159,21.1897,22.0825,22.5711,22.6625,22.671,23.8045,23.9,24.2,,,
2021-06-22,18.8265,20.5299,21.6,22.2474,22.4008,22.45,23.55,23.7,23.9,,,
2021-06-23,18.4413,20.1918,21.269,21.95,22.2,22.25,23.35,23.55,23.7,,,
2021-06-24,18.167,19.853,20.95,21.7,21.95,22.08,23.2087,23.425,23.475,,,
2021-06-25,17.7017,19.6252,20.8498,21.7276,22.0,22.0668,23.155,23.45,23.5,,,
2021-06-28,17.7213,19.516,20.75,21.599,21.9496,22.0184,23.075,23.35,23.4,,,
2021-06-29,18.1278,19.953,21.101,21.8899,22.2,22.2909,23.3075,23.6,23.7,,,
2021-06-30,17.9033,19.7487,21.014,21.8544,22.259,22.3785,23.3794,23.6,23.8,,,
2021-07-01,17.4735,19.5447,20.83,21.7,22.1465,22.2976,23.3,23.525,23.65,,,
2021-07-02,17.4706,19.4999,20.7956,21.65,22.0965,22.2592,23.26,23.5,23.525,,,
2021-07-06,17.9987,19.8513,21.0533,21.825,22.2325,22.4092,23.4167,23.65,23.825,,,
2021-07-07,18.0485,19.9455,21.1731,21.9514,22.3034,22.4519,23.4778,23.775,23.875,,,
2021-07-08,19.545,20.9988,21.999,22.5539,22.7891,22.8486,23.8618,24.125,24.3,,,
2021-07-09,17.7962,19.8444,21.08,21.9502,22.3588,22.5762,23.5407,23.775,23.875,,,
2021-07-12,17.3713,19.8395,21.2492,22.2,22.5717,22.6958,23.65,23.85,24.025,,,
2021-07-13,17.7342,20.0157,21.4009,22.3518,22.7571,22.9054,23.7974,24.05,24.375,,,
2021-07-14,17.047,19.6029,21.1507,22.25,22.6961,22.8974,23.8778,24.1,24.3,,,
2021-07-15,17.51,19.8149,21.2157,22.2019,22.6617,22.8241,23.77,24.15,24.275,,,
2021-07-16,18.6228,20.6339,21.7465,22.5793,23.0178,23.1226,24.075,24.2,24.45,,,
2021-07-19,22.738,23.6675,23.965,23.9996,24.0689,23.9258,24.7182,24.9,24.9,,,
2021-07-20,19.9561,21.4852,22.6001,23.3957,23.6879,23.6272,24.5495,24.8,25.0,,,
2021-07-21,20.1082,21.6468,22.5494,22.9472,23.0046,23.95,24.325,24.5,,,,
2021-07-22,20.5665,21.85,22.5382,22.8901,22.9088,23.9,24.2733,24.475,,,,
2021-07-23,20.3675,21.6506,22.4109,22.7003,22.8018,23.8,24.2,24.5,,,,
2021-07-26,20.1497,21.6947,22.5144,22.8403,22.9337,23.9284,24.3313,24.55,24.55,,,
2021-07-27,20.7147,22.2005,22.9026,23.1721,23.2414,24.251,24.5611,24.825,25.05,,,
2021-07-28,20.1089,21.7999,22.6279,22.9289,23.0144,24.0,24.3571,24.55,24.75,,,
2021-07-29,19.7092,21.5483,22.4413,22.8,22.9004,23.8397,24.2061,24.475,24.45,,,
2021-07-30,20.274,22.0749,22.95,23.2496,23.2722,24.1984,24.5,24.75,24.75,,,
2021-08-02,21.1496,22.7197,23.4515,23.7,23.6991,24.6,24.9,25.1,24.875,,,
2021-08-03,19.8525,21.8428,22.8281,23.1793,23.241,24.15,24.5,24.7,25.125,,,
2021-08-04,19.8494,21.7559,22.7944,23.1982,23.2968,24.1521,24.5042,24.675,25.1,,,
2021-08-05,19.3129,21.2892,22.3333,22.9,22.9995,23.85,24.1962,24.375,24.375,,,
2021-08-06,18.7024,20.751,21.8374,22.5119,22.7611,23.65,23.975,24.225,24.175,,,
2021-08-09,18.4231,20.6867,21.8286,22.5513,22.8833,23.7497,24.1083,24.325,24.425,,,
2021-08-10,17.9776,20.3456,21.669,22.4013,22.8,23.65,24.0212,24.275,25.0,,,
2021-08-11,17.4443,19.7318,21.2156,21.9304,22.3583,23.33,23.7,24.025,24.15,,,
2021-08-12,17.0028,19.3979,20.7525,21.5493,22.0513,23.05,23.525,23.95,24.025,,,
2021-08-13,16.631,19.486,20.8154,21.5587,22.0669,23.0649,23.5333,23.975,24.125,,,
2021-08-16,16.504,19.6237,21.0,21.7125,22.2005,23.2013,23.7,24.125,24.175,,,
2021-08-17,17.5787,20.1697,21.6841,22.3124,22.6237,23.5015,23.95,24.4,24.4,,,
2021-08-18,21.7058,22.9271,23.3363,23.4313,24.3434,24.6891,25.1656,25.2,,,,
2021-08-19,22.346,23.1773,23.4269,23.386,24.3119,24.6708,25.2125,25.25,,,,
2021-08-20,20.5273,22.1551,22.7475,22.9318,23.8891,24.35,24.9553,24.975,,,,
2021-08-23,19.8468,21.6622,22.4747,22.7243,23.75,24.2036,24.8136,24.825,24.825,,,
2021-08-24,19.7306,21.6582,22.4916,22.75,23.8013,24.2679,24.75,24.7,24.7,,,
2021-08-25,19.2328,21.2899,22.1983,22.5005,23.6,24.0456,24.55,24.55,24.375,,,
2021-08-26,20.1229,21.9501,22.6058,22.8592,23.9,24.345,24.8,24.825,24.675,,,
2021-08-27,18.9529,21.1309,21.9481,22.2424,23.3225,23.7965,24.26,24.275,24.1,,,
2021-08-30,18.746,20.9491,21.9068,22.2999,23.4379,23.8153,24.2542,24.25,24.1,,,
2021-08-31,18.6212,20.9074,21.8975,22.3,23.4177,23.85,24.3059,24.3,24.225,,,
2021-09-01,18.0805,20.446,21.5063,21.9659,23.2,23.62,24.1,24.15,24.1,,,
2021-09-02,17.9632,20.4432,21.55,22.0,23.2,23.6259,24.125,24.2,24.225,,,
2021-09-03,18.3528,20.5624,21.7307,22.1502,23.3541,23.804,24.36,24.35,24.3,,,
2021-09-07,18.8314,20.9005,22.0426,22.448,23.65,24.1401,24.6135,24.65,24.625,,,
2021-09-08,18.7658,20.9315,22.1949,22.6114,23.7375,24.15,24.65,24.75,24.675,,,
2021-09-09,19.3716,21.353,22.4282,22.8946,23.9871,24.4491,24.95,24.925,24.8,,,
2021-09-10,20.6249,22.1543,22.8472,23.2004,24.2598,24.7213,25.22,25.2962,25.125,,,
2021-09-13,19.298,21.3321,22.3924,22.9873,24.0686,24.5359,25.05,25.075,25.05,,,
2021-09-14,19.715,21.5605,22.6707,23.3061,24.2993,24.7096,25.2,25.275,25.2,,,
2021-09-15,20.8379,22.2987,23.0433,24.0005,24.4179,24.9,25.0031,24.975,,,,
2021-09-16,20.5556,22.0021,22.7954,23.85,24.2941,24.8,24.915,24.875,,,,
2021-09-17,21.9377,22.9489,23.4405,24.3495,24.7,25.2091,25.3,25.15,,,,
2021-09-20,24.4629,24.6975,24.8125,25.4788,25.6242,25.9659,26.075,25.825,25.825,,,
2021-09-21,23.4294,24.1154,24.3827,24.9932,25.2,25.549,25.6,25.625,25.5,,,
2021-09-22,22.0994,23.1347,23.5387,24.3399,24.6987,25.0927,25.2563,25.15,25.05,,,
2021-09-23,20.5996,22.2012,22.7456,23.6541,24.1423,24.6601,24.8794,24.8,24.675,,,
2021-09-24,19.8182,21.6471,22.4088,23.45,23.9976,24.5506,24.7417,24.725,24.725,,,
2021-09-27,20.1083,21.6778,22.4431,23.4418,24.0502,24.6422,24.8075,24.8,24.775,,,
2021-09-28,22.5173,23.4435,23.8059,24.5862,24.9911,25.439,25.5738,25.55,25.525,,,
2021-09-29,22.9912,23.7823,24.0128,24.7555,25.1545,25.5329,25.7,25.65,25.525,,,
2021-09-30,22.8678,23.6859,23.9984,24.8007,25.2265,25.6551,25.8283,25.8,25.7,,,
2021-10-01,21.994,23.2158,23.6688,24.4823,24.9234,25.3849,25.6167,25.575,25.575,,,
2021-10-04,22.681,23.6992,24.1532,25.0296,25.4143,25.8383,25.9816,25.95,25.825,,,
2021-10-05,21.7541,23.0271,23.5347,24.424,24.9081,25.4151,25.6587,25.65,25.65,,,
2021-10-06,21.2171,22.6587,23.2669,24.2522,24.7955,25.3005,25.5,25.55,25.65,,,
2021-10-07,20.1013,22.0851,22.8091,23.8978,24.4952,25.0006,25.25,25.25,25.375,,,
2021-10-08,19.7169,21.6097,22.5985,23.8636,24.4963,25.0926,25.375,25.35,25.25,,,
2021-10-11,20.1505,21.8565,22.8,23.9,24.4991,25.15,25.4,25.425,25.625,,,
2021-10-12,19.7169,21.4506,22.3979,23.6,24.1868,24.8461,25.1169,25.175,25.25,,,
2021-10-13,19.1506,21.107,22.1268,23.4057,23.9989,24.7164,25.0,25.0,25.0,,,
2021-10-14,17.6014,20.0046,21.3,22.7996,23.4494,24.1994,24.55,24.625,24.6,,,
2021-10-15,17.1727,20.0983,21.5957,23.0032,23.702,24.45,24.85,24.9,25.15,,,
2021-10-18,16.618,19.6962,21.3054,23.0615,23.8856,24.6169,25.0,25.15,25.2,,,
2021-10-19,15.9647,19.5287,21.315,23.0004,23.683,24.4986,24.9283,25.1,25.175,,,
2021-10-20,19.3155,21.0511,22.7,23.4526,24.3699,24.7674,25.025,25.125,,,,
2021-10-21,18.6977,20.6504,22.3502,23.2,24.1173,24.5909,24.81,24.95,,,,
2021-10-22,19.1016,21.1001,22.7252,23.4862,24.3682,24.8,25.05,25.125,,,,
2021-10-25,18.5505,20.4983,22.2,23.05,23.9026,24.4,24.6,24.75,25.025,,,
2021-10-26,18.9246,20.8037,22.3959,23.2502,24.1014,24.5259,24.725,24.85,25.05,,,
2021-10-27,19.3496,21.2962,22.8,23.6082,24.4426,24.8483,25.0125,25.15,25.325,,,
2021-10-28,18.6503,20.8493,22.3304,23.2,24.05,24.5,24.7391,24.85,25.15,,,
2021-10-29,18.7793,21.0533,22.5634,23.4754,24.3397,24.7419,24.9447,25.05,25.125,,,
2021-11-01,18.3999,20.8006,22.4497,23.3491,24.2494,24.65,24.8553,24.95,25.125,,,
2021-11-02,17.8505,20.3509,22.0047,23.0429,23.905,24.4,24.6313,24.775,24.95,,,
2021-11-03,17.1078,19.7495,21.5035,22.5557,23.5203,24.0483,24.3,24.5,24.75,,,
2021-11-04,17.4041,20.084,21.85,22.9,23.7501,24.308,24.55,24.7,24.775,,,
2021-11-05,18.4401,20.5057,22.3321,23.222,24.1006,24.6238,24.7833,24.9,24.925,,,
2021-11-08,18.4945,20.5003,22.2099,23.25,24.1531,24.7489,24.9625,25.05,25.05,,,
2021-11-09,18.9001,20.827,22.558,23.6,24.4172,24.9647,25.225,25.275,25.35,,,
2021-11-10,19.5268,21.0045,22.7125,23.6217,24.399,24.9402,25.17,25.2,25.3,,,
2021-11-11,18.7588,20.7957,22.5189,23.3865,24.1897,24.7,24.95,25.0,25.15,,,
2021-11-12,17.4182,20.108,22.0469,23.1752,23.9515,24.5,24.8132,24.875,24.925,,,
2021-11-15,17.0011,19.891,21.9534,23.132,24.0502,24.7028,25.05,25.05,25.125,,,
2021-11-16,16.7991,20.0017,22.0446,23.2013,24.0498,24.85,25.2482,25.4,25.425,,,
2021-11-17,20.2745,22.427,23.602,24.5,25.2007,25.5842,25.8552,25.95,,,,
2021-11-18,20.4995,22.6455,23.8,24.6,25.2505,25.6,25.85,25.95,,,,
2021-11-19,20.7994,22.7497,23.7091,24.5716,25.2,25.4984,25.7057,25.875,,,,
2021-11-22,21.1529,23.0998,24.0499,24.85,25.4684,25.7,25.9,26.025,25.75,,,
2021-11-23,20.563,22.6656,23.7759,24.5712,25.2,25.4841,25.6689,25.75,25.7,,,
2021-11-24,20.348,22.4538,23.5747,24.4247,25.0928,25.367,25.6059,25.7,25.75,,,
2021-11-26,26.5412,27.0096,27.1071,27.1271,27.0784,27.1125,26.8071,26.7,26.4,,,
2021-11-29,22.2041,23.7474,24.5746,25.219,25.6859,25.8276,25.7688,25.95,25.975,,,
2021-11-30,25.6865,26.4777,26.6713,26.9063,27.0152,26.9412,26.9019,27.0,26.875,,,
2021-12-01,27.8304,27.964,27.7308,27.7563,27.6271,27.4654,27.4154,27.5,27.175,,,
2021-12-02,25.9392,26.905,26.9673,27.0685,27.0418,26.8957,26.862,26.95,26.775,,,
2021-12-03,28.7301,28.6173,28.2564,28.1169,27.9386,27.694,27.5935,27.55,27.175,,,
2021-12-06,25.8521,26.6506,26.8002,27.0088,27.0299,26.9152,26.8036,26.85,26.625,,,
2021-12-07,22.5437,24.2002,24.9983,25.5536,25.8534,25.8638,25.8389,26.0,25.85,,,
2021-12-08,20.8267,23.0192,24.0745,24.891,25.5017,25.6655,25.75,25.9,25.725,,,
2021-12-09,21.5672,23.5593,24.3526,25.1042,25.6935,25.8784,25.9611,26.15,25.9,,,
2021-12-10,19.7975,22.2662,23.508,24.4502,25.2176,25.4773,25.5689,25.825,25.6,,,
2021-12-13,20.5841,23.1634,24.3443,25.2573,25.9622,26.2078,26.25,26.4,26.15,,,
2021-12-14,21.2857,23.4828,24.6311,25.5411,26.1996,26.35,26.35,26.5,26.15,,,
2021-12-15,19.0758,21.9711,23.3657,24.4199,25.2503,25.5035,25.5701,25.85,25.65,,,
2021-12-16,20.4217,22.8188,24.146,25.1453,25.8739,26.0746,26.175,26.35,26.075,,,
2021-12-17,21.0691,23.5739,24.7317,25.6924,26.4161,26.6288,26.6895,26.875,26.5,,,
2021-12-20,22.8089,24.3107,25.2532,25.9998,26.5546,26.6639,26.6522,26.85,26.5,,,
2021-12-21,21.0726,23.1636,24.4666,25.4724,26.1491,26.348,26.4188,26.65,26.3,,,
2021-12-22,21.8007,23.5483,24.7126,25.6134,25.9127,26.0794,26.4167,26.175,,,,
2021-12-23,21.6518,23.3994,24.599,25.5508,25.9512,26.0839,26.4357,26.175,,,,
2021-12-27,21.0053,23.0302,24.3004,25.2561,25.6971,25.8489,26.2,26.05,26.05,,,
2021-12-28,20.5305,22.6303,23.9062,24.9993,25.4602,25.6625,26.0643,25.975,25.975,,,
2021-12-29,20.0072,22.104,23.549,24.6607,25.2002,25.4494,25.9,25.85,25.975,,,
2021-12-30,19.9439,22.047,23.5329,24.7318,25.3249,25.6,26.05,26.0,26.125,,,
2021-12-31,19.6745,21.9705,23.4685,24.6913,25.2468,25.5688,26.15,26.05,26.25,,,
2022-01-03,18.8578,21.4095,23.0959,24.3494,24.9426,25.2675,25.8435,25.8,25.975,,,
2022-01-04,18.8692,21.3187,23.0176,24.3035,24.9952,25.3179,25.9253,25.95,26.1,,,
2022-01-05,20.7745,22.6171,23.9498,25.0611,25.6221,25.9504,26.55,26.55,26.575,,,
2022-01-06,20.8496,22.8491,24.05,25.1,25.6496,25.95,26.55,26.525,26.525,,,
2022-01-07,20.398,22.0204,23.3946,24.5117,25.146,25.4422,26.075,26.15,26.325,,,
2022-01-10,19.9034,21.7049,23.0951,24.25,24.8003,25.1473,25.7767,25.8,26.05,,,
2022-01-11,18.954,20.9933,22.55,23.8575,24.4708,24.8113,25.4365,25.5,25.775,,,
2022-01-12,18.5814,20.9713,22.5427,23.8495,24.4979,24.8313,25.4656,25.4904,25.625,,,
2022-01-13,20.4167,22.0944,23.4145,24.5498,25.0702,25.3117,25.9045,25.9,26.1,,,
2022-01-14,19.667,21.7462,23.012,24.1627,24.7516,25.0485,25.6455,25.675,25.875,,,
2022-01-18,22.6197,23.3922,24.2136,24.9708,25.3073,25.5483,26.0955,26.025,26.275,,,
2022-01-19,24.0687,24.566,25.1404,25.4472,25.6934,26.1864,26.1885,26.425,,,,
2022-01-20,24.9658,25.1061,25.3587,25.5573,25.7559,26.2904,26.3167,26.55,,,,
2022-01-21,27.3086,26.8399,26.652,26.6309,26.6849,27.0336,26.9609,27.175,,,,
2022-01-24,28.0683,27.4498,26.9069,26.6527,26.4854,26.7526,26.6917,26.95,26.75,,,
2022-01-25,28.1645,27.7313,27.2107,26.9042,26.7518,26.9226,26.85,27.025,27.025,,,
2022-01-26,28.633,28.1099,27.4532,27.0837,26.8361,27.0391,26.925,27.125,27.2,,,
2022-01-27,28.8263,28.486,27.7579,27.3178,27.0347,27.1214,26.95,27.225,27.25,,,
2022-01-28,26.8734,27.0493,26.6807,26.3675,26.1243,26.398,26.2845,26.575,26.75,,,
2022-01-31,24.8523,25.5448,25.6447,25.5759,25.4985,25.8277,25.75,26.05,26.2,,,
2022-02-01,22.7458,23.9061,24.4535,24.5904,24.6989,25.1049,25.0962,25.425,25.625,,,
2022-02-02,22.0259,23.6318,24.416,24.7158,24.8123,25.2564,25.2142,25.6,25.65,,,
2022-02-03,25.7306,26.0671,26.15,26.1561,26.1038,26.3973,26.2758,26.5,26.5,,,
2022-02-04,24.2613,25.1484,25.7037,25.9505,26.0004,26.4004,26.2975,26.55,26.65,,,
2022-02-07,23.6521,24.5363,25.1601,25.4929,25.6296,26.0455,25.9708,26.25,26.275,,,
2022-02-08,22.3116,23.4098,24.2573,24.704,25.05,25.5583,25.5631,25.9,26.05,,,
2022-02-09,21.1561,22.6687,23.695,24.2478,24.5995,25.1461,25.1023,25.525,25.625,,,
2022-02-10,24.2186,24.5799,25.0636,25.3574,25.5563,25.9459,25.8981,26.2,26.35,,,
2022-02-11,27.814,27.69,27.0266,26.7377,26.5581,26.7307,26.5737,26.925,27.075,,,
2022-02-14,28.3374,27.7476,27.0207,26.6707,26.483,26.6514,26.4545,26.65,26.725,,,
2022-02-15,25.3833,25.5484,25.615,25.6852,25.6538,25.9174,25.7206,25.925,26.0,,,
2022-02-16,24.4723,24.8139,24.9874,25.1,25.5225,25.381,25.67,25.75,,,,
2022-02-17,27.5683,26.8288,26.4871,26.1945,26.3581,26.1181,26.3529,26.375,,,,
2022-02-18,28.1482,27.2767,26.8517,26.5241,26.705,26.4444,26.5733,26.625,,,,
2022-02-22,27.9601,27.0851,26.6475,26.3987,26.5976,26.35,26.45,26.5,26.125,,,
2022-02-23,29.6693,28.5132,27.8291,27.3487,27.3831,27.0311,27.0288,27.05,26.825,,,
2022-02-24,28.5487,27.7218,27.1269,26.7573,26.8553,26.5066,26.5871,26.625,26.35,,,
2022-02-25,27.2572,26.9481,26.55,26.2504,26.4101,26.1981,26.3,26.4,26.125,,,
2022-02-28,28.6169,28.1501,27.6021,27.2058,27.2753,26.8488,26.8438,26.875,26.475,,,
2022-03-01,32.1241,30.6762,29.5882,28.7747,28.5411,27.876,27.7,27.6,27.0,,,
2022-03-02,29.6145,29.0901,28.3242,27.7414,27.7397,27.2419,27.175,27.1,26.4,,,
2022-03-03,29.9057,29.4694,28.7386,28.1499,28.0411,27.5469,27.43,27.35,26.675,,,
2022-03-04,31.5274,30.3012,29.311,28.636,28.4935,27.8992,27.7313,27.575,26.825,,,
2022-03-07,34.8105,32.86,31.4682,30.467,30.0037,29.176,28.7167,28.5,27.5,,,
2022-03-08,33.9186,32.6065,31.3555,30.3992,29.9866,29.1494,28.7589,28.45,27.4,,,
2022-03-09,32.1193,31.4927,30.5955,29.9072,29.5681,28.8885,28.6151,28.425,27.55,,,
2022-03-10,30.4155,30.1263,29.75,29.3331,29.2645,28.762,28.6419,28.525,27.6,,,
2022-03-11,31.0024,30.78,30.2191,29.8057,29.594,28.9727,28.7632,28.625,27.575,,,
2022-03-14,31.8036,31.7235,30.9981,30.2362,30.0555,29.5481,29.4167,29.3,28.175,,,
2022-03-15,30.7261,30.2292,29.7888,29.5916,28.9917,28.7985,28.77,27.9167,,,,
2022-03-16,27.5411,27.9725,28.111,28.2453,27.9322,28.005,28.1,27.375,,,,
2022-03-17,27.1143,27.4593,27.6605,27.8498,27.5722,27.65,27.76,27.1,,,,
2022-03-18,25.6406,26.2185,26.5285,26.9279,26.8151,27.0224,27.1739,26.75,,,,
2022-03-21,25.482,26.1731,26.6432,27.037,26.8905,27.0925,27.2269,26.55,26.55,,,
2022-03-22,24.9989,25.7186,26.1667,26.6364,26.503,26.7425,26.8833,26.275,25.725,,,
2022-03-23,24.8925,25.7515,26.1533,26.6245,26.5536,26.75,26.9,26.325,25.775,,,
2022-03-24,24.2654,25.4518,25.9919,26.4493,26.4404,26.6885,26.895,26.325,25.75,,,
2022-03-25,23.4552,24.8564,25.4985,26.0502,26.0921,26.4,26.6172,26.05,25.575,,,
2022-03-28,22.9946,24.6115,25.2613,25.8637,25.9888,26.3513,26.5672,26.05,25.5,,,
2022-03-29,21.7532,23.7145,24.6018,25.3995,25.5995,26.0173,26.3708,25.825,25.25,,,
2022-03-30,22.07,24.0735,24.8721,25.6294,25.8311,26.2283,26.5,25.95,25.425,,,
2022-03-31,23.469,24.9877,25.4773,26.1055,26.2549,26.6014,26.8615,26.3,25.625,,,
2022-04-01,22.3324,24.2141,25.0405,25.85,26.0918,26.5,26.8,26.15,25.45,,,
2022-04-04,20.9619,23.1475,24.3676,25.3995,25.6977,26.1432,26.4182,25.9,25.225,,,
2022-04-05,23.2559,24.8412,25.6493,26.4059,26.5617,26.929,27.1778,26.55,25.7,,,
2022-04-06,23.7022,25.3363,26.035,26.7048,26.85,27.1285,27.3,26.7,25.9,,,
2022-04-07,22.9769,24.7128,25.65,26.4327,26.6505,26.9788,27.2,26.575,25.75,,,
2022-04-08,22.8475,24.7489,25.6521,26.4968,26.7356,27.1,27.38,26.7,25.825,,,
2022-04-11,24.7042,25.9219,26.6178,27.2829,27.3984,27.7,27.85,27.15,26.2,,,
2022-04-12,25.0641,26.2047,26.8478,27.4962,27.6,27.8535,28.05,27.4,26.4,,,
2022-04-13,22.6858,24.4289,25.7499,26.6828,26.9,27.3,27.5656,26.975,26.125,,,
2022-04-14,23.4211,25.0983,26.1516,27.1,27.3374,27.7008,27.9717,27.325,26.375,,,
2022-04-18,22.9518,24.7867,25.9709,27.0,27.3,27.7992,28.0862,27.45,26.55,,,
2022-04-19,21.1489,23.5416,24.9829,26.1986,26.5996,27.1514,27.55,26.95,26.1,,,
2022-04-20,22.9919,24.4979,25.7432,26.1699,26.8263,27.2125,26.7,25.85,,,,
2022-04-21,24.6907,25.9855,26.9829,27.1802,27.6006,27.8869,27.3595,26.525,,,,
2022-04-22,27.9879,28.2171,28.5798,28.4132,28.6385,28.7588,28.1932,27.35,,,,
2022-04-25,27.2576,27.7051,28.1008,28.0507,28.2453,28.3953,27.85,27.0,27.25,,,
2022-04-26,30.3018,29.9546,29.7924,29.4128,29.3438,29.2553,28.7135,27.6786,27.8,,,
2022-04-27,30.8249,30.3942,30.0578,29.5974,29.4014,29.1993,28.5589,27.45,27.75,,,
2022-04-28,29.2407,29.2815,29.221,28.9084,28.8435,28.7338,28.0464,27.05,27.35,,,
2022-04-29,31.6487,31.2085,30.6328,30.0042,29.7861,29.5078,28.7865,27.825,27.825,,,
2022-05-02,30.9477,30.9012,30.5034,29.9175,29.6141,29.3491,28.6433,27.7,28.025,,,
2022-05-03,28.8864,29.3377,29.3553,29.101,29.01,28.8594,28.175,27.325,27.825,,,
2022-05-04,25.762,26.9854,27.6128,27.6445,27.771,27.7817,27.2053,26.4,26.925,,,
2022-05-05,31.3271,31.3722,31.1129,30.533,30.1747,29.7889,29.1069,28.1857,28.475,,,
2022-05-06,30.8118,30.789,30.6196,30.238,29.9997,29.7467,29.05,28.2472,28.65,,,
2022-05-09,33.8168,33.0703,32.4197,31.8375,31.3986,30.9174,30.0453,29.1292,29.5,,,
2022-05-10,32.254,31.9614,31.5975,31.05,30.6793,30.3013,29.55,28.65,29.075,,,
2022-05-11,32.1627,31.7389,31.4489,31.0612,30.8402,30.4404,29.7391,28.825,29.3,,,
2022-05-12,31.2544,31.261,31.106,30.7749,30.5766,30.1759,29.45,28.55,29.15,,,
2022-05-13,28.8191,29.3959,29.8456,29.767,29.8238,29.567,28.8938,28.0028,28.575,,,
2022-05-16,27.5856,28.0855,28.9801,29.1323,29.3386,29.2056,28.6436,27.85,28.45,,,
2022-05-17,26.5988,27.4896,28.5844,28.8758,29.1526,29.1666,28.5762,27.7439,28.25,,,
2022-05-18,31.5195,31.382,30.9888,30.8024,30.5204,29.8668,28.8877,29.375,,,,
2022-05-19,29.286,29.7555,29.6837,29.7999,29.7351,29.1968,28.2896,28.95,,,,
2022-05-20,29.4224,29.9611,29.9071,29.9942,29.9396,29.4192,28.5792,29.15,,,,
2022-05-23,29.0797,29.828,29.7994,29.8946,29.8161,29.2688,28.425,28.95,29.125,,,
2022-05-24,29.1855,29.8518,29.8574,29.9183,29.8827,29.3465,28.5,28.95,29.225,,,
2022-05-25,28.4859,29.1357,29.1501,29.2999,29.3647,28.9037,28.1294,28.6,28.925,,,
2022-05-26,28.0636,29.0604,29.1979,29.4,29.4378,28.9948,28.175,28.65,28.625,,,
2022-05-27,26.8678,28.174,28.432,28.8016,28.9359,28.5468,27.7958,28.3,28.375,,,
2022-05-31,26.4123,27.7908,28.2384,28.6233,28.8524,28.5545,27.8174,28.5,28.7,,,
2022-06-01,26.1937,27.5714,28.0496,28.513,28.7021,28.4466,27.7417,28.35,28.35,,,
2022-06-02,25.6001,27.0828,27.4729,27.999,28.2224,28.0,27.3,27.9,27.9,,,
2022-06-03,25.9627,27.3039,27.742,28.2206,28.55,28.3482,27.7076,28.275,28.2,,,
2022-06-06,25.5854,26.9709,27.532,28.0834,28.4955,28.3849,27.7917,28.45,28.275,,,
2022-06-07,24.6805,26.3045,26.896,27.6105,28.0978,28.1115,27.599,28.2952,28.225,,,
2022-06-08,24.6993,26.256,26.9286,27.6113,28.1038,28.1,27.7,28.375,28.275,,,
2022-06-09,26.4245,27.4994,27.8692,28.3854,28.7726,28.7247,28.3096,28.95,28.8,,,
2022-06-10,28.2892,29.0858,29.3419,29.7342,29.7899,29.617,29.1106,29.7,29.525,,,
2022-06-13,33.4687,32.8934,32.1079,31.8321,31.5961,31.233,30.5165,30.95,30.625,,,
2022-06-14,32.5815,31.8115,31.2485,31.1679,31.0897,30.8553,30.2518,30.775,30.375,,,
2022-06-15,30.0306,29.9834,30.0002,30.0801,29.7923,29.296,30.0814,29.875,,,,
2022-06-16,31.9206,31.4868,31.4011,31.2868,30.9147,30.2932,31.1,30.775,,,,
2022-06-17,30.902,30.6829,30.6186,30.549,30.1831,29.5733,30.3833,30.25,,,,
2022-06-21,30.3228,30.1912,30.1493,30.0804,29.7495,29.15,29.95,29.8,30.025,,,
2022-06-22,29.0105,29.1196,29.3748,29.5169,29.2867,28.7056,29.4955,29.35,29.375,,,
2022-06-23,29.0073,29.1839,29.4356,29.548,29.2796,28.7,29.5,29.325,29.375,,,
2022-06-24,28.4774,28.7909,29.0865,29.2078,28.989,28.3638,29.2089,29.0,29.05,,,
2022-06-27,27.4118,28.0439,28.55,28.8687,28.702,28.15,28.925,28.75,28.75,,,
2022-06-28,28.3331,28.7361,29.0828,29.35,29.15,28.5569,29.3192,29.1,28.975,,,
2022-06-29,28.3335,28.8152,29.1346,29.46,29.2615,28.6184,29.4128,29.25,29.15,,,
2022-06-30,28.5623,29.1774,29.5296,29.779,29.5178,28.8079,29.5981,29.375,29.275,,,
2022-07-01,27.689,28.5603,28.9997,29.35,29.1859,28.4939,29.35,29.1,28.925,,,
2022-07-05,27.7261,28.5555,29.0007,29.35,29.1109,28.3993,29.2014,28.9,28.7,,,
2022-07-06,27.1987,28.1548,28.7167,29.1124,28.9858,28.3637,29.2,28.9,28.8,,,
2022-07-07,26.85,27.8975,28.5093,28.95,28.8853,28.3027,29.16,28.825,28.725,,,
2022-07-08,26.049,27.3988,28.1053,28.5997,28.6058,28.1161,28.9705,28.7,28.6,,,
2022-07-11,27.186,28.1191,28.7076,29.0959,29.0239,28.5374,29.37,29.025,28.925,,,
2022-07-12,27.3879,28.2453,28.7804,29.2429,29.1505,28.65,29.5,29.2,29.025,,,
2022-07-13,26.8636,27.8784,28.6798,29.217,29.15,28.6624,29.65,29.35,29.225,,,
2022-07-14,26.8663,27.9454,28.859,29.45,29.3466,28.891,29.7558,29.45,29.35,,,
2022-07-15,25.2066,26.5589,27.8025,28.667,28.7464,28.3214,29.288,29.025,28.925,,,
2022-07-18,25.7016,27.3971,28.3917,29.1,29.1492,28.7439,29.727,29.375,29.3,,,
2022-07-19,24.83,27.0352,28.0034,28.7279,28.6989,28.1623,29.1346,28.9,28.825,,,
2022-07-20,26.2684,27.5334,28.3347,28.3678,27.9007,28.8075,28.6444,28.7,,,,
2022-07-21,25.7437,27.2669,28.1851,28.3024,27.8903,28.7977,28.6221,28.7,,,,
2022-07-22,25.5044,27.1502,28.05,28.25,27.9846,28.9464,28.7635,28.8,,,,
2022-07-25,25.2141,27.0384,28.0357,28.254,27.9758,28.9347,28.8,28.8,28.95,,,
2022-07-26,25.9513,27.4397,28.3,28.4308,28.111,29.0815,28.95,29.0,29.175,,,
2022-07-27,25.0001,26.6903,27.5436,27.7891,27.5768,28.5431,28.5268,28.6,28.625,,,
2022-07-28,23.667,25.5516,26.6639,27.0761,26.9849,28.0696,28.1,28.3,28.7,,,
2022-07-29,23.4158,25.3817,26.4629,26.8004,26.6582,27.7,27.8476,28.025,28.125,,,
2022-08-01,24.2144,26.0517,26.9906,27.2053,27.1,28.1429,28.15,28.275,28.375,,,
2022-08-02,24.6115,26.3001,27.25,27.55,27.4996,28.5148,28.45,28.55,28.625,,,
2022-08-03,23.1634,25.1488,26.3348,26.8053,26.8992,27.95,27.9857,28.1,28.225,,,
2022-08-04,23.2001,25.2502,26.509,27.0804,27.2283,28.2488,28.2,28.35,28.475,,,
2022-08-05,22.4476,24.7969,26.2498,26.9262,27.1197,28.2158,28.1754,28.3,28.475,,,
2022-08-08,22.6589,24.8737,26.3308,27.0,27.1995,28.2927,28.3,28.4,28.5,,,
2022-08-09,22.989,25.0329,26.4688,27.177,27.352,28.45,28.4672,28.52,28.55,,,
2022-08-10,21.3507,23.5999,25.3506,26.2852,26.539,27.7053,27.775,27.925,28.0,,,
2022-08-11,21.4995,23.8495,25.55,26.4526,26.65,27.8,27.825,27.95,28.0,,,
2022-08-12,21.1867,23.6234,25.2238,26.161,26.4025,27.5367,27.6305,27.6712,27.825,,,
2022-08-15,20.426,23.2003,24.8608,25.8656,26.1057,27.3671,27.5333,27.6,27.725,,,
2022-08-16,20.0006,23.4392,25.1172,25.997,26.2384,27.4056,27.5711,27.65,27.75,,,
2022-08-17,23.2813,25.1173,26.1235,26.3547,27.5994,27.7011,27.85,27.925,,,,
2022-08-18,22.9999,24.9003,25.9496,26.2515,27.4762,27.6434,27.7942,27.875,,,,
2022-08-19,24.1028,25.8998,26.65,26.801,27.9496,28.1,28.2403,28.25,,,,
2022-08-22,25.8208,27.0156,27.4687,27.5276,28.5252,28.6092,28.75,28.75,28.675,,,
2022-08-23,25.3302,26.6492,27.2004,27.3133,28.4017,28.4861,28.6455,28.6,28.425,,,
2022-08-24,24.3501,25.9673,26.7019,26.9,28.0304,28.146,28.35,28.4,28.275,,,
2022-08-25,23.5977,25.3689,26.2,26.45,27.649,27.75,27.975,28.1,28.075,,,
2022-08-26,26.1802,27.1727,27.55,27.5971,28.6081,28.6559,28.8429,28.9,28.8,,,
2022-08-29,26.0278,27.0047,27.4015,27.4183,28.45,28.4956,28.65,28.725,28.55,,,
2022-08-30,26.4608,27.4382,27.7195,27.7,28.65,28.6122,28.7941,28.825,28.7,,,
2022-08-31,25.7939,26.9681,27.4292,27.5299,28.4511,28.4844,28.6263,28.7,28.55,,,
2022-09-01,25.6212,26.7581,27.25,27.3007,28.2505,28.3,28.5,28.55,28.525,,,
2022-09-02,25.9363,26.8979,27.3227,27.4027,28.3521,28.3708,28.569,28.6,28.55,,,
2022-09-06,26.7579,27.429,27.6304,27.5699,28.5647,28.6252,28.7868,28.775,28.7,,,
2022-09-07,24.8966,26.0503,26.6492,26.8494,27.9,28.0077,28.25,28.35,28.275,,,
2022-09-08,24.3161,25.7286,26.3945,26.6791,27.7475,27.8404,28.1,28.25,28.225,,,
2022-09-09,23.9496,25.5941,26.2937,26.55,27.6998,27.775,28.05,28.15,28.0,,,
2022-09-12,23.9193,25.3904,25.999,26.2524,27.4255,27.5466,27.8455,28.05,27.9,,,
2022-09-13,26.745,27.5215,27.6917,27.7117,28.7609,28.7504,28.925,29.075,28.9,,,
2022-09-14,26.4161,27.4742,27.6786,27.749,28.7311,28.6521,28.8363,29.0,28.8,,,
2022-09-15,26.3637,27.3471,27.6,27.6262,28.6546,28.6,28.8,28.95,28.825,,,
2022-09-16,26.2206,27.2494,27.5665,27.6538,28.6826,28.6022,28.7643,28.95,28.75,,,
2022-09-19,25.7761,26.5139,26.85,26.9633,28.0497,28.1,28.25,28.475,28.4,,,
2022-09-20,26.9999,27.3749,27.3999,27.3399,28.2533,28.2,28.425,28.65,28.5,,,
2022-09-21,28.1968,28.0988,27.7963,28.6443,28.5057,28.606,28.8,28.7,,,,
2022-09-22,28.0956,27.8839,27.639,28.5707,28.4957,28.6,28.8106,28.7,,,,
2022-09-23,29.8592,29.1893,28.6157,29.4666,29.2997,29.3136,29.4395,29.25,,,,
2022-09-26,30.9247,30.0988,29.4305,30.2518,30.0012,29.9538,30.1029,29.925,29.6,,,
2022-09-27,31.383,30.5638,29.7046,30.4467,30.1661,30.0973,30.1984,29.925,29.725,,,
2022-09-28,29.8919,29.6506,29.0503,29.87,29.6711,29.6316,29.725,29.525,29.325,,,
2022-09-29,30.9432,30.3747,29.6129,30.3998,30.1,30.0,30.0925,29.85,29.575,,,
2022-09-30,31.516,31.0717,30.0475,30.7021,30.31,30.18,30.2487,30.0,29.7,,,
2022-10-03,29.9893,29.8482,29.2504,30.05,29.75,29.62,29.7,29.425,29.175,,,
2022-10-04,28.7999,28.8294,28.673,29.6329,29.4826,29.4926,29.5778,29.35,29.025,,,
2022-10-05,28.9643,29.0451,28.7995,29.65,29.5056,29.5527,29.6708,29.425,29.3,,,
2022-10-06,29.9193,29.8446,29.3453,30.1417,30.0,29.9545,30.05,29.775,29.575,,,
2022-10-07,31.1984,31.0177,30.2125,30.8566,30.6,30.4799,30.5089,30.2,29.95,,,
2022-10-10,32.1078,31.7382,30.7974,31.3971,31.0561,30.85,30.8333,30.45,30.1,,,
2022-10-11,32.754,32.1758,31.1838,31.812,31.4442,31.2,31.1559,30.75,30.4,,,
2022-10-12,32.1735,31.7784,30.9025,31.5907,31.1943,31.05,31.0419,30.675,30.35,,,
2022-10-13,31.0521,30.9996,30.3,30.9239,30.5393,30.3565,30.4,30.05,29.775,,,
2022-10-14,31.9297,31.5866,30.8223,31.4505,31.0383,30.9035,30.95,30.65,30.3,,,
2022-10-17,31.1798,30.879,30.3257,30.9932,30.6147,30.4525,30.4589,30.15,29.8,,,
2022-10-18,30.8564,30.1507,29.7663,30.4497,30.153,30.0481,30.1,29.9,29.6,,,
2022-10-19,30.3978,29.9013,30.5401,30.1922,30.1449,30.2,30.0044,29.75,,,,
2022-10-20,29.9629,29.739,30.425,30.1879,30.1622,30.2167,30.05,29.8,,,,
2022-10-21,29.9854,29.6699,30.3766,30.0822,30.05,30.122,29.9917,29.7333,,,,
2022-10-24,29.3523,29.333,30.1,29.8417,29.8003,29.8911,29.7455,29.5,29.575,,,
2022-10-25,28.1854,28.3979,29.3382,29.1948,29.2323,29.35,29.29,29.125,29.325,,,
2022-10-26,27.4876,27.8973,28.8516,28.7988,28.9033,29.0483,28.9406,28.8,28.825,,,
2022-10-27,26.9184,27.4362,28.5015,28.5658,28.7582,28.9435,28.85,28.725,28.9,,,
2022-10-28,26.2602,26.9064,28.0002,28.1066,28.2993,28.461,28.425,28.3,28.375,,,
2022-10-31,25.8753,26.3996,27.6662,27.8803,28.1993,28.4136,28.4,28.3,28.45,,,
2022-11-01,25.634,26.0041,27.295,27.5008,27.8386,28.0837,28.0935,28.05,28.35,,,
2022-11-02,26.4475,26.6968,27.7993,27.9225,28.2283,28.4426,28.45,28.35,28.525,,,
2022-11-03,25.6701,26.0972,27.3003,27.5414,27.793,28.0485,28.05,28.0,28.125,,,
2022-11-04,25.5286,25.8355,26.9857,27.1215,27.4352,27.6576,27.717,27.7,28.0,,,
2022-11-07,25.1559,25.5002,26.7081,26.9986,27.299,27.55,27.65,27.65,27.75,,,
2022-11-08,26.1017,26.1902,27.3504,27.4466,27.65,27.8924,27.95,27.95,28.1,,,
2022-11-09,26.857,27.0025,28.1029,28.15,28.3016,28.525,28.5679,28.55,28.725,,,
2022-11-10,24.6297,25.6828,27.1458,27.4042,27.5865,27.8046,27.8173,27.7968,27.95,,,
2022-11-11,23.95,25.4502,27.1999,27.5676,27.773,27.9766,28.0,27.95,28.225,,,
2022-11-14,24.237,25.3841,27.1474,27.5344,27.8527,28.1,28.1419,28.125,28.275,,,
2022-11-15,24.584,25.75,27.2881,27.6879,27.9556,28.2,28.25,28.2,28.375,,,
2022-11-16,25.0542,26.8509,27.3626,27.7,27.9732,28.0425,28.05,28.25,,,,
2022-11-17,24.7666,26.6705,27.2261,27.6044,27.856,27.9191,28.0,28.25,,,,
2022-11-18,24.515,26.5116,27.0,27.4309,27.75,27.8,27.9,28.175,,,,
2022-11-21,23.8139,25.9522,26.5086,26.9589,27.35,27.45,27.5955,27.925,28.05,,,
2022-11-22,22.9505,25.2737,25.8835,26.4,26.8204,26.95,27.15,27.525,27.7,,,
2022-11-23,22.4026,24.8493,25.5513,26.1,26.55,26.7004,26.9,27.275,27.225,,,
2022-11-25,22.4869,25.1004,25.8324,26.3245,26.7621,26.95,27.1,27.425,27.025,,,
2022-11-28,23.4033,25.8527,26.5048,26.958,27.3066,27.4006,27.5294,27.9,27.725,,,
2022-11-29,23.0397,25.4652,26.1606,26.7008,27.0952,27.1941,27.2985,27.6444,27.475,,,
2022-11-30,22.122,24.6671,25.5031,26.05,26.4991,26.6021,26.75,27.05,26.95,,,
2022-12-01,21.5747,24.3418,25.2495,25.8,26.25,26.3935,26.55,26.9,26.775,,,
2022-12-02,21.2041,23.878,24.8391,25.464,25.9672,26.1015,26.2875,26.6,26.5,,,
2022-12-05,21.6851,24.2994,25.2173,25.7989,26.2434,26.3468,26.4,26.725,26.6,,,
2022-12-06,22.4502,24.7988,25.4553,25.919,26.3492,26.4449,26.5,26.85,26.725,,,
2022-12-07,22.8621,25.1489,25.6914,26.0906,26.4691,26.5505,26.65,27.025,26.925,,,
2022-12-08,22.3978,24.6494,25.25,25.7,26.15,26.25,26.4,26.75,26.75,,,
2022-12-09,23.1016,25.0979,25.6216,26.05,26.4913,26.5931,26.69,27.05,26.95,,,
2022-12-12,23.1023,24.9368,25.3306,25.7,26.1473,26.25,26.375,26.8,26.75,,,
2022-12-13,21.6885,23.9474,24.6511,25.2148,25.7503,25.9684,26.1489,26.625,26.625,,,
2022-12-14,20.6262,23.2012,24.2683,24.9517,25.4888,25.6804,25.8656,26.4,26.4,,,
2022-12-15,22.3075,24.62,25.4344,25.9043,26.342,26.4071,26.5481,27.0,26.925,,,
2022-12-16,22.4507,24.681,25.6367,26.2505,26.6436,26.7,26.7714,27.2,27.1,,,
2022-12-19,22.147,24.0198,25.2001,25.9009,26.372,26.55,26.6956,27.1,27.025,,,
2022-12-20,21.4848,23.9359,24.9676,25.7922,26.2524,26.4782,26.55,26.9,26.85,,,
2022-12-21,23.0131,24.3394,25.15,25.7398,26.0511,26.1992,26.5992,26.525,,,,
2022-12-22,24.2555,25.301,25.9932,26.4667,26.65,26.743,27.1,27.05,,,,
2022-12-23,23.6302,24.8909,25.5835,26.0975,26.3469,26.4875,26.8786,26.8,,,,
2022-12-27,23.4524,24.8001,25.55,26.0455,26.3494,26.45,26.9,26.85,27.05,,,
2022-12-28,23.5481,24.7588,25.5394,26.0094,26.358,26.5047,26.9692,26.9,26.95,,,
2022-12-29,23.2091,24.4999,25.243,25.7996,26.1639,26.35,26.8,26.75,26.825,,,
2022-12-30,23.0981,24.5453,25.3505,25.8754,26.2,26.344,26.7871,26.7,26.925,,,
2023-01-03,23.0514,24.0825,24.85,25.3501,25.7102,25.9009,26.3496,26.35,26.5,,,
2023-01-04,22.401,23.3757,24.2427,24.7676,25.1977,25.4119,25.9476,25.925,26.075,,,
2023-01-05,22.6516,23.5365,24.3122,24.8493,25.2407,25.4303,25.95,25.925,26.075,,,
2023-01-06,22.1957,22.9488,23.6998,24.2499,24.6289,24.9,25.408,25.45,25.5,,,
2023-01-09,22.2669,23.0757,23.7141,24.2261,24.5999,24.8208,25.35,25.375,25.55,,,
2023-01-10,21.0949,22.1945,23.0155,23.6533,24.0236,24.2317,24.8,24.85,25.125,,,
2023-01-11,21.2004,22.3485,23.0948,23.6512,24.0259,24.25,24.8095,24.85,25.0,,,
2023-01-12,19.82,21.252,22.2997,23.05,23.5,23.8475,24.4,24.5,24.775,,,
2023-01-13,19.4988,20.7317,21.85,22.6009,23.0089,23.3493,23.9306,24.075,24.375,,,
2023-01-17,19.3155,20.9452,21.8203,22.5505,23.0235,23.4405,24.0636,24.2375,24.475,,,
2023-01-18,21.6874,22.5799,23.3032,23.6812,24.0011,24.5995,24.75,25.05,,,,
2023-01-19,21.7451,22.6023,23.2524,23.6013,23.9983,24.55,24.7,25.025,,,,
2023-01-20,21.086,22.032,22.7077,23.05,23.4495,24.0456,24.2025,24.55,,,,
2023-01-23,20.7548,21.8469,22.4876,22.7992,23.1518,23.7447,23.8992,24.275,24.225,,,
2023-01-24,19.9502,21.0023,21.7327,22.1314,22.5552,23.2013,23.3586,23.8,23.9,,,
2023-01-25,19.9583,21.0531,21.7574,22.1008,22.45,23.0537,23.1716,23.575,23.65,,,
2023-01-26,19.6703,20.8311,21.504,21.8581,22.2489,22.85,22.9031,23.3,23.25,,,
2023-01-27,19.3177,20.4616,21.1985,21.5505,21.9622,22.5297,22.68,23.075,23.1,,,
2023-01-30,20.0481,20.874,21.4465,21.7,22.05,22.5574,22.6816,23.125,23.175,,,
2023-01-31,19.5257,20.4806,21.0999,21.45,21.7889,22.398,22.4583,22.925,22.925,,,
2023-02-01,18.7506,19.9559,20.7011,21.103,21.5128,22.1316,22.3,22.725,22.825,,,
2023-02-02,19.2989,20.3479,21.0991,21.4375,21.8164,22.396,22.4909,22.825,22.9,,,
2023-02-03,19.3373,20.5476,21.3547,21.749,22.0617,22.6054,22.65,23.05,23.05,,,
2023-02-06,20.0124,20.95,21.605,21.8905,22.1789,22.7,22.7727,23.15,23.225,,,
2023-02-07,19.2146,20.3507,21.0528,21.5013,21.8701,22.45,22.5316,22.9,22.975,,,
2023-02-08,20.0524,21.1509,21.8583,22.1994,22.4244,22.95,22.996,23.325,23.35,,,
2023-02-09,20.8103,21.7857,22.3959,22.5861,22.8057,23.2988,23.3466,23.7,23.65,,,
2023-02-10,20.9304,22.0492,22.7503,23.04,23.1805,23.6402,23.6481,23.925,24.0,,,
2023-02-13,19.9144,21.2484,21.9474,22.2398,22.6159,23.0833,23.1522,23.45,23.575,,,
2023-02-14,18.6489,20.4267,21.3149,21.7511,22.1589,22.7008,22.7185,23.1,23.25,,,
2023-02-15,20.0523,21.1038,21.5989,21.9934,22.5237,22.5481,22.95,23.025,,,,
2023-02-16,21.1605,21.901,22.2007,22.4986,23.0505,23.0468,23.3967,23.4,,,,
2023-02-17,21.2482,21.9486,22.2497,22.5497,23.076,23.0556,23.45,23.5,,,,
2023-02-21,22.9011,23.2459,23.323,23.4162,23.8373,23.7608,24.1,24.1,24.1,,,
2023-02-22,22.2109,22.7161,22.8986,23.0623,23.5221,23.4595,23.8,23.825,23.825,,,
2023-02-23,21.3726,22.1509,22.4011,22.7034,23.1495,23.1028,23.45,23.5,23.45,,,
2023-02-24,22.1873,22.8954,23.0984,23.2586,23.7025,23.675,24.0,23.975,23.8,,,
2023-02-27,21.3317,22.25,22.5308,22.805,23.279,23.2457,23.5958,23.625,23.575,,,
2023-02-28,20.7757,21.7518,22.1505,22.5178,23.0164,23.002,23.379,23.475,23.35,,,
2023-03-01,21.0322,22.0497,22.4465,22.75,23.3,23.25,23.65,23.7,23.575,,,
2023-03-02,20.2009,21.2499,21.7384,22.1453,22.6891,22.7074,23.15,23.225,23.15,,,
2023-03-03,19.4984,20.7153,21.2934,21.7949,22.3581,22.4016,22.8,22.925,22.9,,,
2023-03-06,19.2202,20.3629,20.9234,21.3988,21.9953,22.0613,22.5116,22.6,22.575,,,
2023-03-07,19.7516,20.8009,21.3446,21.7092,22.3,22.3143,22.75,22.8,22.675,,,
2023-03-08,19.3052,20.4505,21.0013,21.5,22.0556,22.142,22.5728,22.65,22.55,,,
2023-03-09,21.7964,22.4264,22.5843,22.7315,23.1522,23.1462,23.5127,23.45,23.25,,,
2023-03-10,24.1808,24.7848,24.5034,24.3023,24.5514,24.3871,24.6278,24.45,24.175,,,
2023-03-13,25.3724,25.5333,25.1592,24.9612,25.165,24.8845,25.0026,24.8,24.575,,,
2023-03-14,23.7017,23.9083,24.0055,24.0946,24.3238,24.0888,24.25,24.2,24.05,,,
2023-03-15,25.8129,25.8726,25.5187,25.5061,25.7544,25.4574,25.585,25.4,25.15,,,
2023-03-16,23.0155,23.5506,23.8249,24.0992,24.439,24.204,24.4364,24.4,24.3,,,
2023-03-17,25.6342,26.1463,25.9501,25.8912,26.0408,25.7,25.787,25.675,25.475,,,
2023-03-20,24.1683,24.942,25.0627,25.2939,25.5988,25.4517,25.5529,25.525,25.35,,,
2023-03-21,21.5908,22.7699,23.3015,23.7942,24.2758,24.2195,24.4673,24.45,24.275,,,
2023-03-22,23.5,23.7107,24.0129,24.4028,24.3124,24.549,24.5348,24.4,,,,
2023-03-23,24.2236,24.4969,24.7095,25.0509,24.8983,25.0371,25.0,24.775,,,,
2023-03-24,23.2241,23.959,24.45,24.85,24.7161,24.85,24.845,24.6,,,,
2023-03-27,22.2674,23.0993,23.6522,24.1503,24.1175,24.3558,24.3808,24.125,24.025,,,
2023-03-28,21.6995,22.7125,23.402,23.9466,23.9915,24.2229,24.25,24.0,23.75,,,
2023-03-29,20.9309,22.1493,22.9826,23.5488,23.6,23.8594,23.8714,23.7,23.425,,,
2023-03-30,20.8277,22.1587,23.0,23.6487,23.7457,24.0067,24.05,23.875,23.6,,,
2023-03-31,20.7642,22.1285,22.9582,23.5941,23.699,23.9909,24.05,23.85,23.55,,,
2023-04-03,20.2095,21.5513,22.4993,23.15,23.3531,23.7471,23.7909,23.7,23.375,,,
2023-04-04,20.5997,21.9997,23.0324,23.7,23.8932,24.2893,24.35,24.225,23.85,,,
2023-04-05,20.4184,21.8447,22.9964,23.7114,23.9612,24.3739,24.475,24.35,23.975,,,
2023-04-06,19.9781,21.4985,22.7419,23.55,23.8082,24.286,24.4,24.3,23.95,,,
2023-04-10,19.804,21.2259,22.4439,23.1518,23.4528,23.9017,24.0881,24.0,23.7,,,
2023-04-11,19.7666,20.971,22.2428,23.0515,23.3989,23.8992,24.0967,24.0,23.75,,,
2023-04-12,19.9518,21.0517,22.25,23.0262,23.3,23.8175,24.025,23.975,23.7,,,
2023-04-13,18.7342,20.4359,21.7998,22.6998,23.0,23.4906,23.675,23.675,23.45,,,
2023-04-14,18.3523,20.09,21.6998,22.699,23.1,23.6981,23.9219,23.9,23.625,,,
2023-04-17,17.416,19.5767,21.1473,22.2023,22.6997,23.35,23.65,23.7,23.475,,,
2023-04-18,17.0513,19.4442,21.2036,22.35,22.8344,23.4982,23.733,23.8096,23.65,,,
2023-04-19,19.4007,21.3612,22.4901,22.9064,23.5536,23.8058,23.9,23.7,,,,
2023-04-20,19.8376,21.8001,22.8657,23.2567,23.8507,24.1314,24.1018,23.975,,,,
2023-04-21,19.4083,21.638,22.8025,23.2056,23.8871,24.1,24.15,23.975,,,,
2023-04-24,19.3262,21.5595,22.8384,23.2,23.8245,24.0972,24.15,24.0,25.0,,,
2023-04-25,21.0194,22.9737,23.9749,24.1974,24.6768,24.8583,24.9,24.75,25.2,,,
2023-04-26,20.4248,22.4992,23.559,23.8532,24.4018,24.5682,24.6227,24.45,24.975,,,
2023-04-27,19.4461,21.8142,23.1119,23.5998,24.18,24.35,24.4,24.25,24.875,,,
2023-04-28,18.4361,21.3015,22.8881,23.4596,24.1377,24.3,24.4,24.275,24.975,,,
2023-05-01,18.1693,20.8044,22.4023,23.053,23.799,24.043,24.15,24.05,24.775,,,
2023-05-02,19.3402,21.4668,22.9771,23.497,24.154,24.35,24.45,24.3,25.075,,,
2023-05-03,19.9541,21.9995,23.4,23.867,24.5,24.7009,24.7955,24.6,25.35,,,
2023-05-04,21.1905,22.9204,24.1321,24.4942,25.0,25.1505,25.2,24.975,25.725,,,
2023-05-05,19.2868,21.347,22.8077,23.4507,24.1921,24.4125,24.5031,24.35,25.175,,,
2023-05-08,19.0021,20.9454,22.5482,23.2469,24.0462,24.2995,24.4,24.25,25.15,,,
2023-05-09,19.4202,21.3303,22.8188,23.3529,24.0971,24.2727,24.3646,24.175,25.05,,,
2023-05-10,18.8504,20.7546,22.3,23.0052,23.7496,24.0,24.126,23.95,24.875,,,
2023-05-11,18.6032,20.5239,22.046,22.75,23.55,23.846,23.95,23.75,24.75,,,
2023-05-12,18.5431,20.5509,22.1503,22.8989,23.6998,23.9904,24.1,23.875,24.8,,,
2023-05-15,17.801,20.0649,21.6553,22.4984,23.3987,23.7547,23.95,23.725,24.775,,,
2023-05-16,18.282,20.6437,22.2547,23.0341,23.8204,24.1643,24.3141,24.15,25.1,,,
2023-05-17,19.9815,21.742,22.5355,23.385,23.7533,23.95,23.9172,24.825,,,,
2023-05-18,19.1473,20.9557,21.9492,22.9476,23.4933,23.7023,23.8004,24.725,,,,
2023-05-19,19.6485,21.4995,22.3934,23.3141,23.8494,24.1,24.11,24.925,,,,
2023-05-22,19.671,21.4467,22.3495,23.249,23.6523,23.8741,23.9308,24.775,24.85,,,
2023-05-23,20.0458,21.6473,22.364,23.2192,23.6931,23.8882,23.9229,24.825,25.0,,,
2023-05-24,20.9965,22.2087,22.7206,23.3834,23.7516,23.9423,24.0,24.9,25.075,,,
2023-05-25,20.4261,21.811,22.4014,23.1973,23.5888,23.761,23.8,24.7,24.85,,,
2023-05-26,19.5822,21.0499,21.7495,22.578,23.0239,23.2949,23.4,24.25,24.425,,,
2023-05-30,18.967,20.6501,21.5023,22.4002,22.8873,23.1827,23.3,24.1,24.275,,,
2023-05-31,18.8651,20.446,21.3004,22.2006,22.6783,22.9965,23.05,24.0,24.1,,,
2023-06-01,17.7047,19.393,20.35,21.3847,21.9464,22.2418,22.4,23.3645,23.525,,,
2023-06-02,16.9463,18.7589,19.7933,20.8548,21.4044,21.7457,21.85,22.8729,23.0,,,
2023-06-05,16.5014,18.3393,19.5462,20.65,21.2054,21.5987,21.7,22.675,22.875,,,
2023-06-06,15.4181,17.372,18.6143,19.8306,20.4693,20.8492,20.9762,22.0942,22.275,,,
2023-06-07,15.4509,17.4953,18.7998,19.9692,20.647,20.95,21.15,22.1,22.25,,,
2023-06-08,15.0127,17.0487,18.347,19.5489,20.1919,20.599,20.8,21.7625,22.1,,,
2023-06-09,15.2378,17.1289,18.3575,19.5,20.15,20.5122,20.7,21.7,21.9,,,
2023-06-12,15.5628,17.1041,18.3193,19.4521,20.1491,20.5039,20.75,21.725,21.95,,,
2023-06-13,15.3191,17.1144,18.2759,19.4069,20.0994,20.4613,20.725,21.675,21.975,,,
2023-06-14,14.778,16.6008,17.9541,19.1996,19.8507,20.2583,20.5429,21.5,21.775,,,
2023-06-15,15.103,17.0878,18.25,19.3663,20.0028,20.4492,20.7,21.65,21.875,,,
2023-06-16,14.3454,16.4772,17.8398,19.0387,19.6482,20.05,20.3,21.25,21.55,,,
2023-06-20,14.0254,16.5246,17.8991,19.1516,19.9213,20.3737,20.6227,21.6,21.8,,,
2023-06-21,16.179,17.5018,18.8955,19.6744,20.19,20.4676,21.5,21.725,,,,
2023-06-22,15.7789,17.3498,18.694,19.5147,20.0411,20.3569,21.45,21.65,,,,
2023-06-23,15.9547,17.569,18.8981,19.6497,20.1879,20.4833,21.5462,21.75,,,,
2023-06-26,15.9957,17.3156,18.6367,19.3864,19.9213,20.2146,21.25,21.5,21.6,,,
2023-06-27,15.5616,16.8875,18.1382,18.9136,19.4622,19.7777,20.85,21.1,21.325,,,
2023-06-28,14.9918,16.3695,17.635,18.4171,18.9824,19.2656,20.4,20.625,20.875,,,
2023-06-29,15.3281,16.692,17.9989,18.7015,19.2431,19.5446,20.6409,20.85,21.05,,,
2023-06-30,15.011,16.4003,17.6031,18.3489,18.85,19.15,20.2,20.475,20.825,,,
2023-07-03,14.8946,16.3515,17.5663,18.3001,18.8743,19.1511,20.3,20.55,20.8,,,
2023-07-05,15.2825,16.4596,17.5986,18.3032,18.8509,19.1733,20.3063,20.55,20.9,,,
2023-07-06,16.1652,17.2288,18.2209,18.8058,19.2813,19.5396,20.6194,20.825,21.175,,,
2023-07-07,15.8619,16.8278,17.9438,18.568,19.0007,19.2544,20.35,20.55,21.0,,,
2023-07-10,15.7747,16.6988,17.6561,18.2623,18.7102,18.9447,20.0354,20.25,20.65,,,
2023-07-11,15.5525,16.5759,17.6443,18.2499,18.6478,18.8297,19.9208,20.1,20.425,,,
2023-07-12,14.2934,15.7668,17.1007,17.7998,18.1999,18.4393,19.5177,19.75,20.05,,,
2023-07-13,14.1923,15.9364,17.1,17.7809,18.2028,18.45,19.6,19.85,20.125,,,
2023-07-14,13.8048,15.7526,17.042,17.6507,18.0986,18.3386,19.45,19.675,19.975,,,
2023-07-17,13.699,15.7475,17.0817,17.6492,18.105,18.4,19.4916,19.725,20.0,,,
2023-07-18,13.3001,15.5365,17.0424,17.6887,18.0952,18.4312,19.45,19.725,20.0,,,
2023-07-19,15.905,17.3468,17.9643,18.3505,18.6163,19.6961,19.99,20.2,,,,
2023-07-20,15.846,17.2747,17.9525,18.402,18.7466,19.75,20.0759,20.325,,,,
2023-07-21,15.611,17.0242,17.8,18.2505,18.55,19.5482,19.8729,20.15,,,,
2023-07-24,15.3804,16.6594,17.5007,18.0372,18.3422,19.35,19.7,19.95,20.225,,,
2023-07-25,15.3462,16.7516,17.5517,18.0412,18.2963,19.2949,19.6,19.8792,20.025,,,
2023-07-26,14.8878,16.3968,17.2358,17.7564,18.0674,19.0292,19.4417,19.7,19.975,,,
2023-07-27,15.6879,16.9633,17.7608,18.1504,18.4003,19.3791,19.7,20.025,20.3,,,
2023-07-28,14.9886,16.5351,17.3868,17.8723,18.1508,19.1086,19.4,19.7,19.65,,,
2023-07-31,14.8634,16.3393,17.2769,17.7893,18.0497,19.0333,19.3546,19.65,19.9,,,
2023-08-01,15.0724,16.5652,17.4991,17.958,18.2346,19.2492,19.55,19.95,20.1,,,
2023-08-02,16.7022,17.7566,18.3808,18.6964,18.8987,19.8492,20.1183,20.45,20.85,,,
2023-08-03,16.7483,17.6502,18.3004,18.5998,18.7525,19.7,20.0,20.3,20.6,,,
2023-08-04,17.5076,18.1354,18.7244,18.9659,19.0971,19.9671,20.2414,20.5,20.775,,,
2023-08-07,16.2943,17.4,18.1,18.4,18.55,19.45,19.7,20.0,20.3,,,
2023-08-08,16.4955,17.7233,18.4,18.7513,18.8718,19.8136,20.05,20.35,20.55,,,
2023-08-09,16.3469,17.5875,18.3106,18.6862,18.8539,19.828,20.05,20.375,20.65,,,
2023-08-10,16.0072,17.6997,18.3508,18.6997,18.8494,19.85,20.05,20.35,20.6,,,
2023-08-11,15.3536,17.0503,17.8153,18.2671,18.5278,19.495,19.7179,20.05,20.325,,,
2023-08-14,14.8456,16.7773,17.599,18.0094,18.3449,19.3564,19.6496,20.025,20.325,,,
2023-08-15,16.1726,17.696,18.3029,18.6718,18.9002,19.9414,20.1563,20.5,20.75,,,
2023-08-16,18.0118,18.5461,18.9,19.1099,20.1002,20.3329,20.7465,20.975,,,,
2023-08-17,18.8548,19.2015,19.3781,19.4809,20.4327,20.6118,21.0,21.3,,,,
2023-08-18,18.4487,18.925,19.232,19.3215,20.2739,20.5091,20.9423,21.1,,,,
2023-08-21,17.8493,18.5019,18.9488,19.1004,20.049,20.2444,20.5971,20.825,20.9,,,
2023-08-22,17.901,18.6903,19.05,19.2,20.1895,20.3351,20.7013,20.95,21.075,,,
2023-08-23,17.2933,18.1989,18.7301,18.9479,19.91,20.1247,20.55,20.825,20.925,,,
2023-08-24,18.0102,18.7774,19.1263,19.2506,20.2244,20.4092,20.7547,21.1,21.2,,,
2023-08-25,17.1776,18.0894,18.5791,18.7024,19.6618,19.9005,20.319,20.65,20.775,,,
2023-08-28,16.4326,17.5005,18.1496,18.3914,19.3937,19.6842,20.0529,20.475,20.625,,,
2023-08-29,15.9027,17.1967,17.8498,18.0956,19.0603,19.432,19.81,20.175,20.35,,,
2023-08-30,15.3029,16.7006,17.5005,17.8474,18.8522,19.2302,19.7,20.05,20.25,,,
2023-08-31,15.0438,16.3736,17.2256,17.5568,18.5559,19.017,19.45,19.875,20.125,,,
2023-09-01,14.7971,16.2094,17.101,17.5005,18.55,18.9621,19.4622,19.825,20.05,,,
2023-09-05,14.9927,16.1975,16.9984,17.3754,18.437,18.8508,19.3159,19.775,20.025,,,
2023-09-06,15.3467,16.4978,17.2496,17.6503,18.7,19.0847,19.55,19.95,20.15,,,
2023-09-07,15.3022,16.439,17.1502,17.5266,18.5132,18.8542,19.3487,19.75,20.025,,,
2023-09-08,14.9405,16.1484,16.976,17.35,18.3494,18.6419,19.101,19.5,19.825,,,
2023-09-11,14.5844,15.8099,16.6085,17.0011,18.0153,18.3516,18.8,19.175,19.45,,,
2023-09-12,14.6385,15.8595,16.7011,17.1065,18.098,18.4189,18.9,19.25,19.55,,,
2023-09-13,13.9985,15.665,16.6166,17.0239,17.9611,18.35,18.8412,19.15,19.425,,,
2023-09-14,13.3689,15.2378,16.1357,16.6338,17.646,18.0417,18.55,18.975,19.175,,,
2023-09-15,14.2528,15.7721,16.5274,17.0499,18.05,18.3609,18.8991,19.2,19.325,,,
2023-09-18,14.0971,15.6816,16.524,16.9971,17.9982,18.3621,18.8435,19.225,19.4,,,
2023-09-19,14.0519,15.5728,16.3998,16.8653,17.8491,18.1688,18.6,19.05,19.3,,,
2023-09-20,16.1696,16.8653,17.1619,18.1787,18.4705,18.8548,19.3233,19.5231,,,,
2023-09-21,17.4859,17.7975,17.8065,18.7003,18.9494,19.3,19.694,19.9,,,,
2023-09-22,17.4916,17.8893,17.9418,18.7711,18.9997,19.3055,19.7378,19.85,,,,
2023-09-25,17.4974,17.9872,18.025,18.8471,19.0497,19.3111,19.7231,19.85,19.075,,,
2023-09-26,19.1742,19.2555,19.0501,19.7753,19.8902,20.1248,20.4,20.475,20.55,,,
2023-09-27,18.3022,18.75,18.819,19.533,19.661,19.8598,20.1964,20.3,20.5,,,
2023-09-28,17.3515,18.0194,18.1998,18.9518,19.1488,19.4,19.75,19.95,20.25,,,
2023-09-29,17.7712,18.2463,18.3437,19.0997,19.3014,19.5981,19.8981,20.05,20.225,,,
2023-10-02,17.8507,18.238,18.3013,19.1012,19.2979,19.55,19.9,20.05,20.25,,,
2023-10-03,19.6564,19.7982,19.6354,20.3569,20.3833,20.5848,20.8064,20.9,21.05,,,
2023-10-04,18.5177,18.9066,19.0773,19.8887,20.05,20.2534,20.6,20.7,20.775,,,
2023-10-05,18.1998,18.7461,18.959,19.7946,19.95,20.1299,20.4,20.6,20.625,,,
2023-10-06,18.0342,18.4171,18.6551,19.5364,19.7128,19.9669,20.2616,20.3167,20.35,,,
2023-10-09,17.6467,18.2263,18.5486,19.5047,19.6893,19.9031,20.2231,20.3083,20.425,,,
2023-10-10,16.9878,17.6168,18.0387,18.9991,19.2567,19.615,19.9775,20.1,20.35,,,
2023-10-11,16.5021,17.3537,17.7551,18.7492,19.0475,19.4,19.7953,19.95,20.2,,,
2023-10-12,16.9479,17.7476,18.05,19.0499,19.35,19.7323,20.1,20.25,20.4,,,
2023-10-13,19.2567,19.9214,19.7407,20.498,20.6236,20.85,21.144,21.2,21.0,,,
2023-10-16,17.1597,17.978,18.4401,19.4412,19.745,20.1314,20.4112,20.55,20.75,,,
2023-10-17,17.8484,18.4362,18.7488,19.744,20.0392,20.3989,20.75,20.86,21.025,,,
2023-10-18,19.5967,19.6143,20.4353,20.6296,20.9578,21.25,21.3421,21.5,,,,
2023-10-19,20.5549,20.5479,21.3466,21.4,21.654,21.9046,21.9,22.0,,,,
2023-10-20,20.725,20.6987,21.4495,21.5508,21.8553,22.1,22.1883,22.275,,,,
2023-10-23,20.0003,20.0471,20.8155,20.9987,21.315,21.5988,21.6805,21.775,20.525,,,
2023-10-24,19.0875,19.2673,20.2036,20.4436,20.8,21.1036,21.25,21.35,21.675,,,
2023-10-25,20.3008,20.3601,21.1649,21.2528,21.5532,21.8861,21.9333,22.0,22.125,,,
2023-10-26,20.5375,20.4999,21.25,21.4001,21.6578,21.9856,22.0435,22.075,22.375,,,
2023-10-27,21.1865,21.2116,21.8457,21.7921,22.0314,22.2774,22.3217,22.325,22.525,,,
2023-10-30,19.5901,19.707,20.5969,20.7507,21.1,21.4,21.45,21.525,21.775,,,
2023-10-31,18.1268,18.6006,19.6993,20.001,20.4497,20.8022,20.9163,21.0,21.225,,,
2023-11-01,17.3005,17.8499,19.0145,19.386,19.8423,20.179,20.2643,20.45,20.675,,,
2023-11-02,16.5565,17.3431,18.5915,18.9959,19.4448,19.8149,19.932,19.975,20.2,,,
2023-11-03,16.1519,16.9746,18.22,18.6878,19.1247,19.5168,19.65,19.725,19.925,,,
2023-11-06,15.6461,16.3841,17.6491,18.1808,18.6894,19.0742,19.2255,19.35,19.7,,,
2023-11-07,15.5014,16.3245,17.5995,18.0501,18.569,18.931,19.15,19.225,19.575,,,
2023-11-08,15.1093,16.046,17.3033,17.76,18.264,18.65,18.9026,19.0,19.425,,,
2023-11-09,15.8874,16.6544,17.7785,18.259,18.7006,19.1117,19.3104,19.4,19.65,,,
2023-11-10,14.8991,15.997,17.2326,17.7479,18.2336,18.5904,18.7671,18.9,19.225,,,
2023-11-13,14.8035,15.8467,17.1331,17.7487,18.2499,18.5915,18.85,18.95,19.2,,,
2023-11-14,14.2701,15.7429,17.0925,17.7465,18.2485,18.6368,18.8522,18.95,19.2,,,
2023-11-15,15.3507,16.8307,17.4,17.9993,18.3802,18.65,18.825,19.15,,,,
2023-11-16,15.1459,16.6024,17.2467,17.7983,18.1744,18.4295,18.65,18.95,,,,
2023-11-17,14.9042,16.4004,17.0577,17.6514,18.0374,18.3242,18.5861,18.85,,,,
2023-11-20,14.776,16.3301,17.0039,17.5997,17.98,18.2549,18.55,18.85,20.225,,,
2023-11-21,14.4523,16.0213,16.6848,17.3169,17.7512,18.05,18.3581,18.65,18.975,,,
2023-11-22,14.5628,16.2486,16.8407,17.5001,17.9489,18.2,18.5106,18.825,19.05,,,
2023-11-24,13.8496,15.6449,16.35,17.05,17.5,17.7991,18.1,18.425,18.925,,,
2023-11-27,13.9533,15.7645,16.5087,17.159,17.6494,17.9,18.25,18.525,18.9,,,
2023-11-28,13.7842,15.5543,16.35,17.0,17.499,17.754,18.1,18.425,18.75,,,
2023-11-29,13.9997,15.8501,16.6536,17.2985,17.75,18.0462,18.35,18.675,18.975,,,
2023-11-30,13.7578,15.5681,16.4413,17.0682,17.6004,17.9071,18.2841,18.6,18.95,,,
2023-12-01,13.6982,15.5089,16.3133,16.9426,17.4579,17.7914,18.15,18.475,18.875,,,
2023-12-04,13.8006,15.549,16.4001,17.0943,17.6497,17.9833,18.35,18.625,18.95,,,
2023-12-05,13.663,15.417,16.3315,17.0492,17.6024,17.9,18.3,18.575,18.925,,,
2023-12-06,13.737,15.5667,16.3515,17.0546,17.6353,17.9832,18.3335,18.6,18.95,,,
2023-12-07,13.7485,15.5478,16.3479,17.0468,17.6,17.9339,18.3,18.575,18.925,,,
2023-12-08,13.3417,15.0638,15.9008,16.7125,17.2942,17.5987,17.9605,18.275,18.65,,,
2023-12-11,12.9471,14.7916,15.6672,16.4632,17.0371,17.348,17.75,18.025,18.35,,,
2023-12-12,12.4035,14.3962,15.3263,16.2408,16.7657,17.0777,17.44,17.725,18.05,,,
2023-12-13,12.1843,14.2146,15.1004,15.9564,16.5151,16.8136,17.25,17.525,17.9,,,
2023-12-14,12.3048,14.1515,14.9991,15.7502,16.3911,16.7048,17.1344,17.4,17.75,,,
2023-12-15,12.4649,14.6252,15.5499,16.2005,16.7598,17.0524,17.402,17.7,18.0,,,
2023-12-18,12.4176,14.6414,15.7465,16.4015,16.9076,17.2304,17.6,17.825,18.025,,,
2023-12-19,12.409,14.8894,16.0026,16.8408,17.3092,17.6114,18.0012,18.2,18.35,,,
2023-12-20,15.8061,16.8908,17.5288,17.9899,18.25,18.553,18.8436,18.91,,,,
2023-12-21,15.4414,16.5186,17.2423,17.7491,18.05,18.3397,18.65,18.775,,,,
2023-12-22,15.0372,16.296,17.0775,17.6056,17.95,18.25,18.5879,18.7,,,,
2023-12-26,14.6063,15.9198,16.8139,17.4363,17.7782,18.1,18.45,18.625,18.625,,,
2023-12-27,13.9935,15.3641,16.3028,16.9596,17.35,17.7,18.0714,18.25,18.625,,,
2023-12-28,13.9837,15.3042,16.2449,16.9323,17.3113,17.6693,18.05,18.225,18.575,,,
2023-12-29,14.0512,15.2954,16.2669,16.9511,17.3582,17.7362,18.1,18.275,18.65,,,
2024-01-02,14.1016,15.1958,16.1556,16.9256,17.3096,17.65,18.06,18.25,18.6,,,
2024-01-03,14.6997,15.6212,16.545,17.2375,17.5652,17.9034,18.25,18.45,18.875,,,
2024-01-04,14.6618,15.6042,16.4036,17.0503,17.4169,17.7715,18.1974,18.35,18.825,,,
2024-01-05,14.2034,15.0979,16.0509,16.7522,17.0558,17.4474,17.895,18.05,18.575,,,
2024-01-08,13.7975,14.7882,15.6506,16.3543,16.7437,17.1,17.6,17.8,18.325,,,
2024-01-09,13.4039,14.4285,15.4001,16.1637,16.5188,16.9189,17.4066,17.6,17.975,,,
2024-01-10,13.3453,14.2977,15.2506,15.98,16.35,16.725,17.3,17.425,17.825,,,
2024-01-11,13.0512,14.2522,15.3629,16.0936,16.4442,16.795,17.3032,17.55,17.875,,,
2024-01-12,13.1811,14.4647,15.4504,16.1801,16.5414,16.85,17.4,17.575,17.825,,,
2024-01-16,13.9544,14.9876,15.9719,16.649,16.9994,17.3045,17.8204,18.0,18.275,,,
2024-01-17,15.5187,16.3519,16.9048,17.196,17.4548,17.9,18.1009,18.4,,,,
2024-01-18,15.0037,15.9966,16.5506,16.8506,17.1797,17.6102,17.8505,18.125,,,,
2024-01-19,14.6052,15.6997,16.2553,16.5964,16.8977,17.3006,17.55,17.825,,,,
2024-01-22,14.0804,15.1727,15.8963,16.2495,16.5953,17.0355,17.3,17.575,19.0,,,
2024-01-23,13.7002,14.7723,15.5508,15.9702,16.3161,16.7706,17.0321,17.4,19.95,,,
2024-01-24,14.038,15.1205,15.8001,16.1927,16.4984,16.947,17.1542,17.45,20.35,,,
2024-01-25,14.2261,15.309,15.9492,16.25,16.6018,17.0879,17.2964,17.525,20.8,,,
2024-01-26,14.1173,15.1767,15.8604,16.2044,16.5738,16.9901,17.2257,17.45,20.65,,,
2024-01-29,14.2508,15.2503,15.9002,16.2493,16.5321,16.951,17.1766,17.4,20.45,,,
2024-01-30,13.9929,15.0432,15.8008,16.1571,16.5753,17.0275,17.3,17.5,20.5,,,
2024-01-31,14.8735,15.6748,16.427,16.698,17.0484,17.4829,17.6887,17.9,20.65,,,
2024-02-01,14.6977,15.5533,16.2685,16.5651,16.8994,17.3006,17.5659,17.775,20.575,,,
2024-02-02,14.5473,15.5485,16.2973,16.6477,16.95,17.3762,17.6,17.825,20.7,,,
2024-02-05,13.9557,15.0004,15.8998,16.3504,16.6821,17.1011,17.3603,17.6,20.5,,,
2024-02-06,13.5521,14.6468,15.5514,16.084,16.4506,16.9498,17.2333,17.475,20.35,,,
2024-02-07,13.3847,14.6441,15.5501,16.0502,16.4483,16.9506,17.3,17.55,20.325,,,
2024-02-08,13.3452,14.5328,15.368,15.9002,16.3836,16.9058,17.1969,17.55,20.375,,,
2024-02-09,13.3705,14.6955,15.5454,16.0511,16.4973,17.0449,17.35,17.65,20.35,,,
2024-02-12,13.8034,14.9534,15.8987,16.4437,16.8388,17.3009,17.65,17.9,20.5,,,
2024-02-13,15.7525,16.0148,16.6594,17.0777,17.3499,17.7,17.9475,18.2,20.925,,,
2024-02-14,15.1396,16.0462,16.6396,17.0149,17.4882,17.7608,18.1475,20.675,,,,
2024-02-15,15.0189,15.9688,16.5774,16.9976,17.4802,17.75,18.15,20.825,,,,
2024-02-16,14.9515,15.8956,16.4489,16.8545,17.394,17.6933,18.0857,20.7,,,,
2024-02-20,15.5273,16.2898,16.7021,17.0744,17.5992,17.85,18.3,20.875,20.625,,,
2024-02-21,15.3494,16.0978,16.5074,16.8518,17.3063,17.5977,17.9935,20.525,20.125,,,
2024-02-22,15.0348,15.9232,16.5018,16.8555,17.3184,17.6107,18.0207,20.5,19.5,,,
2024-02-23,14.4301,15.4033,16.05,16.4997,17.0708,17.35,17.786,20.3,19.1,,,
2024-02-26,14.2522,15.2524,15.9427,16.3985,16.95,17.2,17.65,20.225,18.85,,,
2024-02-27,13.9981,15.0229,15.6924,16.1982,16.7806,17.0534,17.5222,20.175,18.775,,,
2024-02-28,14.2232,15.2325,15.85,16.3504,16.9704,17.3067,17.8,20.45,18.925,,,
2024-02-29,14.0088,15.0507,15.7007,16.1965,16.8,17.1984,17.6944,20.4,18.8,,,
2024-03-01,14.0481,15.0964,15.75,16.2484,16.8722,17.2,17.7381,20.4,18.85,,,
2024-03-04,14.0297,15.051,15.75,16.3005,17.0027,17.4444,17.9,20.6,19.0,,,
2024-03-05,14.703,15.6063,16.2481,16.75,17.3819,17.7491,18.15,20.825,19.175,,,
2024-03-06,14.7897,15.6097,16.2493,16.7416,17.3453,17.6547,18.15,20.725,19.275,,,
2024-03-07,14.6174,15.6174,16.3263,16.8,17.3929,17.7949,18.1963,20.8,19.3,,,
2024-03-08,15.0773,15.9453,16.5,16.9768,17.6278,17.9402,18.4027,20.975,19.45,,,
2024-03-11,14.8956,15.8192,16.4625,16.991,17.5997,17.9483,18.4093,21.0,19.5,,,
2024-03-12,13.9606,15.1004,15.9509,16.5708,17.3,17.7592,18.25,20.8,19.325,,,
2024-03-13,13.7973,15.0363,15.896,16.5363,17.2724,17.7441,18.2826,20.775,19.3,,,
2024-03-14,14.342,15.4042,16.1991,16.8239,17.573,18.0,18.5242,21.075,19.525,,,
2024-03-15,14.5984,15.6778,16.5005,17.05,17.75,18.2,18.6567,21.15,19.65,,,
2024-03-18,14.3579,15.3308,16.2035,16.8047,17.5002,17.9667,18.461,20.975,19.45,,,
2024-03-19,13.9448,14.9214,15.8416,16.5473,17.2962,17.7444,18.2055,20.725,19.3,,,
2024-03-20,14.5645,15.5459,16.2474,16.9731,17.4784,17.9541,20.5427,19.05,,,,
2024-03-21,14.4567,15.5371,16.2688,17.0507,17.55,18.0313,20.5893,19.125,,,,
2024-03-22,14.4814,15.5795,16.3387,17.1,17.5998,18.0776,20.6,19.2,,,,
2024-03-25,14.4005,15.4969,16.2504,17.0491,17.6,18.0828,20.65,19.3,19.95,,,
2024-03-26,14.3463,15.3954,16.1025,16.8667,17.4496,17.9095,20.5,19.15,19.275,,,
2024-03-27,14.0661,15.1988,15.9958,16.751,17.35,17.808,20.4423,19.1,19.15,,,
2024-03-28,14.3687,15.4185,16.1485,16.9181,17.5,18.0098,20.6,19.2,19.0,,,
2024-04-01,14.5022,15.4306,16.1472,16.9033,17.5,17.9964,20.6,19.175,19.025,,,
2024-04-02,14.9996,15.7777,16.4432,17.1511,17.6993,18.15,20.75,19.25,19.075,,,
2024-04-03,14.9446,15.644,16.2985,17.0482,17.5999,18.0815,20.7235,19.175,19.05,,,
2024-04-04,15.8308,16.2118,16.7871,17.4391,17.9499,18.3984,21.006,19.4,19.175,,,
2024-04-05,16.0774,16.5142,16.9529,17.6036,18.0999,18.4965,21.2,19.475,19.175,,,
2024-04-08,15.347,15.9546,16.4595,17.1689,17.7001,18.1596,20.8888,19.225,19.0,,,
2024-04-09,15.0753,15.8977,16.5,17.1587,17.6969,18.1348,20.95,19.2,19.0,,,
2024-04-10,15.3171,16.1527,16.6657,17.3896,17.85,18.35,21.0722,19.3,19.15,,,
2024-04-11,15.0239,15.8992,16.5026,17.2502,17.7802,18.25,21.1,19.25,19.0,,,
2024-04-12,17.0882,17.1165,17.5258,18.0994,18.4477,18.75,21.4113,19.475,19.25,,,
2024-04-15,18.4081,18.0133,18.2376,18.6336,18.8485,19.1365,21.8256,19.7917,19.425,,,
2024-04-16,18.2475,17.4557,17.6624,18.1448,18.4026,18.6633,21.3,19.275,18.975,,,
2024-04-17,17.2093,17.5233,18.0257,18.3,18.6313,21.0966,19.0986,18.825,,,,
2024-04-18,17.3829,17.6459,18.0348,18.3,18.6464,21.1911,19.1807,18.8,,,,
2024-04-19,17.8354,17.9513,18.2934,18.4681,18.7,21.2511,19.3469,18.9,,,,
2024-04-22,16.4697,16.8052,17.3221,17.5977,17.9338,20.4308,18.6,18.25,19.25,,,
2024-04-23,15.7943,16.2121,16.8497,17.25,17.6496,20.1552,18.4295,18.125,18.7,,,
2024-04-24,15.6252,16.0272,16.6502,17.1001,17.5891,20.0828,18.4,18.1,18.55,,,
2024-04-25,16.0018,16.2415,16.7007,17.0974,17.5538,20.0002,18.3122,18.05,18.9,,,
2024-04-26,15.3964,15.9111,16.5501,17.0439,17.5023,20.0016,18.4,18.2,18.775,,,
2024-04-29,15.1678,15.6545,16.2552,16.7073,17.2017,19.749,18.05,17.925,18.725,,,
2024-04-30,15.6634,15.952,16.5,16.9,17.3484,19.868,18.2,18.0,18.7,,,
2024-05-01,15.7081,16.0814,16.6934,17.1499,17.6002,20.1,18.45,18.15,18.8,,,
2024-05-02,15.1632,15.6452,16.2902,16.7,17.1958,19.6455,18.05,17.85,18.625,,,
2024-05-03,14.5915,15.1674,15.8859,16.4438,16.94,19.3996,17.775,17.575,18.25,,,
2024-05-06,14.1983,14.7946,15.4874,16.0147,16.5998,19.0024,17.55,17.4,18.1,,,
2024-05-07,14.0973,14.7108,15.4423,15.9924,16.5949,19.0,17.55,17.4,17.95,,,
2024-05-08,13.9112,14.6128,15.3451,15.902,16.4669,18.9472,17.55,17.375,17.975,,,
2024-05-09,13.8112,14.5709,15.2505,15.8005,16.35,18.798,17.5,17.3,17.85,,,
2024-05-10,13.5511,14.3785,15.1269,15.6798,16.2,18.648,17.5,17.3,17.85,,,
2024-05-13,13.8191,14.5261,15.2023,15.7482,16.211,18.6503,17.5,17.375,17.95,,,
2024-05-14,13.5162,14.2591,14.9502,15.5143,16.0436,18.3598,17.3,17.15,17.7,,,
2024-05-15,12.879,13.7759,14.5448,15.1692,15.7458,18.0495,16.9,16.875,17.375,,,
2024-05-16,12.8347,13.7394,14.5954,15.1545,15.7428,18.0048,16.9569,16.9,17.45,,,
2024-05-17,12.6503,13.6146,14.3519,14.9726,15.5626,17.7996,16.85,16.75,17.35,,,
2024-05-20,12.5725,13.6021,14.4472,15.0423,15.5477,17.8219,16.8377,16.75,17.3,,,
2024-05-21,12.1979,13.3887,14.2993,14.9519,15.4492,17.7439,16.7301,16.7,17.325,,,
2024-05-22,13.6649,14.514,15.1602,15.6,17.9102,16.8039,16.937,17.45,,,,
2024-05-23,13.8561,14.6702,15.2923,15.7015,18.0,17.0462,17.1,17.65,,,,
2024-05-24,13.4272,14.3147,14.9017,15.4017,17.7621,16.7629,16.9025,17.55,,,,
2024-05-28,13.7256,14.5635,15.1755,15.6498,17.9105,16.9675,17.0162,17.625,17.975,,,
2024-05-29,14.3394,14.9519,15.45,15.8939,18.1023,17.12,17.1821,17.775,18.2,,,
2024-05-30,14.2928,14.903,15.3932,15.8,18.05,17.0,17.0125,17.675,18.05,,,
2024-05-31,13.7896,14.5813,15.1017,15.6,17.8362,16.8401,16.9407,17.525,17.975,,,
2024-06-03,13.6535,14.5124,15.1131,15.65,17.899,16.9,16.95,17.525,17.925,,,
2024-06-04,13.7165,14.5892,15.152,15.7012,18.0,16.9973,17.05,17.65,18.025,,,
2024-06-05,13.3525,14.3946,15.0108,15.5689,17.9,17.0,17.0,17.65,17.95,,,
2024-06-06,13.2562,14.3165,15.0728,15.6504,18.0,17.1999,17.1228,17.725,18.05,,,
2024-06-07,13.0098,14.2232,14.95,15.5563,17.9498,17.1953,17.1,17.7,17.95,,,
2024-06-10,13.0295,14.2355,14.956,15.5988,17.8739,17.082,17.05,17.65,17.975,,,
2024-06-11,12.9694,14.2445,14.9059,15.5579,17.9,17.0641,17.05,17.65,18.0,,,
2024-06-12,12.5556,13.9677,14.7765,15.4633,17.939,17.1565,17.1,17.725,18.025,,,
2024-06-13,12.4105,13.9653,14.8487,15.5663,17.9986,17.2498,17.15,17.8,18.15,,,
2024-06-14,12.9549,14.4134,15.2531,15.9165,18.2537,17.3684,17.3599,17.9563,18.275,,,
2024-06-17,12.8015,14.3193,15.205,15.9138,18.2887,17.3537,17.3,17.9,18.15,,,
2024-06-18,14.2961,15.2964,16.0063,18.3503,17.4898,17.4,18.025,18.25,,,,
2024-06-20,14.7681,15.6549,16.4494,18.8413,17.9942,17.8607,18.5583,18.825,,,,
2024-06-21,14.4458,15.3433,16.1491,18.5466,17.6,17.5886,18.2087,18.475,,,,
2024-06-24,14.3967,15.2751,16.0899,18.4474,17.4511,17.4619,18.05,18.425,18.925,,,
2024-06-25,14.077,14.9865,15.8488,18.2478,17.4,17.3008,17.9583,18.3,18.65,,,
2024-06-26,13.9083,14.8901,15.7874,18.1553,17.396,17.3925,18.05,18.375,18.675,,,
2024-06-27,13.7587,14.818,15.6585,18.0683,17.2455,17.2292,17.9,18.2,18.425,,,
2024-06-28,14.0228,14.9402,15.8077,18.1775,17.325,17.3006,17.95,18.275,18.525,,,
2024-07-01,13.4175,14.4308,15.3579,17.7177,16.9981,16.9225,17.612,17.975,18.25,,,
2024-07-02,13.206,14.296,15.2401,17.6556,16.9496,16.829,17.475,17.775,18.1,,,
2024-07-03,13.2699,14.3482,15.3,17.704,17.15,17.0,17.7,18.0,18.325,,,
2024-07-05,13.3033,14.3738,15.3046,17.7007,17.204,17.0444,17.7,18.05,18.35,,,
2024-07-08,13.082,14.1818,15.1109,17.501,17.1,16.95,17.55,17.975,18.25,,,
2024-07-09,12.9957,14.2194,15.2239,17.596,17.15,16.9009,17.7611,18.05,18.4,,,
2024-07-10,12.9335,14.1545,15.1596,17.5033,16.9456,16.7214,17.55,17.95,18.25,,,
2024-07-11,13.1184,14.1965,15.2505,17.648,17.1826,16.95,17.7193,18.125,18.45,,,
2024-07-12,12.8311,14.0232,15.0497,17.45,17.068,16.8319,17.5603,17.9,18.225,,,
2024-07-15,13.1369,14.219,15.3007,17.6476,17.3493,17.0575,17.75,17.975,18.35,,,
2024-07-16,13.1593,14.3356,15.3944,17.5344,17.2995,17.0478,17.7038,18.15,18.375,,,
2024-07-17,14.808,15.7843,17.75,17.4791,17.2989,17.99,18.3897,18.625,,,,
2024-07-18,15.2934,16.0481,17.9992,17.6026,17.4487,18.15,18.4,18.7,,,,
2024-07-19,15.9169,16.5074,18.2982,17.8074,17.5251,18.2075,18.475,18.7,,,,
2024-07-22,15.0439,15.7971,17.766,17.4441,17.2003,17.9035,18.2534,18.55,19.0,,,
2024-07-23,14.9323,15.6963,17.7134,17.4629,17.3,17.95,18.2071,18.5,18.85,,,
2024-07-24,17.072,17.4566,19.0999,18.4485,18.0204,18.6165,18.8472,18.975,19.2,,,
2024-07-25,17.1444,17.5661,19.2564,18.4857,18.1373,18.6973,18.9,19.05,19.25,,,
2024-07-26,16.1771,16.718,18.6494,18.0386,17.75,18.35,18.55,18.7,18.925,,,
2024-07-29,15.9722,16.3991,18.2977,17.6552,17.394,18.0067,18.35,18.5,18.775,,,
2024-07-30,16.4855,16.8294,18.6005,17.9172,17.6,18.2,18.45,18.625,18.75,,,
2024-07-31,15.9994,16.4934,18.3482,17.7019,17.3994,17.95,18.2333,18.375,18.525,,,
2024-08-01,17.4669,17.8469,19.3891,18.4267,18.0438,18.6065,18.8872,18.95,19.25,,,
2024-08-02,21.8527,21.9844,22.2385,20.3808,19.6834,20.0395,20.2398,20.36,20.55,,,
2024-08-05,32.0986,30.3911,27.3048,22.9263,22.3161,23.0012,23.2785,23.601,24.0,,,
2024-08-06,25.7702,24.8657,25.2723,22.2332,21.0049,21.2586,21.6304,21.6691,22.05,,,
2024-08-07,25.0766,23.5773,24.0721,21.6744,20.8577,21.1782,21.2333,21.3,21.475,,,
2024-08-08,22.6885,21.7279,22.8351,20.7343,19.8032,20.194,20.33,20.45,20.675,,,
2024-08-09,19.4971,18.8533,20.5067,19.1152,18.6698,19.1171,19.3377,19.5313,19.75,,,
2024-08-12,19.4647,18.8303,20.3484,19.083,18.554,19.1254,19.3911,19.5,19.65,,,
2024-08-13,17.5452,17.4046,19.1501,18.0924,17.6858,18.1467,18.4119,18.55,18.775,,,
2024-08-14,16.2453,16.2629,18.2503,17.4984,17.2556,17.8363,18.0015,18.225,18.425,,,
2024-08-15,15.3485,15.7452,17.9479,17.397,17.1743,17.7137,18.0471,18.2,18.45,,,
2024-08-16,15.2799,15.6896,18.0251,17.5287,17.2885,17.8321,18.1693,18.3,18.5,,,
2024-08-19,14.7848,15.3728,17.9142,17.4539,17.3485,17.8826,18.2383,18.4,18.575,,,
2024-08-20,15.8801,16.0407,18.2647,17.8498,17.6921,18.25,18.5704,18.75,18.925,,,
2024-08-21,16.228,18.4791,17.8956,17.7,18.2177,18.45,18.6952,18.85,,,,
2024-08-22,17.0095,19.0438,18.25,17.95,18.5,18.7373,18.8895,19.1,,,,
2024-08-23,15.9286,18.0591,17.6462,17.5,18.101,18.375,18.65,18.825,,,,
2024-08-26,15.947,17.9583,17.55,17.3805,17.9461,18.1968,18.35,18.55,18.55,,,
2024-08-27,15.5794,17.6572,17.3498,17.2426,17.8015,18.15,18.2158,18.45,18.45,,,
2024-08-28,16.5703,18.3952,17.75,17.5,18.05,18.3,18.4,18.625,18.85,,,
2024-08-29,15.9351,17.8579,17.5064,17.3845,18.0506,18.3,18.5367,18.65,18.925,,,
2024-08-30,15.411,17.4021,17.1741,17.1761,17.8503,18.2107,18.4125,18.5,18.7,,,
2024-09-03,19.1208,20.1829,19.1553,18.6716,19.1309,19.3427,19.4236,19.4438,19.55,,,
2024-09-04,19.5445,20.5578,19.6,19.219,19.6142,19.7615,19.85,19.85,19.95,,,
2024-09-05,18.7523,19.6891,18.9995,18.6073,19.05,19.25,19.4,19.5,19.625,,,
2024-09-06,20.4643,20.9192,19.9933,19.5009,19.9281,20.0966,20.2016,20.25,20.325,,,
2024-09-09,18.7253,19.7187,19.3475,18.9989,19.4866,19.644,19.7467,19.7817,19.925,,,
2024-09-10,18.2864,19.3349,19.0151,18.6579,19.0993,19.2219,19.355,19.4417,19.675,,,
2024-09-11,17.2328,18.6085,18.4266,18.2002,18.6218,18.773,18.8321,18.95,19.125,,,
2024-09-12,16.9479,18.5068,18.2979,18.0901,18.545,18.725,18.875,18.9499,19.125,,,
2024-09-13,16.703,18.4866,18.2991,18.1037,18.5947,18.75,18.9365,19.0038,19.175,,,
2024-09-16,17.0904,18.6622,18.3984,18.202,18.6514,18.8494,19.05,19.061,19.225,,,
2024-09-17,17.8331,19.032,18.6999,18.4,18.75,18.8799,18.9758,19.0624,19.175,,,
2024-09-18,18.7393,18.4054,18.1747,18.5929,18.6955,18.7849,18.9816,19.1175,,,,
2024-09-19,18.0222,17.7952,17.6007,18.0413,18.208,18.35,18.4829,18.5859,,,,
2024-09-20,17.9542,17.7076,17.6485,18.175,18.45,18.6355,18.7757,18.8817,,,,
2024-09-23,18.0066,17.7088,17.6945,18.2458,18.525,18.7197,18.875,18.976,18.976,,,
2024-09-24,18.0531,17.6609,17.592,18.15,18.463,18.6,18.7535,18.8866,19.275,,,
2024-09-25,18.3144,17.9062,17.7521,18.325,18.5991,18.8,18.9156,19.0424,19.3,,,
2024-09-26,18.2977,17.844,17.725,18.3125,18.5986,18.75,18.8346,18.959,19.25,,,
2024-09-27,19.2552,18.5204,18.3007,18.8006,19.0997,19.225,19.2753,19.375,19.55,,,
2024-09-30,18.8425,18.0975,17.9934,18.5507,18.8505,18.975,19.0885,19.1997,19.375,,,
2024-10-01,20.4666,19.2892,18.8521,19.2505,19.4748,19.55,19.6507,19.7253,19.825,,,
2024-10-02,20.1015,19.1061,18.7997,19.2026,19.4439,19.5226,19.6238,19.677,19.9,,,
2024-10-03,21.0732,19.9132,19.4109,19.6626,19.7857,19.8284,19.9559,20.0268,20.25,,,
2024-10-04,20.2031,19.1629,18.8002,19.1521,19.3383,19.4074,19.4982,19.5515,19.6836,,,
2024-10-07,22.5656,20.6485,19.9411,20.1784,20.2717,20.25,20.224,20.1539,20.35,,,
2024-10-08,21.4558,19.894,19.3118,19.6,19.7,19.6878,19.675,19.7,19.975,,,
2024-10-09,20.8987,19.3484,18.9498,19.28,19.3518,19.3771,19.35,19.3916,19.525,,,
2024-10-10,21.3948,19.5553,19.0487,19.3256,19.3957,19.39,19.3763,19.3902,19.425,,,
2024-10-11,21.1276,19.3402,18.8998,19.1481,19.2112,19.2493,19.2447,19.2949,19.3803,,,
2024-10-14,20.2002,18.6485,18.2999,18.6993,18.7427,18.76,18.7514,18.8279,18.9684,,,
2024-10-15,20.9675,19.305,18.583,18.8781,18.8773,18.8795,18.8808,18.9447,19.0,,,
2024-10-16,19.0531,18.4942,18.7436,18.7461,18.8,18.8014,18.8319,18.8618,,,,
2024-10-17,18.7641,18.3153,18.613,18.6692,18.7812,18.825,18.875,18.875,,,,
2024-10-18,18.3002,17.9419,18.2535,18.3,18.447,18.525,18.625,18.7091,,,,
2024-10-21,18.3564,17.9371,18.204,18.2,18.325,18.45,18.5555,18.65,18.65,,,
2024-10-22,18.2834,17.844,18.1955,18.1201,18.2558,18.352,18.5,18.6,20.15,,,
2024-10-23,19.274,18.6272,18.8207,18.7004,18.7579,18.825,18.925,19.0,20.65,,,
2024-10-24,18.9021,18.3654,18.603,18.5905,18.6772,18.75,18.8332,18.95,19.175,,,
2024-10-25,19.8968,19.0437,19.1476,19.0395,19.0997,19.0925,19.1914,19.2467,19.5,,,
2024-10-28,18.7978,18.2452,18.4984,18.5059,18.55,18.5868,18.7316,18.7913,18.975,,,
2024-10-29,18.7575,18.1953,18.4409,18.4815,18.55,18.5909,18.713,18.8111,19.1,,,
2024-10-30,19.3182,18.5536,18.7931,18.7486,18.8133,18.8803,19.021,19.0969,19.4,,,
2024-10-31,20.9579,19.7307,19.742,19.633,19.6403,19.5958,19.6368,19.6959,19.275,,,
2024-11-01,20.488,19.4768,19.6835,19.5857,19.6001,19.5837,19.5803,19.6751,19.875,,,
2024-11-04,19.5077,18.7211,19.1067,19.2484,19.25,19.2,19.2701,19.2862,19.45,,,
2024-11-05,18.3442,17.8957,18.351,18.5604,18.625,18.675,18.7272,18.8,19.05,,,
2024-11-06,16.246,16.2785,17.1499,17.6488,17.9492,18.071,18.2458,18.3673,18.65,,,
2024-11-07,15.6411,15.8303,16.7637,17.3117,17.6479,17.8124,17.975,18.1296,18.375,,,
2024-11-08,15.4969,15.7606,16.633,17.1343,17.475,17.7,17.9,18.075,18.325,,,
2024-11-11,15.4861,15.7216,16.544,17.0498,17.3789,17.575,17.7462,17.8896,18.125,,,
2024-11-12,15.2572,15.7362,16.556,17.1037,17.485,17.725,17.975,18.075,18.325,,,
2024-11-13,14.544,15.4598,16.4727,17.008,17.425,17.7457,17.9866,18.075,18.325,,,
2024-11-14,14.64,15.4412,16.4933,17.0525,17.495,17.7281,18.0265,18.1765,18.4,,,
2024-11-15,16.3884,16.3703,17.103,17.5401,17.8256,18.0314,18.2235,18.4158,18.625,,,
2024-11-18,15.6117,15.8517,16.6804,17.1169,17.4465,17.6883,17.9,18.086,18.225,,,
2024-11-19,16.4181,16.4057,17.0007,17.3817,17.6206,17.7937,17.9424,18.1032,18.3,,,
2024-11-20,16.9522,17.409,17.6208,17.7503,17.9706,18.1713,18.3275,18.55,,,,
2024-11-21,16.7716,17.2813,17.5076,17.6589,17.8,17.9398,18.1567,18.4408,,,,
2024-11-22,16.0654,16.8433,17.2,17.4395,17.5952,17.8642,18.0695,18.3,,,,
2024-11-25,15.4492,16.4269,16.8861,17.1334,17.3448,17.6,17.7763,17.9982,17.9982,,,
2024-11-26,15.2541,16.3418,16.8001,17.05,17.2969,17.5899,17.7708,18.0,18.25,,,
2024-11-27,15.169,16.2576,16.8,17.1,17.3459,17.6491,17.825,18.1,18.375,,,
2024-11-29,14.8517,16.0529,16.6009,16.9509,17.2521,17.5406,17.7361,18.007,18.175,,,
2024-12-02,14.7128,16.0326,16.6047,16.951,17.3059,17.7,17.9106,18.1606,18.2932,,,
2024-12-03,14.5309,15.937,16.538,16.9246,17.3033,17.6345,17.8749,18.1751,18.3721,,,
2024-12-04,14.6572,16.0881,16.6758,17.1257,17.5,17.8703,18.075,18.3273,18.525,,,
2024-12-05,14.6032,16.201,16.9685,17.4064,17.8,18.1488,18.359,18.625,18.725,,,
2024-12-06,14.2855,15.9521,16.7499,17.2002,17.6,17.9492,18.2016,18.4928,18.621,,,
2024-12-09,14.7355,16.2983,17.0511,17.4485,17.7957,18.1493,18.375,18.675,18.8,,,
2024-12-10,14.6523,16.2662,17.0028,17.4826,17.7952,18.1359,18.4,18.6396,18.75,,,
2024-12-11,14.2842,16.1838,17.0346,17.4792,17.8216,18.1611,18.5,18.725,18.85,,,
2024-12-12,14.4062,16.2991,17.1553,17.5294,17.9005,18.246,18.5583,18.7923,18.95,,,
2024-12-13,14.519,16.2782,17.125,17.553,17.9474,18.2993,18.575,18.839,19.05,,,
2024-12-16,14.6997,16.6091,17.4592,17.8536,18.1963,18.4965,18.7411,19.0282,19.1884,,,
2024-12-17,15.7483,16.9531,17.6666,18.0051,18.2998,18.4996,18.7185,19.0108,19.15,,,
2024-12-18,19.762,19.6754,19.5909,19.5479,19.5754,19.6783,19.8963,20.0066,,,,
2024-12-19,21.7113,21.0178,20.7517,20.5019,20.3585,20.3508,20.5189,20.5143,,,,
2024-12-20,18.2606,18.5862,18.7525,18.8148,18.95,19.05,19.3761,19.572,,,,
2024-12-23,17.0257,17.56,17.8243,18.0335,18.2294,18.3013,18.6047,18.7493,18.7493,,,
2024-12-24,15.9878,16.8502,17.25,17.4978,17.7716,17.9009,18.225,18.375,18.825,,,
2024-12-26,16.0329,16.9782,17.4181,17.6809,17.9928,18.0721,18.3626,18.5018,18.95,,,
2024-12-27,16.9415,17.5586,17.9587,18.155,18.4019,18.5087,18.7587,18.8,19.175,,,
2024-12-30,17.3868,17.7923,18.1382,18.3619,18.55,18.6727,18.951,19.0113,19.2,,,
2024-12-31,17.5177,17.8708,18.1593,18.3,18.5081,18.625,18.9216,18.975,19.325,,,
2025-01-02,17.9098,18.2685,18.4427,18.525,18.6922,18.8,19.0846,19.1393,19.4,,,
2025-01-03,16.6858,17.4356,17.8148,18.0453,18.2987,18.4215,18.7258,18.7722,19.025,,,
2025-01-06,16.5686,17.3787,17.7502,17.95,18.105,18.1995,18.4611,18.5238,18.775,,,
2025-01-07,17.8805,18.2637,18.4775,18.541,18.6452,18.6969,18.9685,19.0,19.2,,,
2025-01-08,17.7197,18.1515,18.4481,18.5943,18.721,18.8034,18.9833,19.0934,19.2937,,,
2025-01-09,17.9667,18.325,18.5918,18.725,18.825,18.875,19.075,19.15,19.725,,,
2025-01-10,19.0119,19.2947,19.4491,19.4822,19.4984,19.4807,19.6248,19.55,19.65,,,
2025-01-13,18.5959,18.9083,19.263,19.3986,19.45,19.45,19.6865,19.5746,19.75,,,
2025-01-14,18.2081,18.5544,18.9479,19.15,19.2002,19.175,19.4095,19.3791,19.5,,,
2025-01-15,16.101,17.063,17.8007,18.2011,18.5002,18.6,18.8972,18.9124,19.0842,,,
2025-01-16,16.189,17.0997,17.7546,18.1258,18.3915,18.458,18.7501,18.7843,19.025,,,
2025-01-17,16.1792,17.2382,17.8351,18.1962,18.4005,18.5484,18.825,18.8,19.1,,,
2025-01-21,15.2423,16.5367,17.3917,17.8871,18.1997,18.3043,18.6751,18.7735,18.95,,,
2025-01-22,16.7432,17.5879,17.9972,18.25,18.4,18.7016,18.7251,18.9396,,,,
2025-01-23,16.4733,17.3441,17.8168,18.0658,18.2624,18.5538,18.625,18.85,,,,
2025-01-24,16.382,17.2994,17.801,18.1,18.2996,18.55,18.625,18.85,,,,
2025-01-27,17.6133,18.0353,18.3638,18.5458,18.6511,18.9432,18.9729,19.125,19.125,,,
2025-01-28,16.939,17.4803,17.8474,18.1012,18.275,18.4995,18.529,18.7791,18.7791,,,
2025-01-29,16.8431,17.4988,17.8529,18.1508,18.25,18.55,18.6319,18.822,19.05,,,
2025-01-30,16.7092,17.5228,17.9113,18.2,18.3986,18.7058,18.7611,18.9439,19.125,,,
2025-01-31,17.3586,17.986,18.3192,18.5735,18.718,19.05,19.0934,19.2,19.3,,,
2025-02-03,17.9108,18.1335,18.4336,18.5657,18.7344,19.0272,19.0228,19.1905,19.375,,,
2025-02-04,17.2011,17.7673,18.1028,18.3596,18.4508,18.7093,18.7919,18.9596,19.2,,,
2025-02-05,16.7703,17.491,17.8786,18.1534,18.3592,18.6463,18.6912,18.8985,19.1033,,,
2025-02-06,16.5795,17.4335,17.9424,18.2266,18.456,18.763,18.775,18.9272,19.15,,,
2025-02-07,17.3458,17.9512,18.3455,18.5979,18.7958,19.0997,19.125,19.275,19.475,,,
2025-02-10,16.7021,17.5244,18.003,18.3432,18.5469,18.8542,18.9568,19.1396,19.325,,,
2025-02-11,16.7694,17.5614,18.0557,18.3663,18.6,18.9511,19.0264,19.2306,19.45,,,
2025-02-12,16.8012,17.4799,18.0242,18.3503,18.597,18.925,19.0212,19.2162,19.525,,,
2025-02-13,16.1349,17.2427,17.844,18.2424,18.5,18.85,19.0,19.2,19.45,,,
2025-02-14,16.0117,17.1818,17.8457,18.2528,18.5898,19.0208,19.175,19.3813,19.6,,,
2025-02-18,15.6602,17.1256,17.8928,18.3509,18.6468,19.0233,19.1757,19.3946,19.6,,,
2025-02-19,16.9066,17.8409,18.3013,18.625,19.05,19.1897,19.4568,19.6566,,,,
2025-02-20,17.0326,17.8579,18.3969,18.675,19.0767,19.239,19.4509,19.6396,,,,
2025-02-21,18.3007,18.699,19.0482,19.2722,19.6297,19.6768,19.925,20.1257,,,,
2025-02-24,18.4302,18.7684,19.0317,19.2111,19.5714,19.6764,19.9156,20.0793,20.0793,,,
2025-02-25,18.4836,18.7907,19.0401,19.1997,19.5313,19.5924,19.8297,19.9983,20.125,,,
2025-02-26,18.1337,18.6034,18.8525,19.0654,19.449,19.5309,19.775,19.9949,19.9949,,,
2025-02-27,19.3063,19.4276,19.5011,19.6,19.8828,19.9289,20.125,20.2713,20.35,,,
2025-02-28,18.8291,19.0461,19.1514,19.2665,19.6167,19.71,19.9181,19.985,20.025,,,
2025-03-03,20.6577,20.4435,20.2732,20.2539,20.4908,20.4776,20.6008,20.5841,20.575,,,
2025-03-04,21.2409,20.7993,20.4857,20.3531,20.5595,20.4551,20.525,20.425,20.35,,,
2025-03-05,20.1269,19.9017,19.8546,19.9178,20.2182,20.2193,20.3215,20.3011,20.25,,,
2025-03-06,22.8281,21.7923,21.2813,21.0459,21.1759,21.1116,21.1034,20.9846,21.0,,,
2025-03-07,21.6254,20.7863,20.5057,20.3179,20.4622,20.4782,20.6541,20.6652,20.675,,,
2025-03-10,24.9344,22.7978,21.9784,21.5779,21.5506,21.466,21.4913,21.4038,21.25,,,
2025-03-11,24.6115,22.7661,21.7434,21.3482,21.3569,21.2757,21.416,21.4233,21.375,,,
2025-03-12,23.0749,21.7139,21.158,20.852,20.9,20.7976,20.9237,20.9201,20.95,,,
2025-03-13,24.4101,22.6331,21.8389,21.3918,21.3501,21.2008,21.3212,21.361,21.425,,,
2025-03-14,21.5211,20.6804,20.5129,20.3716,20.477,20.4142,20.467,20.5187,20.65,,,
2025-03-17,20.8352,19.9169,19.9374,20.0499,20.2284,20.2188,20.2814,20.3938,20.475,,,
2025-03-18,20.4806,20.3031,20.2462,20.3993,20.3639,20.4429,20.5489,20.5627,,,,
2025-03-19,19.7513,19.7468,19.7765,20.0075,20.05,20.1839,20.2853,20.276,,,,
2025-03-20,19.4005,19.4706,19.5507,19.85,19.9005,20.0508,20.1332,20.0996,,,,
2025-03-21,19.4179,19.4739,19.475,19.725,19.8,19.975,20.075,20.05,,,,
2025-03-24,18.0635,18.4989,18.6628,19.0011,19.1007,19.2522,19.3506,19.3897,19.3897,,,
2025-03-25,18.2072,18.6554,18.8513,19.2068,19.275,19.4847,19.575,19.5951,19.6,,,
2025-03-26,18.8445,19.1501,19.3009,19.6042,19.7116,19.8777,19.9445,19.9722,20.0,,,
2025-03-27,18.9763,19.1588,19.299,19.5999,19.6741,19.85,19.925,19.9387,20.0,,,
2025-03-28,20.9817,20.5492,20.4481,20.5654,20.5436,20.6241,20.625,20.575,20.55,,,
2025-03-31,20.8435,20.4872,20.39,20.6017,20.5492,20.6426,20.6331,20.55,20.5,,,
2025-04-01,20.8794,20.5138,20.4,20.603,20.6005,20.6965,20.75,20.6478,20.5964,,,
2025-04-02,20.1562,20.0227,19.9779,20.2121,20.2518,20.4013,20.525,20.5,20.45,,,
2025-04-03,26.3753,24.1926,23.4513,23.1737,22.7038,22.5018,22.2704,21.9216,21.65,,,
2025-04-04,32.4976,28.5193,26.3894,25.223,24.2251,23.7579,23.3147,22.825,22.475,,,
2025-04-07,33.1708,28.1411,26.0662,24.7871,23.579,23.1904,22.8936,22.555,22.125,,,
2025-04-08,39.1728,31.4333,27.9068,26.1705,24.6739,23.9505,23.4973,23.1957,22.375,,,
2025-04-09,28.6489,25.1944,23.8268,23.0388,21.9906,21.6203,21.3193,21.15,21.0,,,
2025-04-10,35.8622,29.871,27.5694,26.2681,24.8043,23.8603,23.0747,22.6864,22.65,,,
2025-04-11,34.6376,28.8917,27.137,26.0575,24.7642,24.2144,23.65,23.2753,22.95,,,
2025-04-14,29.8594,25.6983,25.0608,24.6117,23.7632,23.4036,23.0078,22.8186,22.625,,,
2025-04-15,29.9025,25.4674,24.7099,24.2518,23.6199,23.4776,23.2161,23.0047,22.8,,,
2025-04-16,27.6258,26.318,25.6292,24.7236,24.3337,23.8899,23.5569,23.05,,,,
2025-04-17,26.7284,25.7621,25.2956,24.4628,24.0616,23.7314,23.383,23.0577,,,,
2025-04-21,28.4469,27.0167,26.2928,25.4703,25.0378,24.5721,24.1491,23.6844,23.6844,,,
2025-04-22,26.5397,25.7021,25.3022,24.6164,24.2362,23.825,23.4254,23.0016,23.05,,,
2025-04-23,25.4379,24.8708,24.6601,24.1003,23.8601,23.4612,23.1261,22.8146,22.8146,,,
2025-04-24,24.5677,24.0525,23.9505,23.4981,23.2562,23.0,22.6535,22.2553,22.35,,,
2025-04-25,23.4981,23.2525,23.2498,22.9311,22.7972,22.5106,22.2297,21.8655,21.75,,,
2025-04-28,23.682,23.3132,23.3008,23.0221,22.9307,22.673,22.3806,22.0315,21.975,,,
2025-04-29,23.3847,23.1101,23.1002,22.9144,22.8634,22.7036,22.4202,22.0435,22.025,,,
2025-04-30,24.0109,23.5652,23.3634,23.1285,23.0746,22.95,22.7,22.2918,22.3,,,
2025-05-01,23.5699,23.261,23.1,22.875,22.85,22.8,22.6194,22.2458,22.2706,,,
2025-05-02,22.4818,22.4001,22.3277,22.1815,22.25,22.2132,22.1595,21.8338,22.025,,,
2025-05-05,23.1838,22.8084,22.6546,22.4467,22.45,22.4233,22.325,22.0396,22.15,,,
2025-05-06,24.1076,23.5229,23.2265,22.9304,22.85,22.725,22.65,22.3249,22.525,,,
2025-05-07,23.3234,22.9534,22.7994,22.5837,22.5732,22.501,22.4416,22.1004,22.425,,,
2025-05-08,22.2923,22.229,22.3054,22.2029,22.2325,22.1544,22.0687,21.8099,22.1,,,
2025-05-09,22.0058,22.092,22.149,22.0502,22.0503,21.9624,21.8187,21.5644,21.85,,,
2025-05-12,18.571,19.4058,19.997,20.2463,20.4007,20.455,20.3515,20.25,20.6,,,
2025-05-13,18.4379,19.2945,19.7837,20.1009,20.3683,20.5279,20.4866,20.3184,20.65,,,
2025-05-14,18.7805,19.744,20.125,20.3,20.55,20.6282,20.6247,20.4443,20.75,,,
2025-05-15,18.2334,19.4628,19.9795,20.2,20.4026,20.55,20.5246,20.3625,20.725,,,
2025-05-16,17.9271,19.4121,20.0455,20.2867,20.558,20.7,20.675,20.525,20.925,,,
2025-05-19,18.2044,19.6515,20.248,20.5326,20.7867,20.8592,20.8695,20.7262,21.325,,,
2025-05-20,18.0043,19.4966,20.2001,20.5439,20.775,20.9067,20.8973,20.7832,21.15,,,
2025-05-21,20.7904,21.3693,21.5437,21.6498,21.7,21.6008,21.4142,21.7,,,,
2025-05-22,20.6395,21.2388,21.4516,21.5937,21.6484,21.5418,21.4384,21.7597,,,,
2025-05-23,22.0425,22.2839,22.2016,22.1977,22.1006,21.938,21.7785,22.05,,,,
2025-05-27,19.7008,20.522,20.825,21.125,21.225,21.175,21.0908,21.45,21.625,,,
2025-05-28,19.92,20.7911,21.1,21.375,21.4927,21.425,21.2946,21.5967,21.725,,,
2025-05-29,19.9594,20.8552,21.2012,21.4994,21.6003,21.55,21.4063,21.7067,21.75,,,
2025-05-30,20.0219,21.0379,21.3719,21.6301,21.7046,21.6717,21.5627,21.8633,21.875,,,
2025-06-02,19.7059,20.8963,21.3041,21.5518,21.6543,21.5838,21.45,21.75,21.925,,,
2025-06-03,19.204,20.574,21.0704,21.3969,21.544,21.475,21.3421,21.6265,21.65,,,
2025-06-04,19.1474,20.498,21.0958,21.427,21.6434,21.5517,21.425,21.7153,21.7745,,,
2025-06-05,19.5782,20.8932,21.4009,21.7479,21.8765,21.8333,21.6619,21.945,22.0,,,
2025-06-06,18.5314,20.1545,20.85,21.2991,21.5038,21.5,21.4,21.7,21.75,,,
2025-06-09,18.3048,20.0001,20.8002,21.2498,21.5,21.5,21.35,21.6782,21.725,,,
2025-06-10,18.1408,19.971,20.779,21.273,21.475,21.4904,21.325,21.625,21.675,,,
2025-06-11,18.3462,20.0947,20.8992,21.3921,21.6045,21.6,21.451,21.7711,21.85,,,
2025-06-12,18.7455,20.2997,21.1003,21.5012,21.7046,21.6878,21.5263,21.8883,22.0,,,
2025-06-13,21.2716,21.8201,22.1421,22.2977,22.3364,22.2971,22.0254,22.3631,22.475,,,
2025-06-16,19.1942,20.2816,20.9801,21.4256,21.6493,21.7155,21.5944,21.9907,22.075,,,
2025-06-17,20.9935,21.4052,21.7476,22.0164,22.1246,22.0947,21.8956,22.2463,22.375,,,
2025-06-18,20.8053,21.4621,21.7515,21.8994,21.8755,21.725,22.1991,22.2396,,,,
2025-06-20,21.1254,21.6516,21.9545,22.0492,22.0367,21.9009,22.4295,22.625,,,,
2025-06-23,20.7581,21.499,21.8,21.9051,21.95,21.775,22.3083,22.4911,22.4911,,,
2025-06-24,19.2484,20.446,20.9495,21.25,21.3525,21.275,21.9512,22.1503,22.35,,,
2025-06-25,19.0176,20.2389,20.8,21.125,21.275,21.175,21.865,22.025,22.2,,,
2025-06-26,18.9112,20.1218,20.6837,21.0009,21.188,21.0818,21.775,21.975,22.15,,,
2025-06-27,18.8523,20.1951,20.7425,21.05,21.225,21.1942,21.8996,22.075,22.275,,,
2025-06-30,18.7125,20.0976,20.7012,21.107,21.3,21.2635,21.975,22.15,22.375,,,
2025-07-01,18.6524,20.1918,20.7988,21.1988,21.375,21.3281,22.0992,22.2615,22.4217,,,
2025-07-02,18.5591,20.1827,20.7933,21.1492,21.325,21.3163,22.075,22.225,22.375,,,
2025-07-03,18.3205,20.0767,20.7521,21.1484,21.3004,21.275,22.075,22.225,22.4,,,
2025-07-07,18.729,20.2403,20.9478,21.2764,21.4009,21.375,22.175,22.35,22.5009,,,
2025-07-08,18.0173,19.8183,20.675,21.0967,21.275,21.225,22.025,22.175,22.275,,,
2025-07-09,17.0818,19.2593,20.425,20.9447,21.0991,21.0976,21.9205,22.05,22.15,,,
2025-07-10,16.8712,19.1121,20.3494,20.8516,21.05,21.05,21.825,22.0102,22.125,,,
2025-07-11,17.1231,19.1936,20.4012,20.95,21.1838,21.1509,21.9246,22.0746,22.15,,,
2025-07-14,17.3381,19.4824,20.7014,21.1922,21.3496,21.3004,22.0351,22.145,22.25,,,
2025-07-15,16.9855,19.3911,20.6957,21.225,21.3989,21.325,22.075,22.1822,22.225,,,
2025-07-16,19.5255,20.9535,21.4448,21.5473,21.4992,22.2465,22.425,22.55,,,,
2025-07-17,19.4451,20.9494,21.525,21.675,21.6474,22.3021,22.525,22.65,,,,
2025-07-18,19.141,20.8192,21.45,21.575,21.5569,22.2032,22.425,22.55,,,,
2025-07-21,19.0016,20.6923,21.3998,21.5,21.5406,22.153,22.3636,22.5,22.5,,,
2025-07-22,18.8975,20.705,21.45,21.575,21.6014,22.2277,22.4291,22.575,22.575,,,
2025-07-23,18.0956,20.0524,20.8492,21.0497,21.15,21.85,22.0759,22.2,22.725,,,
2025-07-24,18.0782,19.8785,20.7135,20.925,21.0448,21.7,21.925,22.05,22.05,,,
2025-07-25,17.8844,19.7887,20.6398,20.875,21.0,21.675,21.925,22.05,22.2,,,
2025-07-28,17.3948,19.3055,20.319,20.6513,20.8,21.5,21.6845,21.775,21.95,,,
2025-07-29,17.8434,19.7103,20.725,21.0472,21.1553,21.8991,22.099,22.2499,22.375,,,
2025-07-30,17.9038,19.7879,20.7988,21.1474,21.2281,21.95,22.15,22.2396,22.2519,,,
2025-07-31,17.9566,19.8708,20.8652,21.2383,21.35,22.025,22.1767,22.25,22.3,,,
2025-08-01,19.8518,21.1103,21.7544,21.8711,21.7622,22.3005,22.35,22.3473,22.2672,,,
2025-08-04,18.1045,19.9853,21.025,21.35,21.4324,22.05,22.175,22.25,22.275,,,
2025-08-05,18.3111,20.1609,21.1007,21.425,21.5,22.125,22.275,22.3,22.325,,,
2025-08-06,17.6048,19.5688,20.675,21.125,21.2391,21.9142,22.075,22.1046,22.225,,,
2025-08-07,17.7978,19.7075,20.7501,21.2403,21.3153,22.05,22.25,22.2606,23.35,,,
2025-08-08,16.868,19.1604,20.4393,21.025,21.2118,21.9046,22.125,22.225,22.4,,,
2025-08-11,16.9014,19.2976,20.5468,21.05,21.2506,21.9553,22.225,22.25,22.325,,,
2025-08-12,15.8937,18.5508,20.05,20.7008,20.9993,21.7127,21.9751,22.075,22.175,,,
2025-08-13,15.6455,18.4996,20.0588,20.7982,21.0115,21.8432,22.1167,22.1709,22.225,,,
2025-08-14,15.7256,18.5444,20.152,20.851,21.055,21.825,22.1206,22.15,22.275,,,
2025-08-15,15.7742,18.4744,20.1601,20.9712,21.2289,21.9745,22.325,22.3748,22.475,,,
2025-08-18,15.3206,18.009,19.825,20.7001,20.9955,21.8083,22.05,22.1667,22.4,,,
2025-08-19,15.5738,18.3931,20.0798,20.85,21.098,21.9004,22.125,22.225,22.325,,,
2025-08-20,18.3008,20.1469,20.8919,21.125,21.95,22.1936,22.3217,22.4,,,,
2025-08-21,18.6088,20.3754,21.0989,21.2194,22.011,22.2979,22.4096,22.4481,,,,
2025-08-22,16.9975,19.0513,19.9989,20.25,21.1022,21.4,21.5667,21.675,,,,
2025-08-25,17.0172,19.1565,20.1498,20.4086,21.2964,21.5792,21.7204,21.7557,21.1,,,
2025-08-26,16.8867,19.0898,20.071,20.3513,21.2993,21.625,21.85,21.9271,22.05,,,
2025-08-27,16.9045,19.1748,20.175,20.475,21.3601,21.7747,21.975,22.05,22.175,,,
2025-08-28,16.6525,19.0363,20.0254,20.3437,21.3,21.65,21.8351,21.9378,22.1,,,
2025-08-29,17.149,19.3442,20.2136,20.5023,21.452,21.829,22.025,22.1423,22.2,,,
2025-09-02,17.7246,19.8497,20.6492,20.8488,21.7422,22.1493,22.2766,22.3313,22.3031,,,
2025-09-03,17.1889,19.4266,20.375,20.675,21.6,21.96,22.125,22.1918,22.25,,,
2025-09-04,16.5962,18.8515,19.8513,20.2998,21.2787,21.6628,21.7939,21.8766,21.925,,,
2025-09-05,16.7106,18.8991,19.9815,20.3452,21.3504,21.7266,21.875,21.9148,21.9025,,,
2025-09-08,16.3618,18.5378,19.6851,20.0956,21.0989,21.5508,21.725,21.7765,21.85,,,
2025-09-09,16.2916,18.4396,19.6445,20.0471,21.0082,21.425,21.625,21.6742,21.725,,,
2025-09-10,16.1314,18.3931,19.6434,20.075,21.0494,21.475,21.625,21.6755,21.7,,,
2025-09-11,15.6473,17.995,19.3016,19.775,20.792,21.225,21.375,21.475,21.55,,,
2025-09-12,15.5928,17.9471,19.2956,19.8021,20.85,21.2522,21.4,21.5192,21.55,,,
2025-09-15,15.7566,18.1366,19.3718,19.8901,20.9364,21.325,21.4592,21.5313,21.575,,,
2025-09-16,16.1034,18.4512,19.648,20.1956,21.1997,21.5764,21.6451,21.7182,21.725,,,
2025-09-17,17.7786,19.2488,19.8121,20.8434,21.2581,21.3741,21.475,21.55,,,,
2025-09-18,17.677,19.25,19.875,20.875,21.275,21.375,21.5104,21.5396,,,,
2025-09-19,17.7179,19.2825,19.8995,20.85,21.2535,21.35,21.5,21.5,,,,
2025-09-22,18.0476,19.534,20.0659,21.025,21.4449,21.525,21.625,21.623,21.623,,,
2025-09-23,18.34,19.708,20.225,21.125,21.5818,21.625,21.725,21.725,21.875,,,
2025-09-24,18.0413,19.5247,20.0542,20.9883,21.4475,21.55,21.65,21.675,21.825,,,
2025-09-25,18.3333,19.7125,20.197,21.089,21.5002,21.622,21.7258,21.75,21.775,,,
2025-09-26,17.4931,19.0568,19.6556,20.6004,21.075,21.204,21.3805,21.4251,21.55,,,
2025-09-29,17.7466,19.2967,19.8489,20.7076,21.1997,21.275,21.4605,21.4878,21.575,,,
2025-09-30,17.588,19.2492,19.8,20.6885,21.1186,21.2321,21.45,21.4732,21.5,,,
2025-10-01,17.5014,19.1491,19.7464,20.625,21.075,21.1987,21.375,21.375,21.45,,,
2025-10-02,17.842,19.3483,19.8938,20.7481,21.1986,21.325,21.475,21.4855,21.45,,,
2025-10-03,17.7273,19.2466,19.8409,20.7078,21.19,21.3031,21.5,21.4824,21.5,,,
2025-10-06,17.602,19.1017,19.7494,20.6869,21.1472,21.303,21.4444,21.45,21.55,,,
2025-10-07,18.1013,19.491,20.0483,20.9001,21.3494,21.45,21.5732,21.575,21.625,,,
2025-10-08,17.6497,19.2059,19.8988,20.8488,21.3433,21.4974,21.6377,21.657,21.65,,,
2025-10-09,17.7004,19.2535,19.9001,20.8323,21.348,21.4783,21.675,21.675,21.7,,,
2025-10-10,21.0095,21.2344,21.1622,21.7221,21.9832,22.105,22.1764,22.2181,22.25,,,
2025-10-13,19.0245,19.6943,20.1593,21.0103,21.4,21.49,21.6838,21.725,21.75,,,
2025-10-14,20.2857,20.4843,20.7336,21.4438,21.7826,21.8498,21.9364,21.9341,21.925,,,
2025-10-15,20.7228,20.6812,20.8985,21.5508,21.8019,21.8488,21.9568,21.9417,22.0,,,
2025-10-16,24.0259,22.4142,22.0072,22.4458,22.498,22.4038,22.4386,22.4277,22.35,,,
2025-10-17,20.9137,20.7096,20.8498,21.5525,21.7565,21.8026,21.9,21.9185,21.9,,,
2025-10-20,18.4487,19.1805,19.7957,20.7632,21.1579,21.381,21.625,21.6662,21.85,,,
2025-10-21,18.018,19.0436,19.7923,20.9398,21.4017,21.62,21.8,21.875,21.925,,,
2025-10-22,19.3039,19.8626,20.9497,21.4448,21.6477,21.85,21.8784,21.9499,,,,
2025-10-23,18.9203,19.6218,20.7524,21.2528,21.5117,21.7646,21.825,21.8449,,,,
2025-10-24,18.6373,19.3431,20.4891,21.0442,21.3261,21.575,21.7003,21.7284,,,,
2025-10-27,18.0336,18.9361,20.1669,20.7958,21.1449,21.425,21.575,21.624,21.624,,,
2025-10-28,18.5732,19.4043,20.4785,21.0507,21.3881,21.675,21.775,21.825,21.675,,,
2025-10-29,18.9367,19.6877,20.7089,21.2,21.5053,21.8,21.925,21.975,21.975,,,
2025-10-30,19.108,19.9203,20.9412,21.4,21.6785,21.9455,22.0742,22.114,22.075,,,
2025-10-31,19.1308,19.9632,21.052,21.55,21.8088,22.0876,22.2067,22.2943,22.4,,,
2025-11-03,18.938,19.8978,21.1104,21.6476,21.9499,22.2,22.4,22.4504,22.6074,,,
2025-11-04,19.7605,20.5025,21.5511,22.0476,22.3023,22.575,22.6735,22.725,22.825,,,
2025-11-05,18.9114,19.7592,20.9254,21.5399,21.8004,22.051,22.225,22.3,22.425,,,
2025-11-06,20.053,20.3851,21.3694,21.797,22.0727,22.3764,22.5319,22.65,22.7757,,,
2025-11-07,19.8557,20.2058,21.2131,21.7142,21.9289,22.175,22.325,22.425,22.675,,,
2025-11-10,18.5012,19.2457,20.6011,21.3321,21.6997,22.0193,22.1399,22.285,22.5878,,,
2025-11-11,18.3268,19.2449,20.6576,21.4016,21.7913,22.1551,22.3244,22.3859,22.5574,,,
2025-11-12,18.3384,19.3997,20.7987,21.4824,21.8529,22.225,22.45,22.5,22.675,,,
2025-11-13,20.4452,20.5383,21.6545,22.2674,22.453,22.75,22.9495,22.9774,23.1,,,
2025-11-14,20.0738,20.1248,21.3,21.8839,22.153,22.5386,22.6258,22.7604,22.875,,,
2025-11-17,22.0493,21.1688,22.0412,22.4459,22.508,22.7504,22.85,22.9,23.075,,,
2025-11-18,23.9669,21.7706,22.4531,22.7919,22.7687,22.91,22.9595,23.0143,23.125,,,
2025-11-19,21.2323,22.1568,22.5745,22.6562,22.8912,22.9225,22.925,23.0478,,,,
2025-11-20,22.867,23.2206,23.3359,23.2497,23.3929,23.3229,23.3089,23.4164,,,,
2025-11-21,21.5533,22.4099,22.8563,22.995,23.1253,23.2,23.1751,23.2921,,,,
2025-11-24,19.8948,21.1013,21.8075,22.1486,22.4511,22.5473,22.5254,22.7,22.7,,,
2025-11-25,19.3179,20.5594,21.3917,21.7869,22.1491,22.2529,22.3271,22.4474,22.425,,,
2025-11-26,18.7431,20.1608,21.0724,21.5011,21.9978,22.1679,22.325,22.475,22.5,,,
2025-11-28,18.2687,19.867,20.8383,21.2931,21.7498,22.0,22.125,22.3487,22.475,,,
2025-12-01,18.3442,19.8539,20.7988,21.2461,21.6758,21.85,21.9977,22.1249,22.275,,,
2025-12-02,17.9472,19.5901,20.5527,21.075,21.525,21.702,21.825,22.025,22.1271,,,
2025-12-03,17.7946,19.5796,20.5495,21.005,21.475,21.675,21.775,22.0,22.125,,,
2025-12-04,17.5422,19.4156,20.3593,20.8879,21.3607,21.5861,21.7319,21.9842,22.225,,,
2025-12-05,17.2631,19.2329,20.1526,20.6916,21.2456,21.4784,21.675,21.8825,22.0054,,,
2025-12-08,17.6046,19.4845,20.3466,20.7924,21.3093,21.6,21.775,22.025,22.175,,,
2025-12-09,17.609,19.4999,20.367,20.7861,21.259,21.575,21.7574,22.0,22.125,,,
2025-12-10,16.6644,18.8164,19.9001,20.392,20.9038,21.2391,21.425,21.7,21.825,,,
2025-12-11,16.2564,18.5716,19.7988,20.3348,20.8519,21.175,21.375,21.625,21.85,,,
2025-12-12,16.5715,18.5508,19.7794,20.3253,20.893,21.2394,21.4322,21.65,21.8,,,
2025-12-15,16.5036,18.5302,19.8416,20.3945,20.9408,21.275,21.475,21.725,21.9,,,
2025-12-16,16.3399,18.5123,19.7973,20.3579,20.875,21.1824,21.3846,21.625,21.75,,,
2025-12-17,18.8033,20.0573,20.5525,21.0512,21.3345,21.5311,21.8227,21.9624,,,,
2025-12-18,18.1867,19.6653,20.2515,20.7414,21.075,21.275,21.6024,21.7412,,,,
2025-12-19,17.4453,19.1272,19.7044,20.275,20.6065,20.825,21.225,21.4,,,,
2025-12-22,16.8537,18.6258,19.4216,20.0185,20.3968,20.625,21.075,21.1,21.1,,,
2025-12-23,16.9364,18.7306,19.475,20.075,20.4526,20.6997,21.075,21.15,21.175,,,
2025-12-24,16.8532,18.8012,19.5737,20.1446,20.5049,20.725,21.0763,21.0995,21.0995,,,
2025-12-26,16.8173,18.8394,19.625,20.275,20.6496,20.825,21.2656,21.475,21.825,,,
2025-12-29,16.6251,18.5604,19.6266,20.3192,20.7492,20.925,21.325,21.4176,21.7,,,
2025-12-30,16.3736,18.3952,19.5318,20.2983,20.6951,20.8993,21.325,21.375,21.675,,,
2025-12-31,16.5325,18.534,19.738,20.4533,20.8497,21.025,21.425,21.4327,21.725,,,
2026-01-02,16.1271,18.2916,19.4966,20.3364,20.7391,20.9254,21.3916,21.45,21.75,,,
2026-01-05,16.4125,18.406,19.5788,20.415,20.8,20.975,21.3832,21.425,21.7,,,
2026-01-06,16.2426,18.1904,19.3993,20.2506,20.7008,20.925,21.325,21.375,21.6665,,,
2026-01-07,16.6914,18.3472,19.55,20.4018,20.8985,21.1034,21.5506,21.5982,21.8,,,
2026-01-08,16.5193,18.1492,19.2413,20.1069,20.6006,20.875,21.3251,21.425,21.75,,,
2026-01-09,16.1552,17.8657,18.9517,19.8974,20.4474,20.656,21.125,21.225,21.55,,,
2026-01-12,16.1224,17.9274,18.9073,19.8394,20.3509,20.6034,21.0966,21.2578,21.6,,,
2026-01-13,16.5992,18.3897,19.1989,20.0436,20.4592,20.6794,21.175,21.3,21.575,,,
2026-01-14,17.287,18.8191,19.5433,20.3161,20.6943,20.8871,21.3358,21.4828,21.65,,,
2026-01-15,16.5041,18.2809,19.1507,20.0113,20.4394,20.675,21.2157,21.3497,21.675,,,
2026-01-16,16.6389,18.3596,19.1599,20.0074,20.4464,20.6318,21.1772,21.3773,21.725,,,
2026-01-20,20.2228,20.3916,20.4489,20.8282,20.9956,21.0404,21.3917,21.525,21.7,,,
2026-01-21,18.4095,19.2998,19.9829,20.3982,20.6035,21.0737,21.2507,21.5628,,,,
2026-01-22,17.9803,19.0033,19.7635,20.2074,20.5009,20.983,21.2196,21.525,,,,
2026-01-23,18.346,19.2365,19.9494,20.3209,20.5992,21.0568,21.275,21.575,,,,
2026-01-26,18.2753,19.2337,20.025,20.4289,20.6871,21.175,21.375,21.65,21.5,,,
2026-01-27,18.594,19.5249,20.1905,20.5506,20.8426,21.2995,21.4722,21.725,21.875,,,
2026-01-28,18.6005,19.5362,20.2496,20.5548,20.8431,21.3378,21.5067,21.779,21.825,,,
2026-01-29,18.7805,19.6838,20.4069,20.7598,21.0496,21.5051,21.6692,21.965,22.0,,,
2026-01-30,19.0448,19.8981,20.5492,20.8492,21.1,21.6,21.7301,22.025,22.2,,,
2026-02-02,17.9118,19.0652,20.0,20.484,20.7992,21.3028,21.4766,21.825,21.975,,,
2026-02-03,18.9085,19.6359,20.3743,20.7581,21.0548,21.55,21.6952,21.9536,22.2,,,
2026-02-04,19.2928,19.8792,20.6015,20.9529,21.2491,21.7498,21.95,22.175,22.35,,,
2026-02-05,20.8475,20.8342,21.244,21.3531,21.5334,21.9985,22.1508,22.4237,22.525,,,
2026-02-06,19.1365,19.7066,20.4456,20.7951,20.9862,21.4946,21.6494,21.953,22.125,,,
2026-02-09,18.2983,19.128,20.0148,20.5002,20.7985,21.3651,21.525,21.825,22.05,,,
2026-02-10,18.8064,19.5156,20.3006,20.7508,21.0493,21.575,21.775,22.025,22.25,,,
2026-02-11,18.6671,19.4505,20.3057,20.7506,21.0131,21.5806,21.775,22.025,22.175,,,
2026-02-12,20.6575,20.6289,21.0014,21.1586,21.3493,21.8515,22.0406,22.35,22.55,,,
2026-02-13,21.029,20.8254,21.1479,21.2514,21.4023,21.8639,22.0605,22.3742,22.475,,,
2026-02-17,20.0571,20.2175,20.7009,20.9516,21.1533,21.6662,21.7626,22.1682,22.3,,,
2026-02-18,20.1587,20.7646,21.0277,21.2738,21.8293,21.9842,22.2995,22.5,,,,
2026-02-19,20.7531,21.242,21.35,21.4928,21.9999,22.1485,22.4661,22.6312,,,,
2026-02-20,20.2231,20.8381,21.029,21.2463,21.8011,21.9712,22.3715,22.599,,,,
2026-02-23,21.0977,21.4043,21.4833,21.5567,22.0501,22.1996,22.525,22.775,22.775,,,
2026-02-24,20.2524,20.9235,21.1514,21.3637,21.9463,22.0527,22.475,22.6999,21.975,,,
2026-02-25,19.4492,20.3214,20.8551,21.25,21.8103,21.966,22.325,22.55,22.025,,,
2026-02-26,19.7561,20.5453,20.9584,21.3441,21.9975,22.175,22.525,22.735,22.9,,,
2026-02-27,20.6361,21.1511,21.3964,21.625,22.1924,22.325,22.675,22.825,22.925,,,
2026-03-02,20.932,21.2758,21.4545,21.6521,22.2524,22.4509,22.775,22.9359,23.0,,,
2026-03-03,22.1056,22.0885,21.9474,21.9922,22.425,22.525,22.825,22.95,23.05,,,
2026-03-04,21.2017,21.3553,21.4703,21.6426,22.1538,22.3061,22.6425,22.8462,23.0,,,
2026-03-05,22.9737,22.4869,22.1523,22.1696,22.6426,22.7,22.9992,23.1,23.025,,,
2026-03-06,26.9657,25.0027,23.8287,23.4272,23.5167,23.4,23.5664,23.475,23.475,,,
2026-03-09,23.5673,22.9911,22.7957,22.7182,23.0616,23.1287,23.325,23.3483,23.325,,,
2026-03-10,25.0953,23.9178,23.5372,23.3577,23.605,23.525,23.6737,23.5759,23.575,,,
2026-03-11,23.5823,22.9478,22.8932,22.8433,23.1673,23.2236,23.4283,23.5242,23.55,,,
2026-03-12,25.8135,24.3687,23.848,23.5988,23.7572,23.6507,23.85,23.8358,23.575,,,
2026-03-13,26.3706,24.7996,24.0928,23.8697,23.9875,23.9066,24.0325,23.975,23.9,,,
2026-03-16,23.3145,22.99,22.8844,22.8783,23.2447,23.2643,23.4715,23.575,23.575,,,
2026-03-17,22.3122,22.7161,22.6654,22.796,23.175,23.2003,23.425,23.626,23.625,,,
2026-03-18,24.6547,24.1579,23.9278,24.0466,23.9318,24.0431,24.1651,24.0396,,,,
2026-03-19,23.9468,23.5295,23.5487,23.8003,23.8006,23.9481,24.1006,24.05,,,,
2026-03-20,25.7467,24.7511,24.367,24.4545,24.3012,24.4272,24.4549,24.3042,,,,
2026-03-23,24.3024,23.6039,23.4009,23.5468,23.5495,23.6506,23.775,23.675,23.675,,,
2026-03-24,24.9404,24.1512,23.8423,23.8887,23.7462,23.85,24.0,23.8515,23.8515,,,
2026-03-25,24.2885,23.8017,23.551,23.6968,23.6417,23.825,24.024,23.9496,23.9496,,,
2026-03-26,26.2588,25.0986,24.5493,24.3952,24.13,24.1496,24.2882,23.975,23.85,,,
2026-03-27,28.49,26.4912,25.6843,25.3,24.9184,24.7818,24.8993,24.425,24.075,,,
2026-03-30,28.2082,26.4497,25.7,25.3519,24.9545,24.791,24.875,24.4163,24.05,,,
2026-03-31,25.0224,24.412,24.2627,24.4093,24.3003,24.35,24.5,24.1285,23.8108,,,
2026-04-01,24.4503,23.9092,23.7513,23.8982,23.8455,23.9034,24.1484,23.8886,23.575,,,
2026-04-02,24.4806,23.9468,23.6978,23.825,23.6692,23.725,23.9,23.65,23.325,,,
2026-04-06,23.843,23.3132,23.275,23.532,23.5406,23.6653,23.8794,23.7032,23.3,,,
2026-04-07,24.9752,23.9995,23.5985,23.7045,23.6074,23.7369,23.9374,23.7421,23.525,,,
2026-04-08,21.6653,21.9085,22.0772,22.5195,22.6014,22.8944,23.0959,23.0519,23.025,,,
2026-04-09,20.2766,21.2162,21.607,22.1403,22.325,22.6755,22.975,22.95,22.775,,,
2026-04-10,20.4077,21.5654,21.8536,22.3728,22.45,22.7908,23.075,23.0,22.9044,,,
2026-04-13,19.304,20.7147,21.1547,21.8378,22.0444,22.4304,22.8129,22.7923,22.72,,,
2026-04-14,18.5981,20.4795,20.8979,21.649,21.9009,22.3165,22.725,22.762,22.65,,,
2026-04-15,20.5903,21.079,21.7102,21.9922,22.3925,22.7994,22.825,22.825,,,,
2026-04-16,20.4999,21.021,21.65,21.925,22.3491,22.7372,22.775,22.725,,,,
2026-04-17,20.2916,20.945,21.6115,21.8505,22.2577,22.6651,22.6938,22.675,,,,
2026-04-20,20.5949,21.2929,21.9411,22.1072,22.5058,22.8974,22.9106,22.8182,,,,
2026-04-21,20.9532,21.5196,22.1492,22.3009,22.6738,23.0,22.975,22.925,,,,
2026-04-22,20.6508,21.3167,21.9563,22.1967,22.5076,22.8674,22.8262,22.775,,,,
2026-04-23,20.6595,21.3194,21.9546,22.2092,22.5546,22.875,22.8749,22.7687,,,,
2026-04-24,20.8574,21.5145,22.134,22.2935,22.565,22.8794,22.877,22.7285,,,,
2026-04-27,20.0502,21.0997,21.9461,22.1997,22.5694,23.0,22.9696,22.825,,,,
2026-04-28,19.7201,20.7805,21.725,22.0042,22.4653,22.875,22.875,22.775,,,,
2026-04-29,20.2515,21.1753,21.9442,22.1941,22.534,22.925,22.9354,22.8498,,,,
2026-04-30,19.4774,20.6453,21.5556,21.85,22.225,22.675,22.6864,22.6,,,,
2026-05-01,19.6928,20.7897,21.6363,21.8827,22.225,22.6581,22.675,22.5755,,,,
2026-05-04,19.9531,21.045,21.8578,22.125,22.4218,22.825,22.825,22.7248,,,,
2026-05-05,19.7775,21.0615,21.994,22.2148,22.5419,22.9,22.925,22.825,,,,
2026-05-06,19.3268,20.6964,21.6287,21.9174,22.2913,22.7233,22.7326,22.625,,,,
2026-05-07,19.0668,20.5952,21.5683,21.855,22.1997,22.625,22.625,22.5066,,,,
2026-05-08,19.2159,20.6846,21.6931,21.9683,22.3345,22.7412,22.7609,22.55,,,,
2026-05-11,19.4709,20.99,21.9478,22.225,22.5121,22.925,22.975,22.775,,,,
2026-05-12,19.0069,20.5673,21.65,21.959,22.3513,22.825,22.8946,22.725,,,,
2026-05-13,19.0526,20.9198,21.9915,22.25,22.5766,23.0721,23.1292,22.9364,,,,
2026-05-14,18.3627,20.5377,21.7895,22.1917,22.4993,23.0309,23.0512,22.85,,,,
2026-05-15,19.106,20.6563,21.8259,22.2302,22.575,23.0706,23.025,22.775,,,,
2026-05-18,17.6228,20.281,21.5723,22.0921,22.5004,23.0,23.0008,22.7212,,,,
2026-05-19,20.4174,21.7247,22.1966,22.5276,22.9981,22.9565,22.675,,,,,
2026-05-20,19.9922,21.491,21.9483,22.325,22.8482,22.825,22.575,,,,,
2026-05-21,19.3516,21.129,21.675,22.1,22.6077,22.6,22.425,,,,,
2026-05-22,19.5327,21.2031,21.7998,22.1961,22.7284,22.7002,22.518,,,,,
2026-05-26,18.8709,20.7092,21.4475,21.925,22.4627,22.4995,22.35,,,,,
2026-05-27,18.3995,20.4518,21.2,21.7057,22.3173,22.3089,22.175,,,,,
2026-05-28,17.9751,20.2218,21.05,21.5825,22.2582,22.25,22.1047,,,,,
2026-05-29,17.5883,19.9449,20.8425,21.4,22.1243,22.125,21.975,,,,,
2026-06-01,18.0701,20.4065,21.2214,21.7163,22.325,22.35,22.1413,,,,,
2026-06-02,17.6984,20.2431,21.1025,21.6631,22.2994,22.2796,22.075,,,,,
2026-06-03,17.6055,20.3183,21.2497,21.7692,22.4008,22.4,22.225,,,,,
2026-06-04,16.997,19.6678,20.7996,21.475,22.1709,22.2471,22.025,,,,,
2026-06-05,19.1698,20.4832,21.1793,21.775,22.377,22.3949,22.1011,,,,,
2026-06-08,18.7394,20.1442,20.9498,21.5038,22.1077,22.1774,21.9751,,,,,
2026-06-09,19.0027,20.5199,21.1545,21.6951,22.2515,22.325,22.156,,,,,
2026-06-10,20.6899,21.4626,21.8507,22.1764,22.5997,22.5995,22.4,,,,,
2026-06-11,19.2403,20.4894,21.201,21.7018,22.2,22.205,22.025,,,,,
2026-06-12,17.9717,19.6632,20.7014,21.3794,21.925,22.075,21.975,,,,,
2026-06-15,16.1117,18.36,19.7563,20.6482,21.3998,21.6493,21.625,,,,,
2026-06-16,16.1227,18.4177,19.827,20.7353,21.5388,21.7926,21.7971,,,,,
2026-06-17,19.255,20.3117,21.0532,21.7933,22.005,21.9735,,,,,,
2026-06-18,18.4931,19.9209,20.675,21.4074,21.684,21.6852,,,,,,
2026-06-22,18.4508,19.6583,20.4978,21.2632,21.5615,21.6189,,,,,,
2026-06-23,19.5058,20.2839,20.8242,21.4538,21.6627,21.6186,,,,,,
2026-06-24,19.4291,20.1412,20.6949,21.3003,21.49,21.475,,,,,,
2026-06-25,19.1066,19.8393,20.4242,21.0067,21.225,21.175,,,,,,
2026-06-26,19.0598,19.8178,20.4315,21.0124,21.2173,21.175,,,,,,
2026-06-29,18.415,19.2634,20.0277,20.7081,20.9669,20.9807,,,,,,
2026-06-30,17.9507,18.949,19.7061,20.4355,20.6769,20.7041,,,,,,
2026-07-01,18.1033,19.0954,19.7654,20.4532,20.7432,20.725,,,,,,
2026-07-02,17.9017,18.9641,19.7416,20.4017,20.7007,20.75,,,,,,
2026-07-06,17.2517,18.6039,19.5502,20.2819,20.5974,20.572,,,,,,
